wall_time,step,loss
1785277040.008678,1,8.913049697875977
1785277040.2555969,2,8.947616577148438
1785277040.5169656,3,8.526382446289062
1785277040.7729142,4,8.850950241088867
1785277041.04297,5,8.453192710876465
1785277041.311145,6,8.833919525146484
1785277041.54796,7,8.71159553527832
1785277041.8149624,8,8.773157119750977
1785277042.0548382,9,8.632789611816406
1785277042.3041248,10,8.80231761932373
1785277042.5567856,11,8.347272872924805
1785277042.8068328,12,8.220093727111816
1785277043.058805,13,8.575353622436523
1785277043.3078387,14,8.20485782623291
1785277043.547613,15,8.090537071228027
1785277043.811195,16,8.45249080657959
1785277044.054741,17,8.278005599975586
1785277044.2984903,18,7.962997913360596
1785277044.5378478,19,8.415772438049316
1785277044.7709827,20,8.084993362426758
1785277045.0198946,21,8.254859924316406
1785277045.2635736,22,7.229677200317383
1785277045.504472,23,7.085909843444824
1785277045.7510371,24,7.931191921234131
1785277045.987469,25,8.401634216308594
1785277046.2360454,26,8.567643165588379
1785277046.4710288,27,7.572211265563965
1785277046.7175064,28,7.654892444610596
1785277046.9640515,29,6.863659381866455
1785277047.1979756,30,7.5552978515625
1785277047.432394,31,7.346494674682617
1785277047.6695511,32,6.897940158843994
1785277047.909092,33,6.650898456573486
1785277048.137281,34,7.479631423950195
1785277048.36387,35,7.205370903015137
1785277048.5925825,36,6.9005327224731445
1785277048.837801,37,6.649964332580566
1785277049.0683637,38,7.219132900238037
1785277049.2989223,39,7.008673667907715
1785277049.5527859,40,6.715798377990723
1785277049.7877288,41,6.111171722412109
1785277050.0190449,42,6.761235237121582
1785277050.2482696,43,7.200334548950195
1785277050.4771926,44,6.694864273071289
1785277050.711609,45,6.555411338806152
1785277050.9429278,46,6.186249732971191
1785277051.172492,47,6.685947895050049
1785277051.4042544,48,6.688488960266113
1785277051.6316538,49,5.673714637756348
1785277051.8625457,50,6.721436023712158
1785277052.1052592,51,6.73626708984375
1785277052.346665,52,6.75959587097168
1785277052.5990386,53,6.644580364227295
1785277052.8436167,54,6.457389831542969
1785277053.099082,55,6.045961856842041
1785277053.3701177,56,6.029348850250244
1785277053.6254587,57,5.7591657638549805
1785277053.868682,58,6.6014180183410645
1785277054.1065483,59,6.359554767608643
1785277054.3674781,60,6.447039604187012
1785277054.6134763,61,6.54382848739624
1785277054.8637567,62,6.665951251983643
1785277055.0998836,63,5.330268383026123
1785277055.3679411,64,5.961511611938477
1785277055.606855,65,6.138312339782715
1785277055.8455448,66,6.154473304748535
1785277056.086122,67,6.060652256011963
1785277056.340318,68,5.683793544769287
1785277056.5899165,69,5.492552757263184
1785277056.8289893,70,6.258944511413574
1785277057.091692,71,6.065345287322998
1785277057.329208,72,6.888504981994629
1785277057.5654883,73,5.977059841156006
1785277057.8044958,74,5.8335161209106445
1785277058.0655603,75,5.418875217437744
1785277058.3239841,76,5.982149600982666
1785277058.5600383,77,5.971823692321777
1785277058.8066483,78,5.168203830718994
1785277059.0780559,79,6.31449556350708
1785277059.3322558,80,5.872600078582764
1785277059.573233,81,6.2307329177856445
1785277059.812915,82,4.6139960289001465
1785277060.0578232,83,5.540832042694092
1785277060.2963533,84,5.599610328674316
1785277060.5466363,85,5.5596699714660645
1785277060.781073,86,5.504702568054199
1785277061.0255256,87,6.247142314910889
1785277061.279488,88,6.048510551452637
1785277061.522515,89,4.985631942749023
1785277061.792042,90,6.111704349517822
1785277062.034713,91,5.740773677825928
1785277062.2798376,92,5.704191207885742
1785277062.5331068,93,5.157493591308594
1785277062.7786565,94,5.933254241943359
1785277063.0269818,95,6.547677993774414
1785277063.2955937,96,6.043647766113281
1785277063.5527682,97,6.019439697265625
1785277063.8001552,98,6.459418773651123
1785277064.0310156,99,5.9739274978637695
1785277064.268754,100,5.80711555480957
1785277064.5030062,101,5.789902210235596
1785277064.7460055,102,5.451539516448975
1785277064.9834976,103,5.212601184844971
1785277065.2318568,104,5.3696417808532715
1785277065.4701602,105,5.396833896636963
1785277065.7016296,106,5.787125587463379
1785277065.936439,107,3.880547523498535
1785277066.1914685,108,5.801069259643555
1785277066.4350188,109,5.261049270629883
1785277066.6748228,110,5.1763105392456055
1785277066.9325695,111,5.571914196014404
1785277067.169613,112,5.4189910888671875
1785277067.4088407,113,5.834997653961182
1785277067.6530406,114,5.842289447784424
1785277067.896936,115,5.953766822814941
1785277068.1329474,116,5.680552005767822
1785277068.3803058,117,5.109400272369385
1785277068.6200445,118,5.405335426330566
1785277068.8631017,119,5.452752113342285
1785277069.1006804,120,5.650695323944092
1785277069.3687067,121,4.677085876464844
1785277069.611125,122,5.154996871948242
1785277069.874874,123,5.064079284667969
1785277070.1121318,124,5.919468879699707
1785277070.346785,125,5.056172847747803
1785277070.5843976,126,5.1131591796875
1785277070.8247135,127,5.321898460388184
1785277071.0659952,128,6.262625217437744
1785277071.328395,129,4.546113967895508
1785277071.5750556,130,5.916534423828125
1785277071.8082395,131,5.776802062988281
1785277072.056062,132,5.4656476974487305
1785277072.2935002,133,5.347168922424316
1785277072.5356376,134,4.967766284942627
1785277072.7771251,135,5.710387706756592
1785277073.0288808,136,5.360780239105225
1785277073.268259,137,5.289938926696777
1785277073.5134366,138,5.041895389556885
1785277073.756119,139,5.434814929962158
1785277074.0092483,140,4.747064113616943
1785277074.2510636,141,4.795642852783203
1785277074.4897516,142,5.605827331542969
1785277074.7383204,143,4.396409034729004
1785277074.9736667,144,7.246432781219482
1785277075.230112,145,5.117218017578125
1785277075.4664485,146,5.380384922027588
1785277075.7005067,147,5.113678455352783
1785277075.9398315,148,4.572943210601807
1785277076.1743731,149,4.465654373168945
1785277076.4239254,150,4.814124584197998
1785277076.6705613,151,4.813330173492432
1785277076.9100108,152,4.747342109680176
1785277077.145593,153,5.694952011108398
1785277077.403546,154,5.2869720458984375
1785277077.6478255,155,5.442882537841797
1785277077.8880618,156,4.888960838317871
1785277078.1331599,157,5.563086032867432
1785277078.4040415,158,6.09130859375
1785277078.648494,159,3.9655895233154297
1785277078.8883998,160,5.821950912475586
1785277079.1267912,161,5.479110240936279
1785277079.376585,162,5.834545612335205
1785277079.619428,163,4.520036697387695
1785277079.858261,164,4.827807903289795
1785277080.0937014,165,5.063562870025635
1785277080.3314676,166,5.025705337524414
1785277080.5865645,167,4.413228988647461
1785277080.822578,168,4.815208911895752
1785277081.0686228,169,3.929661273956299
1785277081.338411,170,4.870657920837402
1785277081.6005044,171,5.4524102210998535
1785277081.8574939,172,5.162532329559326
1785277082.1311255,173,5.959132194519043
1785277082.3758311,174,4.443741798400879
1785277082.617253,175,5.08470344543457
1785277082.858963,176,4.745075702667236
1785277083.0933046,177,4.183416366577148
1785277083.348263,178,5.423320770263672
1785277083.5978196,179,4.940627098083496
1785277083.8531737,180,4.17681360244751
1785277084.1045718,181,5.618662357330322
1785277084.3631427,182,4.425838470458984
1785277084.6189506,183,4.698652267456055
1785277084.8734605,184,4.981592178344727
1785277085.121231,185,5.447811603546143
1785277085.3660088,186,4.672415733337402
1785277085.6035106,187,4.568936347961426
1785277085.8506238,188,4.559110164642334
1785277086.0896227,189,4.621773719787598
1785277086.3301282,190,5.524883270263672
1785277086.5645409,191,5.890247344970703
1785277086.8090882,192,5.631894588470459
1785277087.049066,193,6.400973796844482
1785277087.2930417,194,5.270663261413574
1785277087.541029,195,5.504360675811768
1785277087.7775517,196,5.725275993347168
1785277088.01858,197,5.015602111816406
1785277088.2543223,198,5.49448299407959
1785277088.4880986,199,5.6767048835754395
1785277088.7249475,200,4.730294227600098
1785277088.9617164,201,4.922405242919922
1785277089.2310855,202,6.04374885559082
1785277089.4721098,203,5.848404884338379
1785277089.72001,204,5.251380920410156
1785277089.957038,205,5.518933296203613
1785277090.1990173,206,3.2240195274353027
1785277090.4530997,207,4.814965724945068
1785277090.6943307,208,5.240511894226074
1785277090.9367414,209,4.820635795593262
1785277091.1890485,210,6.398181438446045
1785277091.4616354,211,4.953798770904541
1785277091.6971643,212,5.138487815856934
1785277091.9268274,213,5.185695648193359
1785277092.1629963,214,4.387307167053223
1785277092.3913586,215,4.244048118591309
1785277092.6289356,216,4.8218994140625
1785277092.8607733,217,5.21288537979126
1785277093.1056378,218,4.681517601013184
1785277093.3560524,219,4.799225807189941
1785277093.598721,220,4.495108604431152
1785277093.8466058,221,4.815037250518799
1785277094.0801244,222,3.345865249633789
1785277094.3170407,223,5.8932719230651855
1785277094.563654,224,4.316099166870117
1785277094.802485,225,5.905556678771973
1785277095.0761676,226,4.668839454650879
1785277095.310425,227,5.618766784667969
1785277095.5498302,228,4.61436128616333
1785277095.7934875,229,4.598329544067383
1785277096.0389287,230,4.289041042327881
1785277096.281086,231,5.193765640258789
1785277096.5370588,232,4.074290752410889
1785277096.7749221,233,4.398593425750732
1785277097.0181413,234,5.483760833740234
1785277097.2573566,235,4.969425201416016
1785277097.5152926,236,3.667724847793579
1785277097.757987,237,4.370786190032959
1785277097.994701,238,4.907906532287598
1785277098.2340746,239,7.516112327575684
1785277098.4860973,240,5.450555801391602
1785277098.7220528,241,4.592026233673096
1785277098.970071,242,5.349462509155273
1785277099.2050364,243,4.162603855133057
1785277099.4400384,244,4.333105564117432
1785277099.6839406,245,4.694397926330566
1785277099.9220445,246,3.974435806274414
1785277100.1660788,247,5.196124076843262
1785277100.402812,248,3.8757081031799316
1785277100.6414523,249,4.522204875946045
1785277100.8831103,250,5.141610145568848
1785277101.1280687,251,4.8173828125
1785277101.3612893,252,5.400702476501465
1785277101.6079705,253,5.3204522132873535
1785277101.8476288,254,3.827584981918335
1785277102.0876503,255,5.050595283508301
1785277102.3163025,256,4.7911529541015625
1785277102.545442,257,4.57973575592041
1785277102.7900364,258,4.7534050941467285
1785277103.0266159,259,3.5516915321350098
1785277103.2735543,260,4.934036731719971
1785277103.5114207,261,4.780831336975098
1785277103.7515473,262,4.957403182983398
1785277103.995324,263,3.696592330932617
1785277104.232618,264,4.609090328216553
1785277104.4895833,265,4.778998851776123
1785277104.7271178,266,5.964359283447266
1785277104.9600337,267,5.42332649230957
1785277105.2124615,268,5.329794883728027
1785277105.4480383,269,4.432910442352295
1785277105.6845162,270,5.423864364624023
1785277105.9359255,271,5.671586036682129
1785277106.1775296,272,5.2085161209106445
1785277106.4150362,273,4.268924713134766
1785277106.6511805,274,4.261998176574707
1785277106.8850121,275,3.95529842376709
1785277107.1413517,276,4.916245937347412
1785277107.3960547,277,4.220587253570557
1785277107.6309288,278,3.695688009262085
1785277107.8777175,279,5.760360240936279
1785277108.113319,280,4.382481098175049
1785277108.3480062,281,4.950959205627441
1785277108.5861015,282,4.021047115325928
1785277108.8183408,283,4.012414932250977
1785277109.0678895,284,5.046084403991699
1785277109.2997987,285,4.984694480895996
1785277109.5538871,286,5.008739948272705
1785277109.7853343,287,4.920365810394287
1785277110.0151646,288,4.836918830871582
1785277110.2492306,289,5.434847831726074
1785277110.4788296,290,4.865032196044922
1785277110.7095635,291,5.562100887298584
1785277110.9392521,292,4.372333526611328
1785277111.1712005,293,4.550163269042969
1785277111.4008403,294,4.815371513366699
1785277111.6474714,295,5.208465576171875
1785277111.878879,296,5.4514923095703125
1785277112.1166077,297,5.317628383636475
1785277112.3512547,298,4.578619003295898
1785277112.5884838,299,5.0962324142456055
1785277112.8221092,300,4.63572883605957
1785277113.0590537,301,4.141128063201904
1785277113.30696,302,5.708662033081055
1785277113.5501854,303,4.349334716796875
1785277113.789012,304,4.877364158630371
1785277114.0239458,305,4.743781089782715
1785277114.2580504,306,3.5977203845977783
1785277114.4891834,307,3.9382193088531494
1785277114.7319832,308,5.057989120483398
1785277114.9742796,309,3.8425498008728027
1785277115.2134593,310,5.472137451171875
1785277115.4421904,311,5.804292678833008
1785277115.6780233,312,4.279290199279785
1785277115.9147477,313,4.421585559844971
1785277116.1442509,314,5.295876502990723
1785277116.3763072,315,4.838365077972412
1785277116.6325772,316,5.970975399017334
1785277116.868999,317,3.988929271697998
1785277117.1231976,318,5.472218036651611
1785277117.4211273,319,4.515837669372559
1785277117.6846309,320,5.492087364196777
1785277117.9215457,321,4.084663391113281
1785277118.165472,322,3.8860301971435547
1785277118.4126575,323,4.77729606628418
1785277118.6496942,324,5.497525215148926
1785277118.899982,325,4.0930376052856445
1785277119.151269,326,3.6974494457244873
1785277119.3993628,327,5.065569877624512
1785277119.635264,328,4.814914226531982
1785277119.8914642,329,4.734447002410889
1785277120.1265697,330,4.374094009399414
1785277120.3631122,331,4.393163204193115
1785277120.6069915,332,4.220188140869141
1785277120.866037,333,2.7708845138549805
1785277121.1347883,334,5.613255500793457
1785277121.3810635,335,4.830593109130859
1785277121.6197057,336,4.085763931274414
1785277121.8765957,337,3.1307995319366455
1785277122.1387672,338,4.8538289070129395
1785277122.404318,339,4.650862216949463
1785277122.6626632,340,5.5184197425842285
1785277122.9060037,341,5.113453388214111
1785277123.162709,342,4.1440348625183105
1785277123.411193,343,5.555173873901367
1785277123.6564465,344,5.299872875213623
1785277123.8953452,345,5.187190055847168
1785277124.1328332,346,4.723466396331787
1785277124.388645,347,3.3857522010803223
1785277124.6340258,348,5.046047687530518
1785277124.8750644,349,5.074305057525635
1785277125.1085203,350,4.045759677886963
1785277125.3539395,351,5.621124744415283
1785277125.5956671,352,5.375778675079346
1785277125.840397,353,4.451337814331055
1785277126.081139,354,4.956732749938965
1785277126.328646,355,5.317896842956543
1785277126.5623965,356,4.677793979644775
1785277126.8060434,357,4.537304878234863
1785277127.0531166,358,4.131786346435547
1785277127.304763,359,4.072181224822998
1785277127.5489583,360,3.5698208808898926
1785277127.787943,361,3.717531681060791
1785277128.0322022,362,6.01729154586792
1785277128.2761362,363,4.942654609680176
1785277128.5245311,364,4.374903202056885
1785277128.7916353,365,4.23598575592041
1785277129.049153,366,4.5551042556762695
1785277129.308085,367,4.486063480377197
1785277129.564253,368,4.081241607666016
1785277129.82305,369,4.363886833190918
1785277130.059452,370,4.440367698669434
1785277130.3194811,371,4.245974063873291
1785277130.5815005,372,4.680599689483643
1785277130.8372195,373,4.2354230880737305
1785277131.1033106,374,3.870051383972168
1785277131.3465335,375,4.897272109985352
1785277131.5883503,376,5.175840854644775
1785277131.8299985,377,4.786871910095215
1785277132.0783024,378,4.541333198547363
1785277132.3297777,379,3.8964223861694336
1785277132.5676222,380,4.832718849182129
1785277132.8041835,381,4.712328910827637
1785277133.0521026,382,3.812054395675659
1785277133.3024275,383,5.013413429260254
1785277133.548162,384,5.305710792541504
1785277133.7860107,385,4.929342269897461
1785277134.0301955,386,4.1706438064575195
1785277134.2747486,387,5.148053169250488
1785277134.5191572,388,4.1250739097595215
1785277134.7800815,389,3.94449782371521
1785277135.0350707,390,3.106400728225708
1785277135.296628,391,4.332587242126465
1785277135.543821,392,4.24160099029541
1785277135.7842517,393,3.9056077003479004
1785277136.0416317,394,4.3581132888793945
1785277136.2895648,395,4.003879547119141
1785277136.5320945,396,4.585309982299805
1785277136.7869911,397,4.662689685821533
1785277137.0260851,398,3.6224961280822754
1785277137.2720284,399,4.10841703414917
1785277137.5244997,400,4.80815315246582
1785277137.7651927,401,4.188248157501221
1785277138.0138264,402,5.5815606117248535
1785277138.2621891,403,3.9597272872924805
1785277138.5188081,404,4.962987422943115
1785277138.7634578,405,3.774899482727051
1785277139.0038059,406,4.590396881103516
1785277139.2448046,407,4.304317474365234
1785277139.4872737,408,4.76688814163208
1785277139.725337,409,3.7962605953216553
1785277139.9630861,410,4.111727237701416
1785277140.2058406,411,4.172929286956787
1785277140.44894,412,4.834643840789795
1785277140.696896,413,4.36435604095459
1785277140.9458225,414,3.4883358478546143
1785277141.1906676,415,4.139023780822754
1785277141.4348671,416,4.377858638763428
1785277141.6736372,417,5.373429298400879
1785277141.9234414,418,4.089771747589111
1785277142.1691391,419,3.9963908195495605
1785277142.4070196,420,4.1613616943359375
1785277142.6443555,421,4.146871566772461
1785277142.885602,422,4.891302585601807
1785277143.1399915,423,3.462660789489746
1785277143.380939,424,3.96712327003479
1785277143.6234722,425,4.248237133026123
1785277143.8600228,426,4.020393371582031
1785277144.1016822,427,4.114109992980957
1785277144.352849,428,3.8247714042663574
1785277144.6028903,429,3.8986823558807373
1785277144.851274,430,4.842988014221191
1785277145.0975988,431,4.598172664642334
1785277145.346837,432,4.730135917663574
1785277145.5927987,433,4.317167282104492
1785277145.8351014,434,3.3647048473358154
1785277146.097859,435,4.41453742980957
1785277146.3428903,436,5.424973964691162
1785277146.5919824,437,3.926663637161255
1785277146.8526974,438,3.832163095474243
1785277147.1349194,439,4.361312389373779
1785277147.3847637,440,4.506207466125488
1785277147.636469,441,4.448392391204834
1785277147.903588,442,2.7224326133728027
1785277148.1488237,443,4.368115425109863
1785277148.4003239,444,2.9484376907348633
1785277148.6572163,445,4.208986759185791
1785277148.9079266,446,3.1291379928588867
1785277149.1611505,447,4.957181930541992
1785277149.4218853,448,3.7437143325805664
1785277149.6720297,449,3.5935022830963135
1785277149.930373,450,5.658465385437012
1785277150.1792471,451,4.318627834320068
1785277150.4255235,452,4.407435894012451
1785277150.6818624,453,4.072932243347168
1785277150.9359248,454,4.3128533363342285
1785277151.2308724,455,4.404963493347168
1785277151.4899611,456,3.6002955436706543
1785277151.7462592,457,5.157989025115967
1785277152.017692,458,4.3960041999816895
1785277152.2691915,459,2.726694107055664
1785277152.5368679,460,4.0211358070373535
1785277152.7992022,461,4.404506683349609
1785277153.0516455,462,4.608838081359863
1785277153.317021,463,5.055322647094727
1785277153.581647,464,3.76104736328125
1785277153.8246624,465,3.908088207244873
1785277154.0988743,466,5.179806232452393
1785277154.3443239,467,4.019495964050293
1785277154.5979488,468,4.430042266845703
1785277154.8585632,469,3.376283884048462
1785277155.1082437,470,3.688816547393799
1785277155.3676958,471,3.2772960662841797
1785277155.6163137,472,5.102766513824463
1785277155.8683321,473,3.5249650478363037
1785277156.1119373,474,2.966887950897217
1785277156.3531694,475,3.5640106201171875
1785277156.5948372,476,5.408674716949463
1785277156.8430288,477,5.718940734863281
1785277157.0915394,478,2.795206069946289
1785277157.3374035,479,4.913878440856934
1785277157.6129825,480,3.998920440673828
1785277157.8564463,481,3.700864553451538
1785277158.1284192,482,4.620754718780518
1785277158.367481,483,4.096561431884766
1785277158.6141512,484,4.461691379547119
1785277158.8556697,485,3.9907658100128174
1785277159.1610358,486,3.8628363609313965
1785277159.4469483,487,3.9754927158355713
1785277159.696307,488,4.883128643035889
1785277159.9383273,489,4.223529815673828
1785277160.1814382,490,3.4703433513641357
1785277160.4324222,491,3.408348798751831
1785277160.677251,492,4.021218776702881
1785277160.9416275,493,3.213526964187622
1785277161.2070346,494,3.876499652862549
1785277161.4860826,495,4.276126861572266
1785277161.7274249,496,4.121247291564941
1785277161.9735746,497,3.9113309383392334
1785277162.218294,498,4.475220680236816
1785277162.4648986,499,5.132317066192627
1785277162.7287965,500,6.110455513000488
1785277162.9913476,501,4.621484756469727
1785277163.2418296,502,4.1406941413879395
1785277163.4809816,503,4.237950325012207
1785277163.7228343,504,5.2219133377075195
1785277164.0239828,505,4.35934591293335
1785277164.2887099,506,4.662998676300049
1785277164.5312412,507,4.185798645019531
1785277164.7905731,508,4.956648826599121
1785277165.0451405,509,5.200733661651611
1785277165.2927294,510,4.819108486175537
1785277165.5364487,511,4.8550543785095215
1785277165.7916946,512,4.155190944671631
1785277166.0331676,513,4.759547233581543
1785277166.2819254,514,4.572070121765137
1785277166.5213523,515,4.433491230010986
1785277166.7747562,516,3.7647829055786133
1785277167.0207639,517,5.316082954406738
1785277167.2912586,518,4.618897438049316
1785277167.5509098,519,5.033283233642578
1785277167.80535,520,3.864962100982666
1785277168.0660555,521,4.385932922363281
1785277168.3196917,522,5.256572246551514
1785277168.5616095,523,3.3488667011260986
1785277168.8327782,524,3.482266426086426
1785277169.0900018,525,2.9810500144958496
1785277169.3458824,526,5.0957536697387695
1785277169.598352,527,4.268091201782227
1785277169.8409126,528,3.2842650413513184
1785277170.0853164,529,5.611313343048096
1785277170.3368952,530,5.338199615478516
1785277170.5908551,531,4.0924072265625
1785277170.8335106,532,5.177675247192383
1785277171.0898552,533,3.5382938385009766
1785277171.338441,534,5.213520526885986
1785277171.5908728,535,2.528421401977539
1785277171.832076,536,4.00532865524292
1785277172.080668,537,4.525304794311523
1785277172.3394313,538,4.205296516418457
1785277172.5851297,539,4.887898921966553
1785277172.8308525,540,4.972796440124512
1785277173.0752864,541,4.568437576293945
1785277173.3348303,542,3.047415256500244
1785277173.57905,543,5.0194902420043945
1785277173.8226066,544,4.408857345581055
1785277174.0897908,545,3.463853597640991
1785277174.33534,546,4.521879196166992
1785277174.574143,547,3.4602789878845215
1785277174.822173,548,3.139834403991699
1785277175.0723965,549,4.303165435791016
1785277175.3261263,550,5.449664115905762
1785277175.5682752,551,3.464329242706299
1785277175.8354645,552,4.797141075134277
1785277176.079429,553,4.023554801940918
1785277176.331904,554,4.309366226196289
1785277176.5965972,555,4.066079139709473
1785277176.8583205,556,2.3861515522003174
1785277177.1039288,557,3.6324357986450195
1785277177.3745315,558,4.618027687072754
1785277177.6324928,559,3.0830202102661133
1785277177.8851955,560,4.894595623016357
1785277178.132307,561,4.187848091125488
1785277178.4072297,562,3.3809523582458496
1785277178.67871,563,4.839331150054932
1785277178.9386075,564,3.7040939331054688
1785277179.1871433,565,4.0968194007873535
1785277179.4399958,566,5.10280704498291
1785277179.6886408,567,3.8523359298706055
1785277179.935444,568,3.658189296722412
1785277180.1927688,569,3.962069511413574
1785277180.4477804,570,5.822717666625977
1785277180.698088,571,4.305967330932617
1785277180.957624,572,6.39081335067749
1785277181.2412431,573,2.284417152404785
1785277181.5126183,574,3.855215311050415
1785277181.7927742,575,4.409780502319336
1785277182.0570047,576,3.474128246307373
1785277182.314403,577,3.301114797592163
1785277182.5672717,578,3.4967241287231445
1785277182.8202415,579,4.324438095092773
1785277183.0842714,580,5.10092306137085
1785277183.3700144,581,3.8160548210144043
1785277183.648309,582,4.125391006469727
1785277183.9189894,583,5.998866558074951
1785277184.2071137,584,4.008111000061035
1785277184.4619155,585,3.4456286430358887
1785277184.7232044,586,5.042294979095459
1785277184.997422,587,5.35517692565918
1785277185.256718,588,2.6937599182128906
1785277185.5092275,589,5.823490142822266
1785277185.759671,590,4.761218070983887
1785277186.0107138,591,3.4122109413146973
1785277186.2690504,592,5.541195392608643
1785277186.5109582,593,3.5131471157073975
1785277186.7606778,594,3.53456974029541
1785277187.021643,595,4.849698066711426
1785277187.2908185,596,3.262939453125
1785277187.565095,597,4.420708656311035
1785277187.8418164,598,4.971738815307617
1785277188.1045463,599,4.941126346588135
1785277188.3711298,600,5.558661937713623
1785277188.6470995,601,4.553281784057617
1785277188.9200308,602,3.8864309787750244
1785277189.1942055,603,2.94289493560791
1785277189.4508884,604,3.6629996299743652
1785277189.7119966,605,3.2219810485839844
1785277189.967593,606,3.1909029483795166
1785277190.2144992,607,4.355794906616211
1785277190.4745703,608,3.6439108848571777
1785277190.7322693,609,4.591522693634033
1785277190.9770179,610,4.604485988616943
1785277191.253886,611,3.6077017784118652
1785277191.5089753,612,4.678418159484863
1785277191.7651205,613,3.9874799251556396
1785277192.0275745,614,3.0937836170196533
1785277192.310359,615,4.260566711425781
1785277192.5637786,616,4.758974552154541
1785277192.8081722,617,5.280963897705078
1785277193.058232,618,3.2178561687469482
1785277193.3094308,619,4.047602653503418
1785277193.5599341,620,2.446117639541626
1785277193.8059447,621,3.283176898956299
1785277194.0627356,622,3.8379392623901367
1785277194.3091836,623,3.982693672180176
1785277194.5700493,624,5.174264907836914
1785277194.8290784,625,5.060340404510498
1785277195.0961933,626,3.724998712539673
1785277195.3573117,627,4.970505237579346
1785277195.6590762,628,4.324696063995361
1785277195.9151182,629,5.295616626739502
1785277196.1771717,630,4.11511754989624
1785277196.422888,631,4.960424900054932
1785277196.675076,632,4.228188514709473
1785277196.9353554,633,5.127353668212891
1785277197.1894286,634,4.381462574005127
1785277197.4674094,635,3.9456794261932373
1785277197.7569563,636,3.884263753890991
1785277198.0253742,637,4.3303446769714355
1785277198.2871802,638,4.053574562072754
1785277198.5510192,639,4.240220069885254
1785277198.8044965,640,3.6028852462768555
1785277199.0578494,641,4.1497697830200195
1785277199.3266969,642,2.773911476135254
1785277199.575983,643,4.045290946960449
1785277199.8237324,644,4.495617389678955
1785277200.0831332,645,3.727389335632324
1785277200.343007,646,4.342366695404053
1785277200.9152586,647,4.1818742752075195
1785277201.1791086,648,5.116647243499756
1785277201.429557,649,4.521231651306152
1785277201.679653,650,3.19545841217041
1785277201.932096,651,5.366013526916504
1785277202.1872737,652,3.543452262878418
1785277202.4449868,653,4.205297470092773
1785277202.698985,654,2.322950839996338
1785277202.949087,655,5.094498634338379
1785277203.198994,656,4.296720504760742
1785277203.4557447,657,4.389830589294434
1785277203.7072053,658,3.5657119750976562
1785277203.9582162,659,2.6762073040008545
1785277204.2225423,660,3.5340585708618164
1785277204.4793882,661,5.259134292602539
1785277204.7428675,662,3.343972682952881
1785277204.988426,663,4.64340353012085
1785277205.2666702,664,3.6293864250183105
1785277205.5383945,665,4.28151798248291
1785277205.7900705,666,4.172986030578613
1785277206.0405667,667,2.634860038757324
1785277206.301323,668,2.672029495239258
1785277206.5469723,669,3.326341152191162
1785277206.806238,670,4.807049751281738
1785277207.078315,671,3.3299131393432617
1785277207.3264928,672,4.256449222564697
1785277207.5733047,673,5.1448283195495605
1785277207.8270855,674,3.150585174560547
1785277208.0780106,675,4.7110700607299805
1785277208.329219,676,3.3428187370300293
1785277208.5964868,677,4.02052640914917
1785277208.853567,678,4.334344387054443
1785277209.110855,679,4.630056381225586
1785277209.3826227,680,4.606903076171875
1785277209.6747243,681,4.044198989868164
1785277209.9450712,682,4.222308158874512
1785277210.2064002,683,3.7021255493164062
1785277210.4615173,684,4.390124320983887
1785277210.730417,685,4.579023361206055
1785277210.976258,686,4.870676040649414
1785277211.2414742,687,4.685632705688477
1785277211.4924405,688,5.666769981384277
1785277211.7424407,689,3.8816795349121094
1785277211.99982,690,3.5563950538635254
1785277212.2506368,691,3.814526081085205
1785277212.4978857,692,4.124604225158691
1785277212.771552,693,4.114662170410156
1785277213.0187798,694,4.389236927032471
1785277213.2741072,695,4.151090621948242
1785277213.5313866,696,5.617442607879639
1785277213.7817879,697,4.049592018127441
1785277214.0413682,698,4.832259178161621
1785277214.307228,699,2.9779696464538574
1785277214.5902324,700,4.781519889831543
1785277214.8539855,701,3.1967649459838867
1785277215.1395912,702,3.0860583782196045
1785277215.392649,703,2.5631332397460938
1785277215.6402726,704,3.622814416885376
1785277215.8884966,705,4.063321590423584
1785277216.1507938,706,4.912215232849121
1785277216.4209518,707,4.61395263671875
1785277216.6726494,708,4.936579704284668
1785277216.9165514,709,2.8109655380249023
1785277217.1805134,710,2.9306318759918213
1785277217.4295065,711,4.322175979614258
1785277217.6815398,712,4.31704044342041
1785277217.93018,713,5.053223609924316
1785277218.1903274,714,4.141511917114258
1785277218.4351947,715,3.3704233169555664
1785277218.683564,716,4.072576522827148
1785277218.9511924,717,3.3626861572265625
1785277219.2061956,718,4.370682716369629
1785277219.4594762,719,4.487255096435547
1785277219.7103724,720,3.134675979614258
1785277219.9627776,721,3.0909481048583984
1785277220.2174225,722,3.4368343353271484
1785277220.4646375,723,3.224271774291992
1785277220.7137802,724,3.211247682571411
1785277220.9715843,725,4.8779425621032715
1785277221.2195978,726,3.105041980743408
1785277221.460559,727,4.063179969787598
1785277221.6969569,728,4.702941417694092
1785277221.9401054,729,5.094766616821289
1785277222.2034247,730,3.2611806392669678
1785277222.4545782,731,3.8803982734680176
1785277222.7038743,732,3.8614373207092285
1785277222.9540532,733,4.3771562576293945
1785277223.2055817,734,2.8028724193573
1785277223.4836617,735,5.085102081298828
1785277223.7511587,736,3.140233278274536
1785277224.0106175,737,4.250681400299072
1785277224.2947845,738,4.260627269744873
1785277224.5422482,739,6.048794746398926
1785277224.8359673,740,2.1523795127868652
1785277225.1013417,741,3.5972342491149902
1785277225.4013295,742,4.267877578735352
1785277225.6850593,743,4.196588516235352
1785277225.9339497,744,3.625802516937256
1785277226.1818018,745,3.4033775329589844
1785277226.4374826,746,2.715338706970215
1785277226.6980705,747,3.373608350753784
1785277226.9706953,748,3.8509316444396973
1785277227.2372835,749,4.010848522186279
1785277227.4917977,750,3.6682403087615967
1785277227.7947998,751,3.914328098297119
1785277228.051216,752,5.239736557006836
1785277228.3000367,753,3.867997407913208
1785277228.5608394,754,3.1858468055725098
1785277228.818225,755,3.6974644660949707
1785277229.0669835,756,3.7440404891967773
1785277229.355394,757,4.301771640777588
1785277229.6055574,758,4.88648796081543
1785277229.8505073,759,4.412446022033691
1785277230.1040506,760,4.613211154937744
1785277230.3596494,761,3.512779712677002
1785277230.6209142,762,2.5868682861328125
1785277230.8975594,763,5.280887603759766
1785277231.153797,764,3.9358363151550293
1785277231.4388437,765,3.084216833114624
1785277231.7051616,766,4.427179336547852
1785277231.9829192,767,4.748121738433838
1785277232.2485743,768,4.1663923263549805
1785277232.5078037,769,4.779136657714844
1785277232.7619686,770,2.617297887802124
1785277233.0180447,771,4.271732330322266
1785277233.2993853,772,3.300374746322632
1785277233.5587788,773,3.9863924980163574
1785277233.8225033,774,3.787158727645874
1785277234.0906992,775,4.219718933105469
1785277234.347534,776,3.780484676361084
1785277234.623939,777,4.291933536529541
1785277234.8806996,778,4.570525169372559
1785277235.1732392,779,4.024527549743652
1785277235.4560826,780,2.6714701652526855
1785277235.7064683,781,5.11003303527832
1785277235.9647746,782,5.7021965980529785
1785277236.2283912,783,3.091705322265625
1785277236.4923182,784,4.559823513031006
1785277236.7449672,785,3.5853500366210938
1785277237.0134997,786,4.18022346496582
1785277237.280289,787,4.099967002868652
1785277237.5398164,788,4.5779314041137695
1785277237.8131764,789,3.573395252227783
1785277238.0882974,790,4.011545181274414
1785277238.3520586,791,2.794701099395752
1785277238.6148183,792,4.231010437011719
1785277238.8909633,793,2.7053170204162598
1785277239.1472304,794,5.792308330535889
1785277239.4273887,795,4.735044479370117
1785277239.6963346,796,4.644772052764893
1785277239.9544268,797,4.805218696594238
1785277240.2205157,798,4.28170108795166
1785277240.492093,799,3.095385789871216
1785277240.7587934,800,3.620689630508423
1785277241.024622,801,5.267692565917969
1785277241.2877927,802,2.588155746459961
1785277241.563802,803,3.350240707397461
1785277241.82191,804,3.7469778060913086
1785277242.0777783,805,3.436821460723877
1785277242.3344831,806,4.472663879394531
1785277242.5970051,807,3.728419303894043
1785277242.8725219,808,3.2282285690307617
1785277243.1365945,809,3.154092311859131
1785277243.4186358,810,4.3396759033203125
1785277243.683337,811,5.700252532958984
1785277243.9475071,812,2.7340893745422363
1785277244.2208314,813,4.245854377746582
1785277244.486917,814,5.060520172119141
1785277244.7455194,815,4.7581048011779785
1785277245.0204933,816,3.576916456222534
1785277245.3023174,817,4.133596420288086
1785277245.5604022,818,2.5117669105529785
1785277245.8136702,819,2.8414368629455566
1785277246.086011,820,5.094419956207275
1785277246.3565648,821,4.221376419067383
1785277246.6124408,822,3.5086920261383057
1785277246.8743966,823,2.799382209777832
1785277247.1442158,824,5.343335151672363
1785277247.4177778,825,4.026592254638672
1785277247.6745164,826,3.6697404384613037
1785277247.937307,827,4.41288948059082
1785277248.2046554,828,3.954151153564453
1785277248.4786344,829,4.304877281188965
1785277248.7498703,830,6.406223297119141
1785277249.0152206,831,4.108902931213379
1785277249.298237,832,4.344844818115234
1785277249.5742755,833,4.345363616943359
1785277249.8578632,834,3.8350913524627686
1785277250.1217477,835,6.289891242980957
1785277250.4125416,836,4.717668533325195
1785277250.6865928,837,4.489786148071289
1785277250.9612768,838,4.043336391448975
1785277251.2161248,839,4.2352752685546875
1785277251.4831054,840,3.867372512817383
1785277251.7628732,841,3.9350714683532715
1785277252.0238345,842,3.801861047744751
1785277252.281555,843,4.208797454833984
1785277252.5801456,844,3.988682985305786
1785277252.842186,845,4.241971015930176
1785277253.1019979,846,3.888063430786133
1785277253.353512,847,2.6201748847961426
1785277253.611933,848,4.1403985023498535
1785277253.8685453,849,1.9636924266815186
1785277254.1232824,850,3.3437578678131104
1785277254.3884826,851,3.429314613342285
1785277254.6834056,852,5.349606990814209
1785277254.9501545,853,2.6415343284606934
1785277255.2429109,854,4.443979263305664
1785277255.5008497,855,3.6303300857543945
1785277255.7715821,856,3.1892738342285156
1785277256.0353396,857,3.890615463256836
1785277256.2966933,858,4.187138557434082
1785277256.5644095,859,4.291579246520996
1785277256.83808,860,4.784202575683594
1785277257.1180916,861,4.117704391479492
1785277257.374961,862,4.212801456451416
1785277257.6273417,863,5.192499160766602
1785277257.8856544,864,2.8057992458343506
1785277258.147816,865,3.4193177223205566
1785277258.4165037,866,2.965890407562256
1785277258.6706333,867,3.970560312271118
1785277258.936378,868,2.470996856689453
1785277259.2190871,869,4.7682342529296875
1785277259.5018518,870,4.4943671226501465
1785277259.7622912,871,2.7079644203186035
1785277260.0189607,872,3.184328556060791
1785277260.2735465,873,3.243389129638672
1785277260.5248327,874,2.992361545562744
1785277260.7788463,875,4.5712785720825195
1785277261.0385215,876,3.583418846130371
1785277261.2979283,877,3.3946521282196045
1785277261.553998,878,4.580287933349609
1785277261.8082657,879,3.846308946609497
1785277262.0737197,880,4.011607646942139
1785277262.3299584,881,2.8728954792022705
1785277262.5794666,882,3.5408544540405273
1785277262.8401856,883,2.742985248565674
1785277263.0887694,884,4.0588531494140625
1785277263.343559,885,4.937441349029541
1785277263.5973575,886,3.7105588912963867
1785277263.8782127,887,4.554320335388184
1785277264.1356716,888,4.612315654754639
1785277264.3885014,889,3.3267834186553955
1785277264.6400948,890,3.407703161239624
1785277264.9174497,891,3.692556142807007
1785277265.1822562,892,3.568977117538452
1785277265.4365404,893,4.925493240356445
1785277265.709359,894,3.0983433723449707
1785277265.981465,895,4.151609897613525
1785277266.2309184,896,4.727816581726074
1785277266.4927042,897,4.685558319091797
1785277266.7427692,898,2.7183456420898438
1785277267.0339274,899,3.59448504447937
1785277267.359974,900,3.913391590118408
1785277267.6347585,901,3.2954580783843994
1785277267.9004369,902,5.053149700164795
1785277268.1526046,903,3.57853364944458
1785277268.4164395,904,4.044556617736816
1785277268.680167,905,4.0274434089660645
1785277268.9372637,906,2.9771859645843506
1785277269.1887016,907,3.073120355606079
1785277269.4369211,908,5.413305282592773
1785277269.7120447,909,5.338043689727783
1785277269.9610016,910,3.64900803565979
1785277270.2099442,911,4.015447616577148
1785277270.4721084,912,3.4319989681243896
1785277270.7328072,913,3.6055750846862793
1785277270.986729,914,3.8390450477600098
1785277271.2395217,915,3.7395834922790527
1785277271.4866729,916,4.062627792358398
1785277271.75036,917,4.664313793182373
1785277272.0053005,918,3.750776529312134
1785277272.258602,919,3.6210649013519287
1785277272.5244343,920,3.9046144485473633
1785277272.77457,921,2.012148857116699
1785277273.0262406,922,2.962517261505127
1785277273.2763276,923,4.313160419464111
1785277273.5230997,924,4.287290096282959
1785277273.7741861,925,3.3773458003997803
1785277274.0210898,926,3.8316569328308105
1785277274.2704377,927,3.1367838382720947
1785277274.5214472,928,4.084999084472656
1785277274.7739453,929,5.242142200469971
1785277275.052197,930,2.3022260665893555
1785277275.312848,931,4.2322516441345215
1785277275.5935185,932,3.164273738861084
1785277275.854761,933,4.3418989181518555
1785277276.1212661,934,4.846561431884766
1785277276.372638,935,4.268810749053955
1785277276.6246738,936,3.7139217853546143
1785277276.897629,937,3.3921165466308594
1785277277.203118,938,3.2429089546203613
1785277277.4949322,939,3.6744489669799805
1785277277.7703755,940,4.8272199630737305
1785277278.0259635,941,4.7791547775268555
1785277278.2988229,942,3.894768476486206
1785277278.5729852,943,3.2812118530273438
1785277278.8753808,944,4.097190856933594
1785277279.2755249,945,4.0661773681640625
1785277279.690562,946,3.9756505489349365
1785277280.106004,947,3.616985321044922
1785277280.5124657,948,4.081076622009277
1785277280.9243965,949,4.414966106414795
1785277281.3061047,950,4.117655277252197
1785277281.5599473,951,3.294369697570801
1785277281.8219116,952,4.748759746551514
1785277282.0896506,953,4.4253692626953125
1785277282.3686607,954,4.322607517242432
1785277282.654571,955,5.1319098472595215
1785277282.932241,956,2.7208118438720703
1785277283.1916912,957,4.04270601272583
1785277283.4525416,958,3.1617965698242188
1785277283.7019975,959,3.4125490188598633
1785277283.9639318,960,4.876588821411133
1785277284.2277937,961,4.57391357421875
1785277284.4984806,962,3.4452998638153076
1785277284.7875938,963,3.8905043601989746
1785277285.0570476,964,2.5539536476135254
1785277285.3222418,965,2.6529293060302734
1785277285.5955045,966,4.7203521728515625
1785277285.8900633,967,4.445829391479492
1785277286.212928,968,4.428677082061768
1785277286.6329355,969,3.7729241847991943
1785277287.0527537,970,3.3691303730010986
1785277287.458545,971,4.191469192504883
1785277287.844543,972,4.235260009765625
1785277288.2340727,973,4.178050518035889
1785277288.6295962,974,3.0226449966430664
1785277289.0360708,975,3.422110080718994
1785277289.3174071,976,4.14061164855957
1785277289.5685282,977,4.290966033935547
1785277289.8396995,978,5.716731071472168
1785277290.090633,979,2.708474636077881
1785277290.3337154,980,4.075342178344727
1785277290.5928786,981,4.139214515686035
1785277290.8445988,982,3.1273398399353027
1785277291.099958,983,3.2125320434570312
1785277291.3648312,984,5.394529819488525
1785277291.6171641,985,4.821173667907715
1785277291.863095,986,4.6088457107543945
1785277292.1124785,987,3.794360637664795
1785277292.3772807,988,3.7727458477020264
1785277292.6303463,989,3.0601441860198975
1785277292.8844554,990,2.9407105445861816
1785277293.137949,991,3.0182015895843506
1785277293.3916538,992,2.3954551219940186
1785277293.660813,993,3.771251678466797
1785277293.9162102,994,4.10092306137085
1785277294.1719913,995,3.4026737213134766
1785277294.4222174,996,3.162837505340576
1785277294.6678605,997,2.875765800476074
1785277295.0366807,998,2.434607744216919
1785277295.4316344,999,4.263545989990234
1785277295.836487,1000,3.3545093536376953
1785277296.2574065,1001,4.441089630126953
1785277296.6802957,1002,4.492067813873291
1785277297.0844905,1003,4.350822448730469
1785277297.5055087,1004,3.130298137664795
1785277297.7849886,1005,2.3097314834594727
1785277298.0563426,1006,3.7384047508239746
1785277298.3411856,1007,2.749650001525879
1785277298.613097,1008,3.5947580337524414
1785277298.8899632,1009,4.240567207336426
1785277299.1878436,1010,5.769234657287598
1785277299.431743,1011,2.5565295219421387
1785277299.6742005,1012,4.990383625030518
1785277299.908765,1013,3.590874195098877
1785277300.151748,1014,3.8252694606781006
1785277300.3938212,1015,3.4378442764282227
1785277300.6259892,1016,3.945657730102539
1785277300.8759117,1017,4.1182098388671875
1785277301.1446056,1018,4.608894348144531
1785277301.3780596,1019,3.964568614959717
1785277301.6138556,1020,4.588417053222656
1785277301.8529472,1021,3.180333375930786
1785277302.1076741,1022,2.9204530715942383
1785277302.3485298,1023,4.560116767883301
1785277302.5858169,1024,4.188952922821045
1785277302.8164072,1025,4.215754508972168
1785277303.0471342,1026,3.3936057090759277
1785277303.284128,1027,4.046319484710693
1785277303.5211456,1028,2.4739532470703125
1785277303.7541206,1029,4.140337944030762
1785277303.9901412,1030,3.772244930267334
1785277304.249034,1031,3.1064963340759277
1785277304.4848883,1032,3.146129608154297
1785277304.7149487,1033,3.9199416637420654
1785277304.9554722,1034,3.7638607025146484
1785277305.1912832,1035,4.199332237243652
1785277305.4232407,1036,2.573026657104492
1785277305.6666882,1037,3.3224174976348877
1785277305.90631,1038,3.906526565551758
1785277306.1574035,1039,3.188800811767578
1785277306.3937585,1040,3.7423949241638184
1785277306.6276329,1041,4.059335708618164
1785277306.8599184,1042,3.1130266189575195
1785277307.0998046,1043,5.0545454025268555
1785277307.3307164,1044,4.192248344421387
1785277307.5692146,1045,3.8409883975982666
1785277307.8019745,1046,2.7317802906036377
1785277308.0330312,1047,3.7839722633361816
1785277308.2749717,1048,4.2130231857299805
1785277308.507766,1049,3.533806085586548
1785277308.7392535,1050,3.0507378578186035
1785277309.0610058,1051,3.145131826400757
1785277309.4807665,1052,3.858781337738037
1785277309.9344344,1053,4.351692199707031
1785277310.3373637,1054,3.4027857780456543
1785277310.7260246,1055,2.7296104431152344
1785277311.115939,1056,3.277547836303711
1785277311.5258904,1057,4.003437519073486
1785277311.763043,1058,3.553363800048828
1785277312.011688,1059,3.8024392127990723
1785277312.2688162,1060,3.724273443222046
1785277312.5034983,1061,3.7631683349609375
1785277312.734038,1062,3.9810636043548584
1785277312.9694645,1063,4.689733028411865
1785277313.2093892,1064,2.721045970916748
1785277313.4567423,1065,3.5920512676239014
1785277313.704944,1066,4.6453728675842285
1785277313.939007,1067,3.338242530822754
1785277314.1858754,1068,4.399125576019287
1785277314.4196806,1069,3.675337314605713
1785277314.6519904,1070,5.874408721923828
1785277314.8837512,1071,4.696067810058594
1785277315.1195526,1072,2.9228782653808594
1785277315.3542213,1073,3.7514994144439697
1785277315.590044,1074,3.446099042892456
1785277315.8282824,1075,3.1395606994628906
1785277316.0643868,1076,3.2624762058258057
1785277316.2982798,1077,3.6976940631866455
1785277316.5330553,1078,4.570154190063477
1785277316.8029447,1079,2.460432529449463
1785277317.0674448,1080,5.474826335906982
1785277317.3277812,1081,3.622114658355713
1785277317.5735426,1082,4.944597244262695
1785277317.9308815,1083,3.859907627105713
1785277318.3458266,1084,3.99643611907959
1785277318.7294502,1085,4.586852073669434
1785277319.1821294,1086,2.9714999198913574
1785277319.613586,1087,3.306447982788086
1785277320.0636127,1088,2.654188632965088
1785277320.4748063,1089,3.816545248031616
1785277320.8277724,1090,4.372986793518066
1785277321.0672116,1091,4.035740852355957
1785277321.330612,1092,4.587796211242676
1785277321.5681427,1093,4.171906471252441
1785277321.805733,1094,4.165711402893066
1785277322.0462482,1095,4.196236610412598
1785277322.291119,1096,2.936300754547119
1785277322.5407743,1097,3.242389678955078
1785277322.7795897,1098,3.7586183547973633
1785277323.0213184,1099,3.9338369369506836
1785277323.2636423,1100,3.3731563091278076
1785277323.5111413,1101,3.0374298095703125
1785277323.769707,1102,4.7329559326171875
1785277324.015764,1103,3.635460376739502
1785277324.2695522,1104,3.5771260261535645
1785277324.5228791,1105,4.261829376220703
1785277324.770338,1106,4.667659282684326
1785277325.0354452,1107,4.541797637939453
1785277325.269445,1108,2.699336051940918
1785277325.5034993,1109,4.466961860656738
1785277325.7598796,1110,2.4825050830841064
1785277326.0039172,1111,4.3730878829956055
1785277326.2402196,1112,2.4865636825561523
1785277326.4755802,1113,3.7868003845214844
1785277326.7339456,1114,3.20050048828125
1785277326.9926076,1115,3.0513346195220947
1785277327.2386525,1116,3.3719429969787598
1785277327.4811704,1117,4.700726509094238
1785277327.7245872,1118,4.009110927581787
1785277327.9639623,1119,2.736581325531006
1785277328.2010283,1120,5.084327697753906
1785277328.4411886,1121,4.891763210296631
1785277328.7061925,1122,4.224174499511719
1785277329.1490622,1123,2.866135597229004
1785277329.5857806,1124,3.172779083251953
1785277330.0969622,1125,3.0859923362731934
1785277330.570185,1126,3.780186653137207
1785277331.0199127,1127,4.168787479400635
1785277331.3566823,1128,3.9493906497955322
1785277331.6070716,1129,2.774697780609131
1785277331.853634,1130,2.2458016872406006
1785277332.0878553,1131,4.122809410095215
1785277332.3347454,1132,4.004373073577881
1785277332.571781,1133,3.4680662155151367
1785277332.8022296,1134,3.366217613220215
1785277333.033469,1135,4.498362064361572
1785277333.2779799,1136,4.404520034790039
1785277333.5488927,1137,2.3280248641967773
1785277333.7792392,1138,5.163810729980469
1785277334.01793,1139,3.148536205291748
1785277334.2730844,1140,3.2434277534484863
1785277334.5082297,1141,5.2649149894714355
1785277334.7427018,1142,1.8794150352478027
1785277334.9882967,1143,3.3363428115844727
1785277335.221844,1144,3.85941219329834
1785277335.4729152,1145,2.619086265563965
1785277335.7055192,1146,3.494044780731201
1785277335.945662,1147,3.7501044273376465
1785277336.1794693,1148,3.3313045501708984
1785277336.422081,1149,4.986248970031738
1785277336.6586766,1150,4.592642784118652
1785277336.8898997,1151,3.3105597496032715
1785277337.1262946,1152,2.382930040359497
1785277337.3776598,1153,4.2621049880981445
1785277337.788504,1154,3.666212558746338
1785277338.1781328,1155,3.869323968887329
1785277338.6202512,1156,2.653160572052002
1785277339.0308352,1157,4.150797367095947
1785277339.428198,1158,3.3287887573242188
1785277339.8064039,1159,2.785412073135376
1785277340.2316191,1160,2.8379013538360596
1785277340.631591,1161,3.083829879760742
1785277340.8834167,1162,3.9884848594665527
1785277341.1188471,1163,3.642111301422119
1785277341.3660016,1164,4.360811233520508
1785277341.5966914,1165,3.2848496437072754
1785277341.8430915,1166,4.525089740753174
1785277342.0823638,1167,4.2740044593811035
1785277342.3179815,1168,4.438230991363525
1785277342.5598304,1169,3.929299831390381
1785277342.7964761,1170,2.9537746906280518
1785277343.0465493,1171,2.816255807876587
1785277343.2869616,1172,2.926802158355713
1785277343.518412,1173,2.651517868041992
1785277343.7497475,1174,3.886444568634033
1785277343.9813044,1175,1.8544583320617676
1785277344.2389276,1176,4.728867053985596
1785277344.4779837,1177,2.1806201934814453
1785277344.7220972,1178,4.380936622619629
1785277344.9655032,1179,4.419469833374023
1785277345.2117562,1180,4.329287052154541
1785277345.447035,1181,3.144721269607544
1785277345.67849,1182,3.43436598777771
1785277345.9163725,1183,4.013581275939941
1785277346.1490347,1184,4.677719593048096
1785277346.3855014,1185,3.8988089561462402
1785277346.7686872,1186,3.9120101928710938
1785277347.1714182,1187,3.6046056747436523
1785277347.5863314,1188,4.506472110748291
1785277347.985302,1189,3.6005311012268066
1785277348.3674345,1190,4.4919867515563965
1785277348.7730098,1191,4.129049301147461
1785277349.171896,1192,2.3859944343566895
1785277349.4708278,1193,4.027479648590088
1785277349.7016647,1194,2.4172754287719727
1785277349.9905825,1195,3.1112236976623535
1785277350.2509139,1196,4.479304313659668
1785277350.4837046,1197,3.268605947494507
1785277350.7150023,1198,4.656352996826172
1785277350.956971,1199,2.615044355392456
1785277351.1987016,1200,3.276674747467041
1785277351.4326606,1201,3.691499948501587
1785277351.6686783,1202,2.867497444152832
1785277351.9012055,1203,2.289825916290283
1785277352.1555545,1204,3.4359323978424072
1785277352.3980148,1205,4.817488193511963
1785277352.640372,1206,2.3579182624816895
1785277352.8999114,1207,3.8834195137023926
1785277353.1418202,1208,3.9309139251708984
1785277353.3733313,1209,4.574002265930176
1785277353.6050985,1210,5.035639762878418
1785277353.839732,1211,3.532097816467285
1785277354.0739121,1212,3.536653995513916
1785277354.3115122,1213,4.293800354003906
1785277354.5430713,1214,2.5067174434661865
1785277354.7790604,1215,2.0582315921783447
1785277355.0412488,1216,3.375932455062866
1785277355.369663,1217,2.6788930892944336
1785277355.7555819,1218,2.924614429473877
1785277356.143301,1219,4.104247093200684
1785277356.5600464,1220,3.046004295349121
1785277356.9508514,1221,3.5793018341064453
1785277357.3494358,1222,2.5891218185424805
1785277357.7450893,1223,4.20835018157959
1785277358.1579363,1224,5.291872501373291
1785277358.512409,1225,2.9400839805603027
1785277358.7472057,1226,3.784569263458252
1785277358.9806705,1227,4.8769145011901855
1785277359.2258103,1228,4.743498802185059
1785277359.4701066,1229,3.1523022651672363
1785277359.711021,1230,4.419996738433838
1785277359.9516325,1231,3.9595794677734375
1785277360.2094612,1232,2.937997817993164
1785277360.4628716,1233,4.228078365325928
1785277360.7151053,1234,2.6472208499908447
1785277360.9604836,1235,2.015781879425049
1785277361.211927,1236,2.7066545486450195
1785277361.4557247,1237,2.001789093017578
1785277361.7080655,1238,3.739871025085449
1785277361.942706,1239,2.287026882171631
1785277362.1850991,1240,2.666977882385254
1785277362.4372215,1241,3.426168918609619
1785277362.6793907,1242,3.9433295726776123
1785277362.9381998,1243,3.335766553878784
1785277363.1860945,1244,4.4070210456848145
1785277363.434482,1245,1.7005774974822998
1785277363.675127,1246,3.126288414001465
1785277363.9166837,1247,2.6646132469177246
1785277364.1607728,1248,4.039074420928955
1785277364.409686,1249,4.2987751960754395
1785277364.8960543,1250,3.16030216217041
1785277365.3003929,1251,3.9485697746276855
1785277365.7150311,1252,3.7862300872802734
1785277366.1620445,1253,2.4855456352233887
1785277366.593246,1254,3.7232666015625
1785277367.0820217,1255,3.246718406677246
1785277367.4360828,1256,2.2199599742889404
1785277367.7004545,1257,5.015960693359375
1785277367.9501781,1258,3.9859631061553955
1785277368.2002027,1259,2.810771942138672
1785277368.4370577,1260,3.8062233924865723
1785277368.6840024,1261,4.800633430480957
1785277368.9286132,1262,3.147719144821167
1785277369.1776416,1263,3.383845329284668
1785277369.4121594,1264,4.059977054595947
1785277369.654253,1265,4.230852127075195
1785277369.9025261,1266,4.982235908508301
1785277370.1431293,1267,5.366729736328125
1785277370.3869977,1268,4.391685485839844
1785277370.6225522,1269,2.541285991668701
1785277370.863683,1270,4.297367095947266
1785277371.142033,1271,3.961533308029175
1785277371.387574,1272,4.976038932800293
1785277371.641154,1273,3.770772933959961
1785277371.8771546,1274,3.998438835144043
1785277372.122866,1275,4.102914810180664
1785277372.3963573,1276,4.390336513519287
1785277372.6486337,1277,5.296550750732422
1785277372.9723458,1278,3.4279561042785645
1785277373.390229,1279,3.463843822479248
1785277373.816842,1280,2.4307963848114014
1785277374.2247543,1281,3.826848030090332
1785277374.6295853,1282,2.9325437545776367
1785277375.0678737,1283,2.9095284938812256
1785277375.4521165,1284,4.416653633117676
1785277375.8866265,1285,5.177736282348633
1785277376.1731617,1286,4.461610317230225
1785277376.4064457,1287,3.1602020263671875
1785277376.6365633,1288,4.685112953186035
1785277376.868811,1289,4.269354820251465
1785277377.1010494,1290,3.8836355209350586
1785277377.3360026,1291,2.3670806884765625
1785277377.5799158,1292,2.3685126304626465
1785277377.843289,1293,3.8705339431762695
1785277378.0824606,1294,3.6982922554016113
1785277378.315683,1295,4.019537448883057
1785277378.5482593,1296,3.262446165084839
1785277378.782806,1297,3.838165760040283
1785277379.0133524,1298,2.962491989135742
1785277379.2792778,1299,2.3019070625305176
1785277379.5404007,1300,2.1956756114959717
1785277379.7926912,1301,3.649533748626709
1785277380.0265062,1302,4.204277992248535
1785277380.2565742,1303,4.428780555725098
1785277380.4861891,1304,4.505062103271484
1785277380.7178204,1305,2.8222289085388184
1785277380.9526155,1306,3.271474838256836
1785277381.1873422,1307,3.397362232208252
1785277381.4235067,1308,2.691131353378296
1785277381.6848922,1309,3.3222410678863525
1785277382.0263045,1310,1.8840782642364502
1785277382.4315991,1311,3.66420578956604
1785277382.814824,1312,3.8665432929992676
1785277383.2075326,1313,3.8169755935668945
1785277383.6063027,1314,3.1964735984802246
1785277383.9967408,1315,2.249851703643799
1785277384.3821957,1316,3.557821273803711
1785277384.7772071,1317,3.6866116523742676
1785277385.1773767,1318,3.9812240600585938
1785277385.4332356,1319,3.37160587310791
1785277385.688637,1320,3.4863831996917725
1785277385.9219093,1321,3.3741941452026367
1785277386.17292,1322,3.553588390350342
1785277386.4046788,1323,3.7061564922332764
1785277386.6475039,1324,4.148728370666504
1785277386.895729,1325,2.901550054550171
1785277387.1272674,1326,2.6345787048339844
1785277387.3580244,1327,3.9507763385772705
1785277387.590447,1328,2.3126869201660156
1785277387.8227043,1329,2.284792423248291
1785277388.0703964,1330,3.872251033782959
1785277388.3094773,1331,3.3003602027893066
1785277388.5481234,1332,2.17337703704834
1785277388.780385,1333,3.460508108139038
1785277389.0178516,1334,3.9599075317382812
1785277389.2543035,1335,3.0922365188598633
1785277389.49891,1336,2.4285829067230225
1785277389.7321913,1337,4.425571441650391
1785277389.9668233,1338,4.720752716064453
1785277390.208614,1339,3.882549285888672
1785277390.4503574,1340,4.59851598739624
1785277390.6918857,1341,4.1227545738220215
1785277391.123441,1342,3.2467041015625
1785277391.5137014,1343,4.519047737121582
1785277391.897913,1344,2.754669666290283
1785277392.2899063,1345,3.828723430633545
1785277392.6834114,1346,3.6902916431427
1785277393.0860105,1347,3.547700881958008
1785277393.4757707,1348,3.86535906791687
1785277393.8773217,1349,2.2637174129486084
1785277394.2341144,1350,3.971830368041992
1785277394.4698248,1351,2.829064130783081
1785277394.7007318,1352,3.3812992572784424
1785277394.9298425,1353,3.046668529510498
1785277395.1617684,1354,4.896687030792236
1785277395.3927228,1355,3.340137481689453
1785277395.63943,1356,1.950981616973877
1785277395.872978,1357,4.373988628387451
1785277396.118205,1358,2.886199474334717
1785277396.3511348,1359,3.542710065841675
1785277396.5835838,1360,3.393610715866089
1785277396.8228438,1361,5.131017684936523
1785277397.0598414,1362,4.3839497566223145
1785277397.2916238,1363,1.8802282810211182
1785277397.5394232,1364,3.825348377227783
1785277397.7744923,1365,2.7352848052978516
1785277398.0103667,1366,3.518228530883789
1785277398.2407057,1367,3.286815643310547
1785277398.474765,1368,4.275104522705078
1785277398.7285244,1369,4.421276569366455
1785277398.9654129,1370,2.3161840438842773
1785277399.2060907,1371,3.9249775409698486
1785277399.4381993,1372,3.4894814491271973
1785277399.6764462,1373,1.9117388725280762
1785277399.9086592,1374,2.433959484100342
1785277400.2920732,1375,2.8314948081970215
1785277400.6785512,1376,3.2045211791992188
1785277401.1305912,1377,2.743706703186035
1785277401.5396597,1378,3.9517087936401367
1785277401.9719765,1379,2.401843547821045
1785277402.3837306,1380,2.5152111053466797
1785277402.7574115,1381,2.710484504699707
1785277403.0289392,1382,3.5191879272460938
1785277403.2615283,1383,3.7731170654296875
1785277403.5047045,1384,3.0705277919769287
1785277403.736108,1385,4.1864519119262695
1785277403.9975302,1386,3.7150416374206543
1785277404.2346613,1387,2.9675960540771484
1785277404.4885972,1388,4.885561466217041
1785277404.7280695,1389,3.2303247451782227
1785277404.9609947,1390,3.484945774078369
1785277405.1946096,1391,4.448572635650635
1785277405.4320512,1392,3.578867197036743
1785277405.6693528,1393,3.298814535140991
1785277405.9241793,1394,4.235547065734863
1785277406.1611443,1395,4.696434497833252
1785277406.408132,1396,4.09779691696167
1785277406.6451523,1397,3.3403854370117188
1785277406.8806915,1398,2.3829541206359863
1785277407.117356,1399,3.561891555786133
1785277407.40801,1400,3.0728049278259277
1785277407.7926924,1401,3.4264299869537354
1785277408.1963801,1402,3.9497151374816895
1785277408.5896528,1403,2.235729694366455
1785277409.0583143,1404,2.912402629852295
1785277409.4803946,1405,1.762611985206604
1785277409.8987,1406,3.351750373840332
1785277410.2944338,1407,2.9792160987854004
1785277410.7229931,1408,3.956465482711792
1785277411.088994,1409,3.475923538208008
1785277411.3427076,1410,3.3675031661987305
1785277411.5804565,1411,3.5021252632141113
1785277411.821191,1412,3.6615214347839355
1785277412.0683115,1413,3.124049663543701
1785277412.3121781,1414,4.670344352722168
1785277412.5551093,1415,4.48330545425415
1785277412.7954817,1416,3.036522626876831
1785277413.0322542,1417,4.027106761932373
1785277413.2695441,1418,3.452749729156494
1785277413.5069268,1419,3.076537609100342
1785277413.7489488,1420,3.497800827026367
1785277413.9854348,1421,3.784726142883301
1785277414.2239788,1422,2.052488327026367
1785277414.4781141,1423,3.3937745094299316
1785277414.7157674,1424,3.518918752670288
1785277414.9670122,1425,3.8411669731140137
1785277415.2106748,1426,2.5522494316101074
1785277415.4594119,1427,1.6743800640106201
1785277415.7107494,1428,3.5749692916870117
1785277415.9615257,1429,2.200153350830078
1785277416.3461816,1430,4.579625129699707
1785277416.7394102,1431,4.022314548492432
1785277417.1335201,1432,2.367737054824829
1785277417.5269427,1433,3.0665478706359863
1785277417.9479554,1434,2.991377592086792
1785277418.3486445,1435,4.956990718841553
1785277418.805531,1436,3.4283759593963623
1785277419.2410831,1437,3.580264091491699
1785277419.585523,1438,3.6594789028167725
1785277419.8512404,1439,3.543466567993164
1785277420.0943902,1440,3.2232072353363037
1785277420.3589747,1441,3.695981979370117
1785277420.599943,1442,3.497760772705078
1785277420.8570638,1443,3.0424978733062744
1785277421.0992322,1444,3.1050074100494385
1785277421.3555486,1445,3.0576117038726807
1785277421.610738,1446,4.204230785369873
1785277421.8490686,1447,2.9193801879882812
1785277422.099564,1448,2.247166156768799
1785277422.3399084,1449,3.3615009784698486
1785277422.601542,1450,2.6724138259887695
1785277422.842615,1451,2.19535493850708
1785277423.0936482,1452,4.274446487426758
1785277423.3423579,1453,2.2201006412506104
1785277423.5840564,1454,3.666246175765991
1785277423.8184087,1455,2.6640899181365967
1785277424.0668507,1456,4.023008823394775
1785277424.306523,1457,2.6842989921569824
1785277424.5541978,1458,2.237177848815918
1785277424.8248646,1459,3.2664575576782227
1785277425.0770528,1460,2.9008147716522217
1785277425.363203,1461,2.8075225353240967
1785277425.7694807,1462,2.5795321464538574
1785277426.18843,1463,3.9079065322875977
1785277426.6074624,1464,4.295458793640137
1785277427.016357,1465,2.960050582885742
1785277427.411765,1466,3.8663134574890137
1785277427.803143,1467,1.7409791946411133
1785277428.187284,1468,3.6289968490600586
1785277428.5549164,1469,3.660191059112549
1785277428.7939482,1470,3.4995574951171875
1785277429.0300612,1471,3.5447216033935547
1785277429.2908442,1472,3.5560829639434814
1785277429.5312884,1473,3.7890591621398926
1785277429.770198,1474,3.497152805328369
1785277430.0085218,1475,3.2728443145751953
1785277430.2503462,1476,2.7092928886413574
1785277430.4912865,1477,4.192188262939453
1785277430.7822106,1478,2.082710027694702
1785277431.027105,1479,3.4501843452453613
1785277431.261133,1480,3.528921127319336
1785277431.4971094,1481,3.651923179626465
1785277431.7289984,1482,3.999467372894287
1785277431.9629452,1483,2.6558468341827393
1785277432.1975558,1484,2.7677013874053955
1785277432.4312139,1485,3.7978925704956055
1785277432.7039337,1486,3.9607391357421875
1785277432.945048,1487,4.903178691864014
1785277433.1858363,1488,3.3392715454101562
1785277433.576237,1489,3.7534196376800537
1785277433.9937916,1490,3.1074330806732178
1785277434.4435084,1491,2.8176121711730957
1785277434.8597577,1492,3.1705150604248047
1785277435.2948298,1493,2.7806363105773926
1785277435.703098,1494,2.7593088150024414
1785277436.1474693,1495,3.8995485305786133
1785277436.5205133,1496,3.266500234603882
1785277436.7623265,1497,3.98067569732666
1785277437.002807,1498,2.8977198600769043
1785277437.2444572,1499,3.54695463180542
1785277437.5146914,1500,2.8164868354797363
1785277437.7578063,1501,2.9795939922332764
1785277438.0094488,1502,3.683450698852539
1785277438.25866,1503,4.118696212768555
1785277438.5102832,1504,3.3477864265441895
1785277438.7733357,1505,2.7605652809143066
1785277439.0195618,1506,3.505901336669922
1785277439.273253,1507,2.8971920013427734
1785277439.5279913,1508,3.705244541168213
1785277439.7791898,1509,2.433584213256836
1785277440.0879788,1510,3.1020374298095703
1785277440.510574,1511,3.4824330806732178
1785277441.0049055,1512,3.4459285736083984
1785277441.46593,1513,4.109193801879883
1785277441.9156275,1514,3.631556272506714
1785277442.3467872,1515,5.55710506439209
1785277442.7325423,1516,3.0691657066345215
1785277442.982635,1517,3.2961840629577637
1785277443.252367,1518,2.585385322570801
1785277443.5182722,1519,3.3513576984405518
1785277443.7664084,1520,2.8201193809509277
1785277444.0108826,1521,2.7025601863861084
1785277444.2541883,1522,5.108553409576416
1785277444.5083401,1523,1.6451175212860107
1785277444.7847452,1524,3.6039795875549316
1785277445.0277147,1525,3.981210231781006
1785277445.2650478,1526,3.458559989929199
1785277445.51763,1527,3.8652162551879883
1785277445.7869697,1528,2.4471395015716553
1785277446.0321383,1529,3.577167272567749
1785277446.2827818,1530,4.7238874435424805
1785277446.5282469,1531,2.536318063735962
1785277446.785597,1532,5.307278633117676
1785277447.0265946,1533,3.751008987426758
1785277447.2729943,1534,2.9320459365844727
1785277447.5117636,1535,3.5411839485168457
1785277447.7555637,1536,3.124729633331299
1785277447.993206,1537,2.865255355834961
1785277448.2962065,1538,3.5457050800323486
1785277448.6767702,1539,2.9607090950012207
1785277449.0897498,1540,1.9132411479949951
1785277449.5421777,1541,3.5850391387939453
1785277449.9391072,1542,3.374220848083496
1785277450.320809,1543,3.1732237339019775
1785277450.7376924,1544,3.924530029296875
1785277451.1412241,1545,4.1529860496521
1785277451.5310087,1546,2.7623863220214844
1785277451.8289049,1547,2.136070489883423
1785277452.0763888,1548,4.583523750305176
1785277452.3108857,1549,4.165284156799316
1785277452.541835,1550,3.4024429321289062
1785277452.7806015,1551,3.2296018600463867
1785277453.02092,1552,3.747086524963379
1785277453.2610784,1553,5.185907363891602
1785277453.498959,1554,3.0085623264312744
1785277453.7357795,1555,2.724414825439453
1785277453.967358,1556,3.122307300567627
1785277454.1997163,1557,3.6008434295654297
1785277454.4331632,1558,2.509674549102783
1785277454.6689475,1559,4.267809867858887
1785277454.9007976,1560,3.1636834144592285
1785277455.1403532,1561,3.840510845184326
1785277455.3816516,1562,2.822582960128784
1785277455.6268225,1563,2.308501958847046
1785277455.8577964,1564,3.242171287536621
1785277456.0893764,1565,2.342216968536377
1785277456.3256779,1566,3.981884002685547
1785277456.558281,1567,4.086721420288086
1785277456.7911816,1568,4.284099102020264
1785277457.0340486,1569,2.0871825218200684
1785277457.4429235,1570,3.0602316856384277
1785277457.837562,1571,4.07851505279541
1785277458.2591655,1572,4.533017158508301
1785277458.6486866,1573,4.3347697257995605
1785277459.0529404,1574,3.6141862869262695
1785277459.436759,1575,4.259899139404297
1785277459.8248024,1576,2.8681631088256836
1785277460.23708,1577,4.852975845336914
1785277460.5338657,1578,2.7685515880584717
1785277460.7870145,1579,3.7241718769073486
1785277461.0409765,1580,2.949864625930786
1785277461.274291,1581,3.0769033432006836
1785277461.5176077,1582,2.814836025238037
1785277461.7605116,1583,2.745303153991699
1785277462.0014036,1584,2.2072548866271973
1785277462.2560885,1585,4.267034530639648
1785277462.4948084,1586,2.498326063156128
1785277462.7483706,1587,2.8315792083740234
1785277462.98622,1588,5.003469467163086
1785277463.2251694,1589,3.3453712463378906
1785277463.4598885,1590,3.987124443054199
1785277463.6916924,1591,2.647122383117676
1785277463.937586,1592,3.0701286792755127
1785277464.1759713,1593,3.287947654724121
1785277464.4066973,1594,2.9561569690704346
1785277464.7430408,1595,3.5201034545898438
1785277465.1622465,1596,2.907339572906494
1785277465.5613754,1597,3.0641465187072754
1785277465.955408,1598,3.7265636920928955
1785277466.3719985,1599,2.8163537979125977
1785277466.7844014,1600,3.728290557861328
1785277467.1688664,1601,3.188432216644287
1785277467.4823081,1602,3.0579302310943604
1785277467.715271,1603,4.184800148010254
1785277467.9460666,1604,3.7779436111450195
1785277468.1811469,1605,4.599233627319336
1785277468.4144018,1606,2.749178886413574
1785277468.6508718,1607,3.012477397918701
1785277468.8870544,1608,2.509219169616699
1785277469.1228697,1609,3.73305606842041
1785277469.3577137,1610,3.3652679920196533
1785277469.6026313,1611,3.055894613265991
1785277469.856464,1612,2.394469738006592
1785277470.0900164,1613,3.3509199619293213
1785277470.3314388,1614,3.0006163120269775
1785277470.566047,1615,4.764676094055176
1785277470.7956567,1616,2.7993264198303223
1785277471.027487,1617,2.7466719150543213
1785277471.2669659,1618,2.6566390991210938
1785277471.5079882,1619,2.4097914695739746
1785277471.8097706,1620,3.220191240310669
1785277472.2054513,1621,4.059991836547852
1785277472.5931692,1622,3.0242862701416016
1785277472.973739,1623,3.3547987937927246
1785277473.3733118,1624,2.9981184005737305
1785277473.7657206,1625,4.3773040771484375
1785277474.162307,1626,4.736311435699463
1785277474.5423856,1627,2.739187240600586
1785277474.8337903,1628,3.337256908416748
1785277475.0940728,1629,3.2123265266418457
1785277475.3283768,1630,5.293951511383057
1785277475.5884538,1631,4.347352981567383
1785277475.821919,1632,3.1037609577178955
1785277476.052179,1633,3.1505587100982666
1785277476.28419,1634,3.405327796936035
1785277476.5144124,1635,3.278916358947754
1785277476.7448108,1636,1.8601282835006714
1785277476.976811,1637,2.746842861175537
1785277477.211242,1638,2.0497443675994873
1785277477.4509864,1639,3.567742347717285
1785277477.6981633,1640,4.006779193878174
1785277477.9285266,1641,2.7782864570617676
1785277478.1620092,1642,3.673994779586792
1785277478.4082894,1643,2.8382046222686768
1785277478.6623266,1644,1.8932305574417114
1785277478.9135432,1645,2.9593794345855713
1785277479.2946804,1646,1.9742181301116943
1785277479.6742826,1647,3.2086710929870605
1785277480.077294,1648,3.3105878829956055
1785277480.5121598,1649,2.8443479537963867
1785277480.9184852,1650,4.1523213386535645
1785277481.3076932,1651,3.657137870788574
1785277481.7169366,1652,2.6136820316314697
1785277482.101422,1653,3.3485450744628906
1785277482.4706097,1654,1.9530391693115234
1785277482.6993866,1655,3.710178852081299
1785277482.9318564,1656,3.602679491043091
1785277483.1621947,1657,4.053329944610596
1785277483.4002237,1658,2.7901434898376465
1785277483.6426983,1659,4.238116264343262
1785277483.8738835,1660,3.635467052459717
1785277484.1416981,1661,4.262087821960449
1785277484.3918393,1662,4.03152322769165
1785277484.622244,1663,4.054041385650635
1785277484.881676,1664,2.230541229248047
1785277485.1359112,1665,3.3076136112213135
1785277485.4067087,1666,2.9699671268463135
1785277485.658673,1667,3.5713565349578857
1785277485.9060519,1668,2.3773446083068848
1785277486.1465302,1669,2.8374085426330566
1785277486.3764436,1670,2.6506412029266357
1785277486.640061,1671,2.769988536834717
1785277486.8778472,1672,2.9354922771453857
1785277487.1362104,1673,3.1831703186035156
1785277487.460186,1674,2.9882993698120117
1785277487.8486052,1675,3.141761302947998
1785277488.276483,1676,3.1692287921905518
1785277488.7309387,1677,4.920262336730957
1785277489.1597517,1678,1.8753691911697388
1785277489.6195338,1679,2.12178373336792
1785277490.145349,1680,4.034271717071533
1785277490.4526591,1681,3.30057430267334
1785277490.6950114,1682,2.4231419563293457
1785277490.9325411,1683,4.987752914428711
1785277491.1671164,1684,2.6352133750915527
1785277491.4061522,1685,4.607708930969238
1785277491.6440628,1686,4.3499755859375
1785277491.8842478,1687,4.5575785636901855
1785277492.122713,1688,4.30544900894165
1785277492.360105,1689,4.089465141296387
1785277492.596484,1690,2.882127285003662
1785277492.8344193,1691,3.9089818000793457
1785277493.0759687,1692,3.138249397277832
1785277493.313912,1693,1.9962109327316284
1785277493.5512753,1694,3.0820837020874023
1785277493.7923024,1695,3.0241551399230957
1785277494.036403,1696,2.3953075408935547
1785277494.2770002,1697,3.633854866027832
1785277494.5147634,1698,3.986170768737793
1785277494.7742164,1699,2.464143753051758
1785277495.1706243,1700,2.5760598182678223
1785277495.587621,1701,3.39976167678833
1785277495.9965427,1702,2.084094524383545
1785277496.409371,1703,3.478018283843994
1785277496.8105533,1704,3.141129732131958
1785277497.2242863,1705,4.763647079467773
1785277497.6358216,1706,3.4332499504089355
1785277498.0706959,1707,4.849480628967285
1785277498.5048742,1708,3.298178195953369
1785277498.909985,1709,3.7508625984191895
1785277499.1649623,1710,2.5602831840515137
1785277499.4051006,1711,4.15516996383667
1785277499.6446667,1712,2.455695629119873
1785277499.8882635,1713,4.164208889007568
1785277500.1492302,1714,4.482421875
1785277500.3893604,1715,3.429943084716797
1785277500.6355278,1716,3.930734157562256
1785277500.8786237,1717,3.4002163410186768
1785277501.1165686,1718,3.4555697441101074
1785277501.3512018,1719,3.4491701126098633
1785277501.5907433,1720,4.550422191619873
1785277501.8246708,1721,2.6910171508789062
1785277502.063419,1722,2.7262773513793945
1785277502.29851,1723,4.82962703704834
1785277502.5286424,1724,3.9552879333496094
1785277502.7954233,1725,2.9837563037872314
1785277503.0313516,1726,2.9891204833984375
1785277503.2722023,1727,2.3304128646850586
1785277503.5151558,1728,3.208181858062744
1785277503.7736924,1729,2.167471408843994
1785277504.167418,1730,2.8602278232574463
1785277504.5494113,1731,2.0856547355651855
1785277504.9710755,1732,2.9637176990509033
1785277505.3581424,1733,2.6753475666046143
1785277505.7918665,1734,2.924020767211914
1785277506.1718183,1735,2.65055775642395
1785277506.6079645,1736,2.4412331581115723
1785277506.9922853,1737,3.1108269691467285
1785277507.404151,1738,3.6884937286376953
1785277507.6664355,1739,2.425292491912842
1785277507.9058115,1740,4.294211387634277
1785277508.136665,1741,3.2973926067352295
1785277508.371215,1742,3.6198511123657227
1785277508.605651,1743,4.364195823669434
1785277508.8425825,1744,3.114819049835205
1785277509.0830214,1745,4.7538981437683105
1785277509.3370554,1746,4.143848896026611
1785277509.5822544,1747,3.6241488456726074
1785277509.818867,1748,2.179568290710449
1785277510.0570867,1749,4.062097072601318
1785277510.2895226,1750,2.4039745330810547
1785277510.5205808,1751,3.0127549171447754
1785277510.755005,1752,3.458961248397827
1785277510.990658,1753,5.339165687561035
1785277511.2423344,1754,1.62143874168396
1785277511.4756727,1755,2.9080052375793457
1785277511.7085955,1756,2.337573528289795
1785277511.9430554,1757,4.078266143798828
1785277512.1768138,1758,2.424612522125244
1785277512.4149826,1759,2.899932861328125
1785277512.8021815,1760,3.132760524749756
1785277513.1838615,1761,2.2837884426116943
1785277513.5651698,1762,2.3418149948120117
1785277513.9566507,1763,4.586583137512207
1785277514.3786988,1764,3.7418975830078125
1785277514.756942,1765,3.0554842948913574
1785277515.1434863,1766,3.6054325103759766
1785277515.5195055,1767,2.2120466232299805
1785277515.94485,1768,3.528416633605957
1785277516.374271,1769,3.4333486557006836
1785277516.6513155,1770,1.9747531414031982
1785277516.8898866,1771,3.386228084564209
1785277517.1611545,1772,4.4686737060546875
1785277517.4188664,1773,3.8307313919067383
1785277517.6612144,1774,3.2531378269195557
1785277517.8990037,1775,4.664725303649902
1785277518.1359532,1776,3.119368553161621
1785277518.3771212,1777,4.261357307434082
1785277518.6211267,1778,4.099040508270264
1785277518.8795686,1779,2.652571201324463
1785277519.1243358,1780,3.184663772583008
1785277519.3697267,1781,4.0257697105407715
1785277519.6147594,1782,2.3403849601745605
1785277519.869895,1783,2.381314754486084
1785277520.122087,1784,3.821838140487671
1785277520.3647873,1785,4.08712100982666
1785277520.6036928,1786,3.698167085647583
1785277520.8449564,1787,2.481224536895752
1785277521.0911322,1788,2.6713099479675293
1785277521.3261209,1789,3.1261043548583984
1785277521.5587378,1790,2.118847370147705
1785277521.8814976,1791,3.4982376098632812
1785277522.2712128,1792,3.7834668159484863
1785277522.7168536,1793,3.716848611831665
1785277523.1093824,1794,1.9664227962493896
1785277523.484957,1795,3.4841675758361816
1785277523.9044714,1796,3.306124687194824
1785277524.3481467,1797,2.511910915374756
1785277524.762208,1798,3.429638624191284
1785277525.141689,1799,2.121004819869995
1785277525.5527484,1800,4.287050724029541
1785277525.950805,1801,3.043572425842285
1785277526.2070446,1802,2.4796125888824463
1785277526.4396992,1803,3.6082589626312256
1785277526.6737092,1804,2.4544577598571777
1785277526.9050908,1805,3.691169261932373
1785277527.1526394,1806,3.7802209854125977
1785277527.3922265,1807,2.9552855491638184
1785277527.6228023,1808,4.123891830444336
1785277527.8686702,1809,3.8658595085144043
1785277528.1090114,1810,2.507052421569824
1785277528.350139,1811,3.302119255065918
1785277528.5835266,1812,3.296441078186035
1785277528.817697,1813,3.749663829803467
1785277529.0495157,1814,3.12882137298584
1785277529.2834814,1815,2.7357044219970703
1785277529.546853,1816,3.730506420135498
1785277529.7828755,1817,3.6577744483947754
1785277530.030429,1818,3.2620115280151367
1785277530.3913891,1819,3.20497465133667
1785277530.7845185,1820,3.263378143310547
1785277531.2046108,1821,3.125272274017334
1785277531.6011534,1822,2.7834572792053223
1785277532.0149283,1823,3.5509207248687744
1785277532.424444,1824,2.374995470046997
1785277532.8963053,1825,3.889000415802002
1785277533.2992604,1826,3.4239978790283203
1785277533.735442,1827,1.648360013961792
1785277534.038584,1828,2.401345729827881
1785277534.2833903,1829,3.730492115020752
1785277534.5233228,1830,2.7416059970855713
1785277534.7695782,1831,2.337681770324707
1785277535.0145695,1832,2.3453357219696045
1785277535.2572925,1833,2.163696765899658
1785277535.4881728,1834,3.948035478591919
1785277535.7193408,1835,2.8764801025390625
1785277535.9710178,1836,2.379701614379883
1785277536.2198231,1837,4.514440059661865
1785277536.4527972,1838,2.19191837310791
1785277536.6843126,1839,2.109023332595825
1785277536.916976,1840,4.410342216491699
1785277537.154631,1841,3.7210261821746826
1785277537.4042487,1842,2.448237419128418
1785277537.6448562,1843,2.910733938217163
1785277537.8872268,1844,4.587961196899414
1785277538.1463661,1845,2.9906678199768066
1785277538.5517776,1846,3.4393818378448486
1785277538.9545288,1847,2.0348823070526123
1785277539.364013,1848,1.8511019945144653
1785277539.770279,1849,4.3733673095703125
1785277540.1898406,1850,2.914299488067627
1785277540.575381,1851,2.222649574279785
1785277540.996598,1852,3.942567825317383
1785277541.4521477,1853,2.0366339683532715
1785277541.8145714,1854,2.8946642875671387
1785277542.0506258,1855,3.84981107711792
1785277542.2886207,1856,4.540151596069336
1785277542.5385942,1857,3.623018741607666
1785277542.7724204,1858,2.7396023273468018
1785277543.0060477,1859,3.5483498573303223
1785277543.2479117,1860,2.8897876739501953
1785277543.478552,1861,2.6751909255981445
1785277543.7334464,1862,2.593508720397949
1785277543.9727042,1863,2.8301548957824707
1785277544.2123454,1864,4.3482770919799805
1785277544.4444325,1865,2.9242513179779053
1785277544.6992338,1866,2.1796648502349854
1785277544.9666533,1867,2.8697867393493652
1785277545.2044616,1868,2.1910293102264404
1785277545.4402328,1869,3.6088480949401855
1785277545.6730504,1870,1.9021351337432861
1785277545.9085338,1871,3.576784610748291
1785277546.300492,1872,3.256026029586792
1785277546.7242987,1873,3.762934684753418
1785277547.1326551,1874,2.764658212661743
1785277547.531741,1875,3.1451473236083984
1785277547.957426,1876,2.8464889526367188
1785277548.344963,1877,2.572160243988037
1785277548.734808,1878,2.919936180114746
1785277549.1278439,1879,3.685642719268799
1785277549.5086975,1880,2.604799270629883
1785277549.896019,1881,3.1339664459228516
1785277550.2195911,1882,2.68776798248291
1785277550.4656081,1883,3.4677364826202393
1785277550.6968842,1884,2.568779468536377
1785277550.929023,1885,3.9320061206817627
1785277551.1609144,1886,2.607318878173828
1785277551.392212,1887,3.414682388305664
1785277551.6252325,1888,4.19265079498291
1785277551.8911088,1889,3.305187225341797
1785277552.126635,1890,4.294435977935791
1785277552.370313,1891,2.448024272918701
1785277552.6123238,1892,2.854161262512207
1785277552.8522012,1893,3.3970460891723633
1785277553.0932667,1894,2.7780652046203613
1785277553.3242137,1895,3.43740177154541
1785277553.559179,1896,2.588442087173462
1785277553.8111706,1897,3.6007885932922363
1785277554.077703,1898,2.2003283500671387
1785277554.3496091,1899,2.4665350914001465
1785277554.8085496,1900,3.1478419303894043
1785277555.2305079,1901,4.333980560302734
1785277555.6825292,1902,3.664584159851074
1785277556.0873191,1903,3.5344014167785645
1785277556.5199604,1904,5.632287979125977
1785277556.9525504,1905,1.8977729082107544
1785277557.3807473,1906,3.620689868927002
1785277557.7905116,1907,1.928157091140747
1785277558.2115004,1908,3.369211435317993
1785277558.4829545,1909,3.662846565246582
1785277558.7330134,1910,4.400610446929932
1785277558.9924052,1911,4.63614559173584
1785277559.2462425,1912,3.7139599323272705
1785277559.4772944,1913,3.1561684608459473
1785277559.7091832,1914,3.560396194458008
1785277559.9404986,1915,2.8417301177978516
1785277560.1794724,1916,2.3433327674865723
1785277560.4137607,1917,3.7973170280456543
1785277560.6441016,1918,2.451228618621826
1785277560.8817275,1919,3.4999589920043945
1785277561.116422,1920,3.421024799346924
1785277561.3497944,1921,3.3835482597351074
1785277561.5881991,1922,3.614152669906616
1785277561.8242517,1923,3.655548095703125
1785277562.057696,1924,2.415954113006592
1785277562.3002229,1925,3.9435534477233887
1785277562.5316548,1926,3.2389256954193115
1785277562.7810686,1927,1.6009160280227661
1785277563.0967638,1928,4.374469757080078
1785277563.492552,1929,4.339751720428467
1785277563.9000854,1930,3.6980156898498535
1785277564.3372278,1931,3.367375135421753
1785277564.740183,1932,3.0028772354125977
1785277565.1338077,1933,5.1981306076049805
1785277565.5405595,1934,4.158849716186523
1785277565.946238,1935,2.8060007095336914
1785277566.337846,1936,2.8310420513153076
1785277566.724913,1937,2.8472609519958496
1785277567.1236749,1938,4.477750778198242
1785277567.5600274,1939,3.273897171020508
1785277567.7961867,1940,2.7724475860595703
1785277568.080928,1941,3.797640800476074
1785277568.3177674,1942,2.7970409393310547
1785277568.5492477,1943,2.7057933807373047
1785277568.7977967,1944,3.385957717895508
1785277569.0426414,1945,2.943470001220703
1785277569.2736626,1946,1.9266879558563232
1785277569.5080268,1947,2.578148365020752
1785277569.7709622,1948,3.9623191356658936
1785277570.0025663,1949,1.8937342166900635
1785277570.238755,1950,2.135554313659668
1785277570.4803426,1951,3.637812614440918
1785277570.736919,1952,1.7381268739700317
1785277570.9723155,1953,3.287114143371582
1785277571.211218,1954,2.497854232788086
1785277571.448912,1955,2.71201229095459
1785277571.6939566,1956,2.6117987632751465
1785277572.0126054,1957,5.325721740722656
1785277572.395055,1958,3.260923385620117
1785277572.7919621,1959,3.670073986053467
1785277573.2067347,1960,3.33349347114563
1785277573.6210215,1961,2.848663806915283
1785277574.0368204,1962,3.9109418392181396
1785277574.435961,1963,3.40266752243042
1785277574.8554587,1964,3.951206684112549
1785277575.2465916,1965,3.4791150093078613
1785277575.6585784,1966,3.6164040565490723
1785277576.046287,1967,2.195141077041626
1785277576.3919127,1968,3.346949815750122
1785277576.6228569,1969,2.992859363555908
1785277576.8644292,1970,2.8617336750030518
1785277577.1109831,1971,3.7827510833740234
1785277577.354514,1972,3.362396478652954
1785277577.586441,1973,2.579848051071167
1785277577.8204079,1974,2.7881855964660645
1785277578.056088,1975,3.0381369590759277
1785277578.2913074,1976,2.796562910079956
1785277578.5544455,1977,3.029872417449951
1785277578.7964027,1978,2.8433189392089844
1785277579.0460045,1979,2.0526628494262695
1785277579.291974,1980,2.5652589797973633
1785277579.5387962,1981,3.950914144515991
1785277579.7857504,1982,2.964890718460083
1785277580.046133,1983,2.364285945892334
1785277580.2963622,1984,2.8884263038635254
1785277580.541348,1985,3.503852367401123
1785277580.7871706,1986,3.4051594734191895
1785277581.1874757,1987,3.370791435241699
1785277581.6037993,1988,2.471480369567871
1785277582.0063522,1989,4.132623672485352
1785277582.433861,1990,3.121953248977661
1785277582.8569505,1991,2.0734646320343018
1785277583.263586,1992,2.605426073074341
1785277583.6686842,1993,3.560819625854492
1785277584.090505,1994,2.364077568054199
1785277584.4864058,1995,4.0684990882873535
1785277584.7626455,1996,2.9551737308502197
1785277584.9958925,1997,3.703407049179077
1785277585.2332318,1998,3.2031400203704834
1785277585.4668698,1999,2.094163179397583
1785277585.6993225,2000,3.2381906509399414
1785277585.9534938,2001,1.9710643291473389
1785277586.1993985,2002,2.171814441680908
1785277586.4312363,2003,3.165759563446045
1785277586.665503,2004,3.3710737228393555
1785277586.9004393,2005,3.3051443099975586
1785277587.1496964,2006,3.8324732780456543
1785277587.4064174,2007,3.187546730041504
1785277587.6408103,2008,2.8237595558166504
1785277587.8722417,2009,3.223299026489258
1785277588.1138697,2010,2.740636110305786
1785277588.3586102,2011,2.98087215423584
1785277588.614812,2012,3.933558940887451
1785277588.8848996,2013,4.032894134521484
1785277589.2993603,2014,3.8543105125427246
1785277589.696362,2015,2.6342649459838867
1785277590.0816185,2016,3.401771068572998
1785277590.4992118,2017,2.9643352031707764
1785277590.897214,2018,3.4051060676574707
1785277591.27931,2019,3.226485013961792
1785277591.6879714,2020,2.3406288623809814
1785277592.109058,2021,2.033414363861084
1785277592.5304403,2022,3.5773067474365234
1785277592.9229515,2023,2.9883968830108643
1785277593.2625208,2024,4.007547855377197
1785277593.4970036,2025,3.0128068923950195
1785277593.7407758,2026,2.0404090881347656
1785277593.9783983,2027,2.034539222717285
1785277594.220328,2028,2.257763385772705
1785277594.4581192,2029,2.346468210220337
1785277594.6924372,2030,3.0860671997070312
1785277594.9282572,2031,4.462270259857178
1785277595.1649072,2032,1.6905478239059448
1785277595.398721,2033,3.7222819328308105
1785277595.641716,2034,2.649322986602783
1785277595.885186,2035,3.5108137130737305
1785277596.1253188,2036,4.501377105712891
1785277596.3592896,2037,4.175228595733643
1785277596.5909798,2038,3.375439167022705
1785277596.8290446,2039,2.7218241691589355
1785277597.0703025,2040,2.7770845890045166
1785277597.3031409,2041,3.397106647491455
1785277597.6778736,2042,3.178049087524414
1785277598.0794098,2043,2.6337337493896484
1785277598.4865334,2044,2.6667115688323975
1785277598.873368,2045,2.868582248687744
1785277599.2851148,2046,2.683677911758423
1785277599.6793041,2047,3.8273367881774902
1785277600.076828,2048,3.968480110168457
1785277600.4622648,2049,3.0025649070739746
1785277600.8420246,2050,2.1975369453430176
1785277601.2259228,2051,2.7314882278442383
1785277601.5660284,2052,3.298192024230957
1785277601.8025868,2053,2.966291904449463
1785277602.0434654,2054,4.130663871765137
1785277602.276657,2055,2.026487350463867
1785277602.519985,2056,3.3289265632629395
1785277602.765975,2057,2.240532159805298
1785277602.9992476,2058,3.6987411975860596
1785277603.2537363,2059,3.1427671909332275
1785277603.4876468,2060,2.6888484954833984
1785277603.7272048,2061,2.4881367683410645
1785277603.9632704,2062,2.4108619689941406
1785277604.2145941,2063,2.5988521575927734
1785277604.4493756,2064,1.7406175136566162
1785277604.6864538,2065,2.9769835472106934
1785277604.9185953,2066,2.4758734703063965
1785277605.161313,2067,1.89889395236969
1785277605.398061,2068,2.2481350898742676
1785277605.6376672,2069,2.980557441711426
1785277605.979511,2070,4.528543472290039
1785277606.362509,2071,3.5501019954681396
1785277606.7860684,2072,3.616217613220215
1785277607.2059443,2073,2.04490327835083
1785277607.613865,2074,3.2476322650909424
1785277608.0100632,2075,2.702023983001709
1785277608.421908,2076,1.8227789402008057
1785277608.8354394,2077,2.2230236530303955
1785277609.2281208,2078,3.2099056243896484
1785277609.6100903,2079,2.9331774711608887
1785277610.002564,2080,2.250675678253174
1785277610.382209,2081,2.932459592819214
1785277610.6576595,2082,3.627617359161377
1785277610.8926692,2083,3.0257792472839355
1785277611.1435528,2084,3.4420464038848877
1785277611.3869827,2085,2.6160387992858887
1785277611.6512802,2086,2.667060375213623
1785277611.8884702,2087,2.7541606426239014
1785277612.1235325,2088,2.7809391021728516
1785277612.3770697,2089,4.459559440612793
1785277612.6075766,2090,3.7237110137939453
1785277612.8484063,2091,2.8094420433044434
1785277613.0915985,2092,3.485382318496704
1785277613.3346493,2093,3.2368369102478027
1785277613.596836,2094,4.051815509796143
1785277613.8522806,2095,2.852027654647827
1785277614.113126,2096,3.8921337127685547
1785277614.356571,2097,2.255302906036377
1785277614.6037245,2098,2.730020523071289
1785277614.8430538,2099,3.674072265625
1785277615.198514,2100,2.276888370513916
1785277615.608592,2101,4.421092510223389
1785277616.0241451,2102,5.147312164306641
1785277616.4448051,2103,3.4120569229125977
1785277616.9044762,2104,3.7358717918395996
1785277617.342186,2105,3.008120059967041
1785277617.7822309,2106,1.858523964881897
1785277618.2115045,2107,4.069760322570801
1785277618.650834,2108,2.7572824954986572
1785277619.1086428,2109,3.7323427200317383
1785277619.3536532,2110,2.932173252105713
1785277619.6207097,2111,4.953908920288086
1785277619.869137,2112,5.065972328186035
1785277620.1231587,2113,1.7521922588348389
1785277620.3687131,2114,1.9018077850341797
1785277620.6269288,2115,2.656796932220459
1785277620.908224,2116,2.1888840198516846
1785277621.1848981,2117,2.5873308181762695
1785277621.4414463,2118,3.9056432247161865
1785277621.7228084,2119,2.4959380626678467
1785277621.9650779,2120,4.265929222106934
1785277622.2223084,2121,2.6022820472717285
1785277622.4729445,2122,2.639832019805908
1785277622.7280886,2123,4.822138786315918
1785277622.9850643,2124,2.004952907562256
1785277623.308471,2125,4.05015230178833
1785277623.7323177,2126,2.0734734535217285
1785277624.1334982,2127,2.2315526008605957
1785277624.5473895,2128,3.730430841445923
1785277624.9755163,2129,2.3032517433166504
1785277625.3794055,2130,3.4849672317504883
1785277625.8144886,2131,4.537229061126709
1785277626.213475,2132,3.572655200958252
1785277626.6375153,2133,2.172177791595459
1785277627.036689,2134,3.0615434646606445
1785277627.291653,2135,1.903404951095581
1785277627.5349555,2136,2.680893898010254
1785277627.7853622,2137,2.4014713764190674
1785277628.0276327,2138,3.359589099884033
1785277628.3553536,2139,2.8566713333129883
1785277628.612873,2140,3.9461116790771484
1785277628.8468451,2141,2.6159770488739014
1785277629.0932,2142,3.2308201789855957
1785277629.3343258,2143,3.4907290935516357
1785277629.572501,2144,3.31264066696167
1785277629.8293958,2145,3.006601333618164
1785277630.0651064,2146,3.220078945159912
1785277630.312549,2147,4.5363054275512695
1785277630.5507493,2148,4.043919563293457
1785277630.7967489,2149,3.0609569549560547
1785277631.042173,2150,3.249894142150879
1785277631.2928398,2151,4.556030750274658
1785277631.5401745,2152,2.616194248199463
1785277631.9683943,2153,3.157940149307251
1785277632.4343421,2154,3.1179213523864746
1785277632.8771176,2155,2.6499617099761963
1785277633.2956836,2156,4.194252014160156
1785277633.6947148,2157,3.221426010131836
1785277634.121903,2158,2.8865790367126465
1785277634.580397,2159,2.9835007190704346
1785277635.0142298,2160,2.49245023727417
1785277635.281296,2161,3.3403749465942383
1785277635.5328999,2162,2.470107316970825
1785277635.7841194,2163,4.151162624359131
1785277636.059532,2164,3.8367269039154053
1785277636.329993,2165,3.7782130241394043
1785277636.5864422,2166,3.250680923461914
1785277636.8299415,2167,3.423621892929077
1785277637.094981,2168,2.5128173828125
1785277637.3419266,2169,1.5814082622528076
1785277637.600186,2170,3.743788003921509
1785277637.8373873,2171,3.123199701309204
1785277638.0929685,2172,2.559722900390625
1785277638.3313303,2173,4.355321407318115
1785277638.5677676,2174,4.24854040145874
1785277638.8080163,2175,3.3588638305664062
1785277639.0479186,2176,3.165773391723633
1785277639.4294462,2177,3.191195011138916
1785277639.8675573,2178,3.908660888671875
1785277640.2772279,2179,3.8989310264587402
1785277640.7042646,2180,1.8207371234893799
1785277641.1355233,2181,3.32243275642395
1785277641.618373,2182,3.1298670768737793
1785277642.0504172,2183,3.2508134841918945
1785277642.3756254,2184,4.048521041870117
1785277642.6445827,2185,3.46917724609375
1785277642.8969283,2186,3.449479579925537
1785277643.1540778,2187,3.0775394439697266
1785277643.3951392,2188,4.3569793701171875
1785277643.6491344,2189,2.7090506553649902
1785277643.90193,2190,3.9852614402770996
1785277644.1478364,2191,3.027224063873291
1785277644.3891416,2192,2.6892948150634766
1785277644.6406057,2193,3.4439055919647217
1785277644.8922906,2194,3.291752815246582
1785277645.1349971,2195,3.2236783504486084
1785277645.3761015,2196,3.4490814208984375
1785277645.624078,2197,3.296658515930176
1785277645.8631973,2198,4.210294246673584
1785277646.19522,2199,4.181615352630615
1785277646.5864708,2200,2.2585654258728027
1785277646.9953318,2201,2.425976037979126
1785277647.4254847,2202,3.6139631271362305
1785277647.8227358,2203,3.5969290733337402
1785277648.2645786,2204,2.3235321044921875
1785277648.643555,2205,3.614621877670288
1785277649.0295486,2206,3.940049171447754
1785277649.4190712,2207,2.7354133129119873
1785277649.809802,2208,2.5610952377319336
1785277650.1921375,2209,3.906515598297119
1785277650.4302292,2210,3.644353151321411
1785277650.679729,2211,2.9530348777770996
1785277650.9596045,2212,3.3537049293518066
1785277651.194673,2213,2.398087978363037
1785277651.4280176,2214,2.425205707550049
1785277651.663382,2215,2.9517784118652344
1785277651.8945022,2216,2.7822933197021484
1785277652.137791,2217,2.1945462226867676
1785277652.368063,2218,3.058337926864624
1785277652.6051006,2219,2.8939614295959473
1785277652.8463542,2220,3.455714702606201
1785277653.0775993,2221,2.8604633808135986
1785277653.3210592,2222,2.3053970336914062
1785277653.5573707,2223,1.8020238876342773
1785277653.7961168,2224,3.028243064880371
1785277654.0508049,2225,2.5804004669189453
1785277654.309814,2226,3.1538469791412354
1785277654.547839,2227,2.6398019790649414
1785277654.8590877,2228,2.475766658782959
1785277655.2429254,2229,2.203307628631592
1785277655.6656106,2230,3.1349570751190186
1785277656.0612152,2231,3.2238898277282715
1785277656.4731424,2232,3.8435580730438232
1785277656.8594153,2233,2.205629348754883
1785277657.2687933,2234,3.3261711597442627
1785277657.6679156,2235,2.7506558895111084
1785277658.0713294,2236,2.3851332664489746
1785277658.48267,2237,2.9580459594726562
1785277658.9134014,2238,3.4702205657958984
1785277659.1599803,2239,2.965744733810425
1785277659.4259815,2240,3.89827036857605
1785277659.6701186,2241,3.9254400730133057
1785277659.9107761,2242,2.638477325439453
1785277660.1571753,2243,2.4813547134399414
1785277660.4071584,2244,3.0601730346679688
1785277660.6549566,2245,4.034233570098877
1785277660.911955,2246,2.995337963104248
1785277661.1546946,2247,2.754300594329834
1785277661.3930883,2248,3.292750358581543
1785277661.6392422,2249,3.155712127685547
1785277661.8922846,2250,2.8009471893310547
1785277662.1359088,2251,2.052229404449463
1785277662.3935573,2252,2.295684814453125
1785277662.6565456,2253,4.470917224884033
1785277662.9030056,2254,3.7881312370300293
1785277663.1773746,2255,3.145583152770996
1785277663.5763202,2256,2.566680908203125
1785277663.9783187,2257,3.7041659355163574
1785277664.4630144,2258,2.5690526962280273
1785277664.9052033,2259,4.1150383949279785
1785277665.3046832,2260,3.079829216003418
1785277665.7338421,2261,3.5019538402557373
1785277666.1937938,2262,4.830665111541748
1785277666.5369928,2263,4.114989757537842
1785277666.7915132,2264,4.093605995178223
1785277667.0316477,2265,2.85701847076416
1785277667.2753568,2266,4.136764049530029
1785277667.5246215,2267,4.001019477844238
1785277667.7575397,2268,2.327630043029785
1785277667.9919703,2269,2.989572286605835
1785277668.224933,2270,3.133328676223755
1785277668.456397,2271,4.814187049865723
1785277668.6911018,2272,2.110138177871704
1785277668.9276679,2273,3.820223569869995
1785277669.1719222,2274,1.9319920539855957
1785277669.4042633,2275,3.187180995941162
1785277669.6432748,2276,1.7407375574111938
1785277669.8858154,2277,3.508533239364624
1785277670.1183352,2278,4.025579452514648
1785277670.35512,2279,3.247951030731201
1785277670.593427,2280,2.488426446914673
1785277670.8345509,2281,2.396124839782715
1785277671.1295867,2282,3.6101958751678467
1785277671.5441344,2283,3.5199031829833984
1785277672.0215788,2284,4.778385162353516
1785277672.4927459,2285,2.9884581565856934
1785277672.9164205,2286,3.2294530868530273
1785277673.3104877,2287,2.8224754333496094
1785277673.7403195,2288,4.159482479095459
1785277674.1636872,2289,2.4241137504577637
1785277674.5713546,2290,3.1868906021118164
1785277674.8156118,2291,3.2575745582580566
1785277675.06021,2292,3.1431970596313477
1785277675.3065238,2293,1.6825265884399414
1785277675.5536034,2294,3.0918233394622803
1785277675.7940588,2295,3.8754982948303223
1785277676.0424092,2296,2.5666091442108154
1785277676.277133,2297,3.2822461128234863
1785277676.5102172,2298,3.196154832839966
1785277676.7800598,2299,2.2625374794006348
1785277677.022802,2300,2.7157769203186035
1785277677.2592947,2301,2.9085230827331543
1785277677.5013351,2302,2.475693702697754
1785277677.7420409,2303,3.6101527214050293
1785277678.0046926,2304,3.3498375415802
1785277678.2495446,2305,3.1639246940612793
1785277678.5006282,2306,2.0732431411743164
1785277678.838434,2307,3.2317566871643066
1785277679.2665312,2308,3.196530342102051
1785277679.7079241,2309,1.936373233795166
1785277680.1461186,2310,2.7843151092529297
1785277680.5634086,2311,2.024440050125122
1785277680.9615037,2312,2.3786697387695312
1785277681.3684409,2313,3.0815041065216064
1785277681.7812471,2314,3.2098727226257324
1785277682.2411773,2315,3.1619420051574707
1785277682.5231645,2316,2.7464630603790283
1785277682.779161,2317,2.688749074935913
1785277683.0495782,2318,3.7248966693878174
1785277683.3088284,2319,3.5483510494232178
1785277683.5678163,2320,3.5720298290252686
1785277683.8348334,2321,2.6970760822296143
1785277684.0898557,2322,5.6880106925964355
1785277684.3387172,2323,3.7053256034851074
1785277684.578593,2324,2.517716884613037
1785277684.8415575,2325,2.5240535736083984
1785277685.1232333,2326,3.095710515975952
1785277685.3625712,2327,3.033111572265625
1785277685.6186619,2328,2.5123467445373535
1785277685.8666208,2329,2.7102410793304443
1785277686.116408,2330,4.134522438049316
1785277686.3597,2331,3.556936264038086
1785277686.5973926,2332,4.005250930786133
1785277687.0450268,2333,3.092343330383301
1785277687.539101,2334,2.786250352859497
1785277687.9499755,2335,2.257568359375
1785277688.3524954,2336,1.6192859411239624
1785277688.790745,2337,2.4214227199554443
1785277689.2235205,2338,1.7781713008880615
1785277689.5699978,2339,3.395017147064209
1785277689.820095,2340,2.83151912689209
1785277690.068522,2341,3.2672741413116455
1785277690.340975,2342,2.9697225093841553
1785277690.5898354,2343,3.0432357788085938
1785277690.8297546,2344,3.340299129486084
1785277691.0690367,2345,2.9302918910980225
1785277691.3158574,2346,3.2742674350738525
1785277691.5633352,2347,4.096392631530762
1785277691.8090987,2348,2.621309757232666
1785277692.0620627,2349,4.483056545257568
1785277692.3058572,2350,2.9917097091674805
1785277692.5464776,2351,3.039684772491455
1785277692.7862635,2352,3.292086124420166
1785277693.0280304,2353,1.6988625526428223
1785277693.2858808,2354,3.1032681465148926
1785277693.610132,2355,3.113528251647949
1785277694.0295672,2356,3.4528815746307373
1785277694.4404476,2357,2.7986435890197754
1785277694.8817446,2358,1.927646517753601
1785277695.3103948,2359,2.44292950630188
1785277695.7245688,2360,2.957082509994507
1785277696.136316,2361,2.891709089279175
1785277696.5400329,2362,2.808316230773926
1785277696.991823,2363,3.1657814979553223
1785277697.2986772,2364,3.207693576812744
1785277697.5575235,2365,4.514025688171387
1785277697.814338,2366,3.7866439819335938
1785277698.0759082,2367,2.862520694732666
1785277698.330981,2368,1.8166844844818115
1785277698.585755,2369,3.4039371013641357
1785277698.8386304,2370,2.684363842010498
1785277699.0776906,2371,2.579887866973877
1785277699.3172262,2372,2.5310230255126953
1785277699.5545442,2373,2.405322790145874
1785277699.810612,2374,3.150669574737549
1785277700.063413,2375,2.1061322689056396
1785277700.3061824,2376,1.946737289428711
1785277700.5451016,2377,2.704470157623291
1785277700.7797666,2378,2.544161796569824
1785277701.0272539,2379,2.5253748893737793
1785277701.3885138,2380,3.910952568054199
1785277701.8173776,2381,3.7347822189331055
1785277702.227686,2382,1.9767184257507324
1785277702.608912,2383,1.8396778106689453
1785277702.9990373,2384,4.509991645812988
1785277703.4340723,2385,2.499241352081299
1785277703.8726034,2386,2.431211233139038
1785277704.2961397,2387,2.470188617706299
1785277704.7411735,2388,2.975618839263916
1785277705.019436,2389,2.456230640411377
1785277705.2755897,2390,2.4064478874206543
1785277705.5141382,2391,4.422722816467285
1785277705.7632074,2392,2.6666712760925293
1785277706.0068355,2393,2.57627010345459
1785277706.2506688,2394,2.8450369834899902
1785277706.4911323,2395,2.920903205871582
1785277706.7325716,2396,3.1459264755249023
1785277706.9916687,2397,3.2057230472564697
1785277707.250991,2398,2.953723907470703
1785277707.5265985,2399,1.726096272468567
1785277707.7735665,2400,3.238933563232422
1785277708.0074508,2401,3.3057563304901123
1785277708.258354,2402,2.7909603118896484
1785277708.489488,2403,1.9810450077056885
1785277708.9063382,2404,4.014917373657227
1785277709.295596,2405,3.326634168624878
1785277709.7386312,2406,2.245819568634033
1785277710.141724,2407,3.456977605819702
1785277710.5365798,2408,3.4868767261505127
1785277710.9320135,2409,2.4696097373962402
1785277711.33138,2410,2.2365736961364746
1785277711.7654035,2411,3.4245243072509766
1785277712.1641393,2412,2.5733630657196045
1785277712.39919,2413,3.7660813331604004
1785277712.631694,2414,3.2606992721557617
1785277712.8633447,2415,2.8092153072357178
1785277713.096753,2416,2.9000866413116455
1785277713.3298151,2417,1.649472713470459
1785277713.5609682,2418,4.241095066070557
1785277713.8077703,2419,3.1606082916259766
1785277714.0386848,2420,2.963473320007324
1785277714.2853172,2421,1.765620231628418
1785277714.5174053,2422,2.3245725631713867
1785277714.7641091,2423,1.9401637315750122
1785277715.0004196,2424,3.736182928085327
1785277715.2375314,2425,3.5681984424591064
1785277715.472448,2426,3.260525703430176
1785277715.7368758,2427,2.6406710147857666
1785277716.1250184,2428,4.291637420654297
1785277716.5159545,2429,2.2131381034851074
1785277716.9385223,2430,3.0332043170928955
1785277717.3546247,2431,2.4590096473693848
1785277717.7395697,2432,2.7773351669311523
1785277718.1856644,2433,2.710634469985962
1785277718.6268146,2434,2.1332106590270996
1785277719.0101223,2435,2.754706621170044
1785277719.3933592,2436,3.197978973388672
1785277719.7782292,2437,3.360236644744873
1785277720.0408216,2438,5.016713619232178
1785277720.272629,2439,3.4082775115966797
1785277720.5038924,2440,3.2613348960876465
1785277720.7518857,2441,3.439072608947754
1785277720.9867778,2442,1.8277539014816284
1785277721.2267919,2443,3.0277817249298096
1785277721.4580564,2444,2.0177040100097656
1785277721.690194,2445,4.11832857131958
1785277721.9240775,2446,3.407480239868164
1785277722.154316,2447,3.2542436122894287
1785277722.400528,2448,3.0326781272888184
1785277722.6344786,2449,2.2872982025146484
1785277722.880106,2450,2.241680145263672
1785277723.1119146,2451,3.5895705223083496
1785277723.3583653,2452,1.791600227355957
1785277723.5995798,2453,3.282196521759033
1785277724.0549085,2454,2.708725929260254
1785277724.4315257,2455,3.439746379852295
1785277724.826833,2456,3.0218963623046875
1785277725.2131212,2457,3.2594776153564453
1785277725.6148996,2458,1.7033612728118896
1785277726.0432372,2459,2.5976336002349854
1785277726.4718606,2460,3.6702775955200195
1785277726.8529856,2461,2.2313554286956787
1785277727.2407577,2462,4.147632598876953
1785277727.630082,2463,3.7167422771453857
1785277728.0111773,2464,2.875340223312378
1785277728.402313,2465,2.8756632804870605
1785277728.637597,2466,3.5409128665924072
1785277728.868937,2467,4.673957824707031
1785277729.114721,2468,4.520623683929443
1785277729.367564,2469,4.016974449157715
1785277729.6002693,2470,1.860002040863037
1785277729.8408585,2471,2.668397903442383
1785277730.0812259,2472,3.9187192916870117
1785277730.3339317,2473,3.3435988426208496
1785277730.5650015,2474,3.254188060760498
1785277730.8126447,2475,2.8952579498291016
1785277731.0508945,2476,3.504302501678467
1785277731.2825468,2477,3.84515380859375
1785277731.5367818,2478,3.863821506500244
1785277731.7689538,2479,2.2460131645202637
1785277732.0149698,2480,2.9138245582580566
1785277732.2615511,2481,2.0438454151153564
1785277732.4951615,2482,2.9334022998809814
1785277732.9171917,2483,2.861727714538574
1785277733.3019724,2484,3.026754379272461
1785277733.7075715,2485,2.6897783279418945
1785277734.0995696,2486,1.7783689498901367
1785277734.4996176,2487,3.4833006858825684
1785277734.9191542,2488,3.8684535026550293
1785277735.3467133,2489,3.303114891052246
1785277735.7968926,2490,2.928776979446411
1785277736.2084477,2491,2.0783162117004395
1785277736.6748588,2492,5.154699325561523
1785277737.103674,2493,2.316420555114746
1785277737.341538,2494,4.7117486000061035
1785277737.5840974,2495,3.661147117614746
1785277737.82681,2496,1.4566781520843506
1785277738.0751905,2497,2.4108543395996094
1785277738.3137915,2498,3.2612690925598145
1785277738.5571063,2499,2.6729631423950195
1785277738.81304,2500,2.853531837463379
1785277739.069529,2501,3.834603786468506
1785277739.305751,2502,3.650026321411133
1785277739.542819,2503,4.409391403198242
1785277739.7871363,2504,2.399165630340576
1785277740.056778,2505,2.5112857818603516
1785277740.2975628,2506,4.022316932678223
1785277740.5412676,2507,4.269833564758301
1785277740.8662364,2508,3.10819411277771
1785277741.2670138,2509,2.699542999267578
1785277741.6552553,2510,3.6451685428619385
1785277742.040059,2511,2.474745988845825
1785277742.4566884,2512,2.5812413692474365
1785277742.8691237,2513,3.626127004623413
1785277743.270796,2514,2.3603906631469727
1785277743.6825943,2515,3.2633609771728516
1785277744.0328789,2516,4.200647354125977
1785277744.2683651,2517,2.694894313812256
1785277744.4988246,2518,1.9145967960357666
1785277744.7302027,2519,2.2450966835021973
1785277744.9646728,2520,1.878352403640747
1785277745.2040186,2521,3.453573703765869
1785277745.4374847,2522,2.172335386276245
1785277745.7004724,2523,1.8802483081817627
1785277745.9717393,2524,3.466240644454956
1785277746.207738,2525,3.0046615600585938
1785277746.453403,2526,4.383572578430176
1785277746.6881235,2527,2.9572787284851074
1785277746.922866,2528,2.6442880630493164
1785277747.1620355,2529,2.821652889251709
1785277747.4080637,2530,3.351656436920166
1785277747.6404645,2531,3.3929338455200195
1785277747.8716223,2532,2.5773468017578125
1785277748.2595654,2533,3.635923385620117
1785277748.684953,2534,2.7724361419677734
1785277749.0961075,2535,4.833089828491211
1785277749.4854774,2536,3.7302517890930176
1785277749.879732,2537,1.6930515766143799
1785277750.266987,2538,3.3135762214660645
1785277750.6623883,2539,3.54158616065979
1785277751.064468,2540,3.1336240768432617
1785277751.4481153,2541,2.376527786254883
1785277751.8489997,2542,4.196115493774414
1785277752.2911747,2543,2.8693480491638184
1785277752.6811702,2544,3.362462043762207
1785277752.928132,2545,2.527388334274292
1785277753.1847746,2546,4.008866786956787
1785277753.4376261,2547,2.8179054260253906
1785277753.6874905,2548,2.2115278244018555
1785277753.9238715,2549,2.7582645416259766
1785277754.1596954,2550,2.8522205352783203
1785277754.3919523,2551,3.0597667694091797
1785277754.628727,2552,3.8461790084838867
1785277754.864372,2553,2.084806442260742
1785277755.0954657,2554,2.9512205123901367
1785277755.3292353,2555,3.1530628204345703
1785277755.5659692,2556,2.9860429763793945
1785277755.7992811,2557,2.4860849380493164
1785277756.0329034,2558,4.124877452850342
1785277756.2659998,2559,1.5114107131958008
1785277756.501551,2560,2.945284605026245
1785277756.8920698,2561,3.3063406944274902
1785277757.2850127,2562,3.0157852172851562
1785277757.6885858,2563,4.522859573364258
1785277758.0783527,2564,4.311736583709717
1785277758.472244,2565,3.242344856262207
1785277758.8670638,2566,2.5742416381835938
1785277759.2658505,2567,3.3570516109466553
1785277759.6468194,2568,2.0004281997680664
1785277760.0376878,2569,2.46272611618042
1785277760.4944797,2570,2.8342747688293457
1785277760.9855247,2571,3.1527957916259766
1785277761.3272705,2572,2.493931293487549
1785277761.5733058,2573,3.405029058456421
1785277761.840959,2574,2.373347759246826
1785277762.0803804,2575,3.5139946937561035
1785277762.3564928,2576,2.825652599334717
1785277762.607214,2577,3.5240461826324463
1785277762.8606412,2578,2.3296689987182617
1785277763.109494,2579,2.763948678970337
1785277763.359942,2580,2.177846908569336
1785277763.5994158,2581,2.218168258666992
1785277763.8378236,2582,3.284821033477783
1785277764.0680766,2583,3.164400100708008
1785277764.3016846,2584,2.4489998817443848
1785277764.57652,2585,3.788926601409912
1785277764.8120604,2586,1.5969455242156982
1785277765.05877,2587,3.058910369873047
1785277765.3017814,2588,3.034817695617676
1785277765.604767,2589,2.3785862922668457
1785277765.9836273,2590,2.301851749420166
1785277766.3801847,2591,2.8954551219940186
1785277766.7696412,2592,3.204561471939087
1785277767.1731904,2593,2.4714086055755615
1785277767.6219106,2594,2.6717753410339355
1785277768.049794,2595,3.7054147720336914
1785277768.4834275,2596,2.771298408508301
1785277768.9055142,2597,2.3237009048461914
1785277769.3195484,2598,2.832629680633545
1785277769.7571142,2599,2.6153945922851562
1785277770.0022504,2600,2.011838674545288
1785277770.2534187,2601,2.9376440048217773
1785277770.497122,2602,1.8162575960159302
1785277770.7478914,2603,3.4391520023345947
1785277770.9870186,2604,2.311816692352295
1785277771.2439625,2605,1.8058900833129883
1785277771.489147,2606,3.0314464569091797
1785277771.7477458,2607,2.695953369140625
1785277771.988941,2608,1.9565649032592773
1785277772.23579,2609,2.087935447692871
1785277772.4782944,2610,2.5823726654052734
1785277772.7216125,2611,2.800455093383789
1785277772.9934688,2612,3.235466718673706
1785277773.2356565,2613,3.413886070251465
1785277773.4692597,2614,4.4316911697387695
1785277773.7197385,2615,2.516721248626709
1785277773.9528055,2616,1.591103196144104
1785277774.3380167,2617,1.9867451190948486
1785277774.7617736,2618,3.0702362060546875
1785277775.1828487,2619,3.1465821266174316
1785277775.570677,2620,2.180487632751465
1785277775.982226,2621,2.5771450996398926
1785277776.388093,2622,3.09584903717041
1785277776.7966967,2623,3.2010281085968018
1785277777.1946623,2624,2.8206844329833984
1785277777.578874,2625,1.735028624534607
1785277777.9640262,2626,3.9249556064605713
1785277778.2563193,2627,3.213289260864258
1785277778.4968762,2628,3.3080875873565674
1785277778.7318652,2629,3.6542716026306152
1785277778.9779341,2630,3.234531879425049
1785277779.2120812,2631,1.739447832107544
1785277779.4428382,2632,2.7156260013580322
1785277779.6845188,2633,2.208055019378662
1785277779.925867,2634,1.96836519241333
1785277780.1619864,2635,2.6922507286071777
1785277780.3950443,2636,2.5068607330322266
1785277780.6344016,2637,1.626941204071045
1785277780.8652155,2638,3.274348258972168
1785277781.0970452,2639,3.5602951049804688
1785277781.3371124,2640,3.074995994567871
1785277781.5743484,2641,3.6834335327148438
1785277781.8292506,2642,2.027927875518799
1785277782.0696557,2643,2.672935724258423
1785277782.3034043,2644,3.2728800773620605
1785277782.6110795,2645,2.8028109073638916
1785277782.9946585,2646,2.108530044555664
1785277783.412442,2647,3.0775513648986816
1785277783.7926798,2648,4.286640644073486
1785277784.1714325,2649,3.382580518722534
1785277784.572809,2650,2.6684393882751465
1785277784.9546275,2651,2.5418145656585693
1785277785.3400445,2652,2.838326930999756
1785277785.736271,2653,1.744051456451416
1785277786.1456997,2654,2.674380302429199
1785277786.4905066,2655,2.271885395050049
1785277786.7367597,2656,3.593057632446289
1785277786.9671283,2657,3.4116697311401367
1785277787.1997342,2658,2.410576105117798
1785277787.4305627,2659,2.764249801635742
1785277787.6945856,2660,3.8295066356658936
1785277787.9259522,2661,3.584521770477295
1785277788.1578667,2662,2.341500997543335
1785277788.4043229,2663,2.5953316688537598
1785277788.6418018,2664,3.186570882797241
1785277788.8731077,2665,2.286405086517334
1785277789.1090093,2666,3.8339264392852783
1785277789.3392153,2667,2.4650721549987793
1785277789.580505,2668,2.104567289352417
1785277789.9717886,2669,2.097217082977295
1785277790.3822818,2670,2.1084976196289062
1785277790.7766201,2671,2.9342150688171387
1785277791.1618507,2672,1.7770490646362305
1785277791.5599976,2673,2.967825174331665
1785277791.9731395,2674,3.714845657348633
1785277792.4084785,2675,2.769145965576172
1785277792.790324,2676,2.720595598220825
1785277793.1769779,2677,3.0839881896972656
1785277793.5958035,2678,2.25748872756958
1785277793.9454408,2679,2.0482442378997803
1785277794.1889668,2680,1.9084298610687256
1785277794.445603,2681,1.9303770065307617
1785277794.68607,2682,5.363459587097168
1785277794.9301026,2683,1.9507287740707397
1785277795.1690547,2684,1.8741459846496582
1785277795.4056466,2685,2.974905014038086
1785277795.650705,2686,3.9361677169799805
1785277795.8938918,2687,3.380715847015381
1785277796.1367757,2688,2.546177625656128
1785277796.378631,2689,2.6149439811706543
1785277796.6165495,2690,1.9976904392242432
1785277796.8620362,2691,3.469743251800537
1785277797.102968,2692,3.0426464080810547
1785277797.342393,2693,1.7710983753204346
1785277797.59199,2694,2.1493711471557617
1785277798.00783,2695,1.8074913024902344
1785277798.4242737,2696,3.6769280433654785
1785277798.8395176,2697,3.607776403427124
1785277799.2610624,2698,3.0910043716430664
1785277799.7367706,2699,2.8513054847717285
1785277800.1334774,2700,4.154174327850342
1785277800.5571597,2701,2.1096715927124023
1785277800.9939137,2702,3.3172945976257324
1785277801.2744446,2703,3.0845444202423096
1785277801.5423808,2704,2.3502261638641357
1785277801.7935002,2705,2.8195037841796875
1785277802.0463629,2706,2.853085517883301
1785277802.3012066,2707,2.931511640548706
1785277802.54835,2708,1.9885069131851196
1785277802.7912161,2709,2.065775156021118
1785277803.0254426,2710,3.535698175430298
1785277803.2566473,2711,2.982679843902588
1785277803.4909353,2712,1.9474844932556152
1785277803.7209654,2713,2.6023378372192383
1785277803.9560258,2714,2.3198413848876953
1785277804.1938374,2715,1.7874609231948853
1785277804.424931,2716,3.4129281044006348
1785277804.6888754,2717,3.3723299503326416
1785277804.9261546,2718,3.1628592014312744
1785277805.3259428,2719,2.951996326446533
1785277805.7371762,2720,2.6803736686706543
1785277806.172028,2721,2.4901680946350098
1785277806.5655086,2722,2.7948694229125977
1785277806.9748461,2723,2.2456016540527344
1785277807.3600047,2724,2.637089729309082
1785277807.754174,2725,3.847921371459961
1785277808.2340634,2726,2.399979591369629
1785277808.5166416,2727,2.849346160888672
1785277808.7553668,2728,2.4873030185699463
1785277809.0065932,2729,2.8761520385742188
1785277809.2431803,2730,2.928220272064209
1785277809.475452,2731,2.7403323650360107
1785277809.70989,2732,2.869567394256592
1785277809.9489217,2733,3.554786205291748
1785277810.2111247,2734,2.4483234882354736
1785277810.4411545,2735,2.467386245727539
1785277810.6762667,2736,2.251708984375
1785277810.9076273,2737,1.7434544563293457
1785277811.166742,2738,4.369259834289551
1785277811.4037325,2739,2.88730788230896
1785277811.6466568,2740,1.5704500675201416
1785277811.8824182,2741,2.6440253257751465
1785277812.1211,2742,2.4343886375427246
1785277812.5110576,2743,2.554440975189209
1785277812.9018235,2744,2.401825428009033
1785277813.3302808,2745,3.0094711780548096
1785277813.7522616,2746,2.469822645187378
1785277814.1344678,2747,3.132086992263794
1785277814.52919,2748,2.361619710922241
1785277814.9100227,2749,1.9698636531829834
1785277815.3095117,2750,3.1643924713134766
1785277815.7053132,2751,3.3380393981933594
1785277816.0958884,2752,2.1134562492370605
1785277816.4823308,2753,3.4316391944885254
1785277816.7778661,2754,3.061541795730591
1785277817.0087123,2755,2.686094045639038
1785277817.2426047,2756,2.739663600921631
1785277817.491785,2757,2.8864798545837402
1785277817.7278433,2758,2.238051652908325
1785277817.9623623,2759,4.141984939575195
1785277818.1981635,2760,3.4063098430633545
1785277818.443947,2761,2.047686815261841
1785277818.7166824,2762,3.170405387878418
1785277818.9525387,2763,2.8393657207489014
1785277819.1875772,2764,3.670044183731079
1785277819.4253485,2765,2.7797739505767822
1785277819.6632278,2766,2.061192512512207
1785277819.8948977,2767,3.2771382331848145
1785277820.1260297,2768,2.8864009380340576
1785277820.3663735,2769,2.506345748901367
1785277820.5975816,2770,3.877094030380249
1785277820.8309553,2771,3.3510868549346924
1785277821.068096,2772,3.541922092437744
1785277821.4605775,2773,2.997490882873535
1785277821.842778,2774,2.2668890953063965
1785277822.2463753,2775,2.0674519538879395
1785277822.65079,2776,2.4066500663757324
1785277823.042202,2777,3.6282289028167725
1785277823.4689777,2778,4.0554375648498535
1785277823.9099107,2779,3.516645908355713
1785277824.3629212,2780,2.3777477741241455
1785277824.7846303,2781,2.3569531440734863
1785277825.1762805,2782,2.9672956466674805
1785277825.4230402,2783,2.562770128250122
1785277825.656989,2784,2.11185359954834
1785277825.8915665,2785,2.458310604095459
1785277826.1284342,2786,2.4247846603393555
1785277826.363484,2787,4.546839237213135
1785277826.5942893,2788,2.5814504623413086
1785277826.8318942,2789,2.5508923530578613
1785277827.0641794,2790,2.89666748046875
1785277827.3005087,2791,2.6501340866088867
1785277827.5426488,2792,2.015005588531494
1785277827.7767117,2793,1.9385571479797363
1785277828.0141745,2794,2.5294697284698486
1785277828.2532644,2795,2.775082588195801
1785277828.4927568,2796,2.335482120513916
1785277828.7657862,2797,3.330626964569092
1785277829.1772757,2798,2.899306297302246
1785277829.561344,2799,2.136530637741089
1785277829.9544835,2800,2.0848138332366943
1785277830.3689358,2801,2.3259518146514893
1785277830.758081,2802,3.3228845596313477
1785277831.1934357,2803,2.795872688293457
1785277831.6003952,2804,2.508479356765747
1785277831.9922903,2805,1.8505313396453857
1785277832.393461,2806,2.9582481384277344
1785277832.776596,2807,2.7578721046447754
1785277833.1711056,2808,2.19258975982666
1785277833.4352274,2809,2.0853171348571777
1785277833.6855757,2810,2.6519203186035156
1785277833.9319673,2811,2.7515616416931152
1785277834.1720533,2812,4.496747970581055
1785277834.4080749,2813,3.0175623893737793
1785277834.6472003,2814,3.814162254333496
1785277834.9046004,2815,3.1532626152038574
1785277835.1439278,2816,2.423853874206543
1785277835.3886318,2817,3.789459705352783
1785277835.6265557,2818,3.171196460723877
1785277835.8836126,2819,1.9591279029846191
1785277836.1275957,2820,1.7603960037231445
1785277836.3598373,2821,2.60015869140625
1785277836.5993688,2822,2.8874025344848633
1785277836.8547523,2823,2.0353832244873047
1785277837.099206,2824,2.3243227005004883
1785277837.3541996,2825,1.919095516204834
1785277837.7423258,2826,2.479109287261963
1785277838.1728427,2827,2.5323705673217773
1785277838.5775056,2828,1.6316187381744385
1785277838.9601715,2829,3.1504435539245605
1785277839.3537085,2830,2.2044129371643066
1785277839.7491229,2831,3.014303207397461
1785277840.1345863,2832,3.157073974609375
1785277840.5130885,2833,2.51613187789917
1785277840.9014351,2834,2.261988639831543
1785277841.23293,2835,3.136092185974121
1785277841.4691143,2836,2.198237419128418
1785277841.7047093,2837,3.144756317138672
1785277841.9510221,2838,2.0398707389831543
1785277842.1899607,2839,2.3855605125427246
1785277842.4277875,2840,2.9521570205688477
1785277842.6745234,2841,3.428922176361084
1785277842.9119103,2842,2.967954158782959
1785277843.1443222,2843,3.0003790855407715
1785277843.375557,2844,3.2400407791137695
1785277843.6553109,2845,4.389275550842285
1785277843.896352,2846,2.798459053039551
1785277844.1303954,2847,4.482448101043701
1785277844.3756728,2848,2.5828511714935303
1785277844.6128056,2849,2.7418885231018066
1785277844.84607,2850,2.343364953994751
1785277845.104928,2851,2.3880467414855957
1785277845.397413,2852,3.0277786254882812
1785277845.8123584,2853,2.483187675476074
1785277846.1976917,2854,3.240988254547119
1785277846.6096168,2855,2.71327805519104
1785277846.9988244,2856,3.3658766746520996
1785277847.4170132,2857,2.2051877975463867
1785277847.8043218,2858,2.160461902618408
1785277848.2232478,2859,3.1023383140563965
1785277848.633993,2860,4.071226119995117
1785277848.9447138,2861,2.630730152130127
1785277849.1778939,2862,2.6348071098327637
1785277849.4109228,2863,1.8196004629135132
1785277849.6409335,2864,4.655433654785156
1785277849.8813174,2865,2.6603031158447266
1785277850.1128497,2866,3.298295497894287
1785277850.3444118,2867,3.552417278289795
1785277850.574303,2868,2.785759449005127
1785277850.8047996,2869,2.3886983394622803
1785277851.0468063,2870,2.94468355178833
1785277851.2812278,2871,2.1009457111358643
1785277851.5161061,2872,3.37660551071167
1785277851.766166,2873,1.8619985580444336
1785277852.0000827,2874,3.4707705974578857
1785277852.2299323,2875,2.0958874225616455
1785277852.4601486,2876,3.1715641021728516
1785277852.6917212,2877,2.6605494022369385
1785277853.08162,2878,1.9749364852905273
1785277853.46261,2879,2.018779754638672
1785277853.8549738,2880,2.027773380279541
1785277854.251673,2881,2.429442882537842
1785277854.667695,2882,2.7619781494140625
1785277855.0932431,2883,4.772750377655029
1785277855.4778242,2884,2.4555139541625977
1785277855.8702953,2885,3.24336576461792
1785277856.2518206,2886,2.6040573120117188
1785277856.595771,2887,2.0314581394195557
1785277856.8448427,2888,3.246741533279419
1785277857.0804238,2889,3.813401222229004
1785277857.3168569,2890,3.270240306854248
1785277857.569864,2891,3.8343443870544434
1785277857.8065455,2892,4.124205589294434
1785277858.0421906,2893,3.8036625385284424
1785277858.2723546,2894,3.126908540725708
1785277858.5034494,2895,2.4185407161712646
1785277858.734142,2896,4.142686367034912
1785277858.976912,2897,2.1197733879089355
1785277859.2068887,2898,3.1231517791748047
1785277859.4370499,2899,2.914156675338745
1785277859.6708174,2900,3.070242404937744
1785277859.901993,2901,2.053220272064209
1785277860.1419516,2902,4.035416126251221
1785277860.5483992,2903,2.402222156524658
1785277860.9346678,2904,3.315593719482422
1785277861.3230665,2905,3.149425745010376
1785277861.7044098,2906,3.2998695373535156
1785277862.0866048,2907,1.5435124635696411
1785277862.4754107,2908,2.7626595497131348
1785277862.9054577,2909,2.750781536102295
1785277863.3018162,2910,2.6735315322875977
1785277863.7074094,2911,2.4723005294799805
1785277864.1004813,2912,2.619652271270752
1785277864.5300214,2913,3.0950875282287598
1785277864.7836938,2914,2.0622634887695312
1785277865.030848,2915,3.5839686393737793
1785277865.291185,2916,3.745762825012207
1785277865.5430305,2917,3.1972126960754395
1785277865.7785995,2918,1.8898162841796875
1785277866.0210078,2919,2.599034309387207
1785277866.2681663,2920,2.485861301422119
1785277866.5069582,2921,2.210843086242676
1785277866.7442172,2922,3.8013551235198975
1785277867.000297,2923,2.464745044708252
1785277867.246924,2924,2.686626434326172
1785277867.5648735,2925,3.762144088745117
1785277867.969672,2926,2.609884738922119
1785277868.3779142,2927,2.613755702972412
1785277868.8116717,2928,3.074477195739746
1785277869.2349114,2929,3.2264156341552734
1785277869.6984344,2930,1.675676941871643
1785277870.1243744,2931,4.417037010192871
1785277870.5379312,2932,1.868213176727295
1785277870.9609964,2933,3.1477766036987305
1785277871.331529,2934,1.8901170492172241
1785277871.5731385,2935,5.016247272491455
1785277871.823056,2936,2.442735195159912
1785277872.0770407,2937,2.2903037071228027
1785277872.3185084,2938,3.154823064804077
1785277872.5662055,2939,4.880316734313965
1785277872.7997348,2940,2.136826992034912
1785277873.0396779,2941,2.5791540145874023
1785277873.2809846,2942,2.030503749847412
1785277873.5302916,2943,4.438109397888184
1785277873.76998,2944,2.387761354446411
1785277874.0071192,2945,1.868241548538208
1785277874.2574637,2946,2.6998705863952637
1785277874.4930897,2947,2.3027682304382324
1785277874.7425387,2948,2.858103036880493
1785277874.9961286,2949,2.357463836669922
1785277875.2713194,2950,2.56953501701355
1785277875.693919,2951,2.340643882751465
1785277876.1258767,2952,4.450955867767334
1785277876.54079,2953,1.5606682300567627
1785277876.9587145,2954,2.0637946128845215
1785277877.3921523,2955,2.201612949371338
1785277877.9079409,2956,4.1793012619018555
1785277878.3551338,2957,3.4329354763031006
1785277878.80792,2958,1.9763293266296387
1785277879.232331,2959,2.4742555618286133
1785277879.6079936,2960,1.6410293579101562
1785277879.8719661,2961,3.0365500450134277
1785277880.1182837,2962,2.5221753120422363
1785277880.3597019,2963,2.6944985389709473
1785277880.6221724,2964,3.262624740600586
1785277880.8738124,2965,3.568310260772705
1785277881.1554453,2966,1.8091835975646973
1785277881.4155724,2967,3.1704511642456055
1785277881.673809,2968,2.548564910888672
1785277881.9435217,2969,2.728854179382324
1785277882.2023177,2970,2.783085823059082
1785277882.4749622,2971,1.5199848413467407
1785277882.7494745,2972,1.8622994422912598
1785277882.9950202,2973,3.117013931274414
1785277883.2614896,2974,2.4797487258911133
1785277883.5212033,2975,3.412169933319092
1785277883.8112335,2976,3.1862199306488037
1785277884.0876193,2977,2.2390317916870117
1785277884.6096144,2978,2.3437514305114746
1785277885.0858026,2979,4.023346900939941
1785277885.5864136,2980,1.971013069152832
1785277886.0456913,2981,1.8270059823989868
1785277886.494705,2982,2.419675827026367
1785277886.9382925,2983,1.8704090118408203
1785277887.3727262,2984,2.2707104682922363
1785277887.8092954,2985,2.87656831741333
1785277888.2024307,2986,2.525116443634033
1785277888.4583755,2987,3.2743759155273438
1785277888.6981997,2988,2.5915684700012207
1785277888.9524055,2989,3.3062076568603516
1785277889.1927598,2990,3.6908180713653564
1785277889.4341133,2991,3.0066728591918945
1785277889.675841,2992,2.615814208984375
1785277889.9549503,2993,2.5929269790649414
1785277890.1971242,2994,1.691460371017456
1785277890.438551,2995,1.7377405166625977
1785277890.6865845,2996,3.4762301445007324
1785277890.925684,2997,3.1541497707366943
1785277891.1765914,2998,3.6094698905944824
1785277891.4195163,2999,4.430166721343994
1785277891.6585195,3000,2.7318544387817383
1785277891.9035532,3001,2.2864480018615723
1785277892.1424532,3002,1.570056676864624
1785277892.4935503,3003,3.2879576683044434
1785277892.9015307,3004,3.4286036491394043
1785277893.297784,3005,2.333205223083496
1785277893.725139,3006,3.4183878898620605
1785277894.1300797,3007,2.508584499359131
1785277894.5783198,3008,4.076122760772705
1785277895.0167918,3009,3.404508113861084
1785277895.4510975,3010,2.2425637245178223
1785277895.9107604,3011,3.1715164184570312
1785277896.3355567,3012,2.9983444213867188
1785277896.7496948,3013,3.3186051845550537
1785277896.994808,3014,2.813413143157959
1785277897.2452974,3015,2.8622069358825684
1785277897.4990792,3016,2.4362006187438965
1785277897.7541244,3017,3.3843865394592285
1785277897.9900548,3018,2.8617844581604004
1785277898.2347326,3019,2.280566453933716
1785277898.4747834,3020,3.5011000633239746
1785277898.7253833,3021,3.0100550651550293
1785277898.9841697,3022,2.393214702606201
1785277899.2413616,3023,3.7230472564697266
1785277899.4887595,3024,4.3741254806518555
1785277899.7286115,3025,2.554020404815674
1785277899.9670508,3026,2.3911781311035156
1785277900.2085805,3027,3.335089921951294
1785277900.473718,3028,2.295952320098877
1785277900.741622,3029,2.8530290126800537
1785277901.2356565,3030,2.3020336627960205
1785277901.6897254,3031,1.662674903869629
1785277902.1790292,3032,2.805440902709961
1785277902.6340787,3033,3.8592655658721924
1785277903.0737355,3034,1.766371488571167
1785277903.5213559,3035,2.5723400115966797
1785277903.9368036,3036,2.4127063751220703
1785277904.18588,3037,1.983137845993042
1785277904.4322405,3038,3.028693437576294
1785277904.693103,3039,3.0629560947418213
1785277904.9582832,3040,3.0524890422821045
1785277905.223855,3041,2.3672597408294678
1785277905.4799356,3042,3.0860037803649902
1785277905.7295969,3043,2.85489559173584
1785277905.9716785,3044,2.9388504028320312
1785277906.2210114,3045,2.8512520790100098
1785277906.4561718,3046,3.3176302909851074
1785277906.7101085,3047,2.273728609085083
1785277906.9481897,3048,1.6866511106491089
1785277907.1870024,3049,3.2530717849731445
1785277907.4304516,3050,3.665268898010254
1785277907.7345858,3051,3.0321035385131836
1785277908.1376235,3052,1.791626214981079
1785277908.5443547,3053,2.050907611846924
1785277908.940594,3054,2.0455286502838135
1785277909.3566005,3055,3.3999416828155518
1785277909.7731166,3056,1.8744149208068848
1785277910.1795943,3057,2.435458183288574
1785277910.6057587,3058,2.989621639251709
1785277911.0087383,3059,2.630937099456787
1785277911.4138231,3060,2.9191994667053223
1785277911.7553558,3061,3.7385473251342773
1785277911.9931016,3062,3.5244531631469727
1785277912.2419894,3063,2.988128900527954
1785277912.4847705,3064,3.2717604637145996
1785277912.733123,3065,3.7437925338745117
1785277912.9727056,3066,2.351191282272339
1785277913.2112877,3067,2.1877927780151367
1785277913.4476016,3068,3.447082996368408
1785277913.6951184,3069,1.9868444204330444
1785277913.9421,3070,3.556239128112793
1785277914.1856227,3071,5.299901962280273
1785277914.4309883,3072,1.8719046115875244
1785277914.6855695,3073,3.262578248977661
1785277914.9373996,3074,1.6008968353271484
1785277915.1787062,3075,2.8293967247009277
1785277915.4337347,3076,2.246049404144287
1785277915.8654122,3077,2.60695743560791
1785277916.355659,3078,2.807877540588379
1785277916.7979703,3079,2.748521327972412
1785277917.2357273,3080,2.6113834381103516
1785277917.6373641,3081,3.555117607116699
1785277918.0490813,3082,2.725090503692627
1785277918.4736428,3083,2.6204211711883545
1785277918.901458,3084,3.8920350074768066
1785277919.213798,3085,2.6337358951568604
1785277919.4586682,3086,2.1727380752563477
1785277919.697829,3087,2.213385581970215
1785277919.9436636,3088,2.234164237976074
1785277920.1886446,3089,2.0428221225738525
1785277920.44673,3090,2.6875052452087402
1785277920.6908815,3091,1.6215929985046387
1785277920.9396558,3092,2.4064576625823975
1785277921.1840549,3093,3.0238823890686035
1785277921.426431,3094,2.580747604370117
1785277921.6794379,3095,2.8274478912353516
1785277921.9220972,3096,3.305311679840088
1785277922.1618178,3097,2.787257671356201
1785277922.4047568,3098,3.171923875808716
1785277922.6363175,3099,3.0694580078125
1785277922.8724663,3100,2.903409481048584
1785277923.264153,3101,1.9530401229858398
1785277923.6573567,3102,2.2815237045288086
1785277924.0493228,3103,4.221837997436523
1785277924.4376466,3104,1.8654015064239502
1785277924.8542657,3105,2.630227565765381
1785277925.2433438,3106,2.6658315658569336
1785277925.6492443,3107,4.099088668823242
1785277926.080428,3108,2.1837525367736816
1785277926.4864736,3109,3.644413709640503
1785277926.7922244,3110,2.9299774169921875
1785277927.0234234,3111,2.9495015144348145
1785277927.263415,3112,3.0802104473114014
1785277927.503477,3113,2.368013381958008
1785277927.7660582,3114,3.226698398590088
1785277928.0033355,3115,2.4896650314331055
1785277928.2379003,3116,2.3877503871917725
1785277928.4746585,3117,2.789257764816284
1785277928.7086575,3118,2.513957977294922
1785277928.9500113,3119,2.118802785873413
1785277929.1875443,3120,3.1614339351654053
1785277929.422161,3121,2.433711528778076
1785277929.6539762,3122,1.8347375392913818
1785277929.9235322,3123,2.743753433227539
1785277930.1612728,3124,2.8299570083618164
1785277930.405998,3125,1.6400079727172852
1785277930.642205,3126,2.111295700073242
1785277930.878002,3127,2.0772626399993896
1785277931.3452222,3128,2.164325714111328
1785277931.7276723,3129,2.739776611328125
1785277932.1353388,3130,2.7119498252868652
1785277932.5443814,3131,4.085710525512695
1785277932.928266,3132,2.59970760345459
1785277933.317326,3133,3.8567211627960205
1785277933.7066827,3134,2.0473389625549316
1785277934.1144998,3135,2.666663646697998
1785277934.5053163,3136,2.877338171005249
1785277934.8904514,3137,2.3506875038146973
1785277935.3026724,3138,3.619560480117798
1785277935.635154,3139,1.899247646331787
1785277935.8724997,3140,3.517441511154175
1785277936.1033733,3141,1.8047583103179932
1785277936.34377,3142,3.891292095184326
1785277936.575927,3143,2.672738552093506
1785277936.8256912,3144,2.338250160217285
1785277937.0594125,3145,2.4792633056640625
1785277937.299695,3146,4.385405540466309
1785277937.5309541,3147,3.716403007507324
1785277937.7654893,3148,2.4491934776306152
1785277938.0205305,3149,2.5829620361328125
1785277938.253954,3150,1.710970163345337
1785277938.4839191,3151,2.5518548488616943
1785277938.7521553,3152,3.151750087738037
1785277938.9873385,3153,2.6367969512939453
1785277939.2254753,3154,1.8727262020111084
1785277939.4565258,3155,2.1091012954711914
1785277939.6901708,3156,2.50321888923645
1785277940.0921133,3157,3.1948814392089844
1785277940.561689,3158,1.4656059741973877
1785277940.9999166,3159,2.4455084800720215
1785277941.401892,3160,3.6337974071502686
1785277941.7891479,3161,2.2083003520965576
1785277942.1952784,3162,3.2076468467712402
1785277942.6177604,3163,2.4115359783172607
1785277943.018888,3164,3.140129804611206
1785277943.4936252,3165,1.9072189331054688
1785277943.7492936,3166,3.0369203090667725
1785277944.0021195,3167,3.0296988487243652
1785277944.2469215,3168,2.204094886779785
1785277944.4826374,3169,2.2799887657165527
1785277944.716543,3170,1.7228326797485352
1785277944.9543173,3171,1.993138074874878
1785277945.2085927,3172,3.1319668292999268
1785277945.4521825,3173,2.044384241104126
1785277945.6844087,3174,2.3999552726745605
1785277945.9205713,3175,3.030914068222046
1785277946.1575656,3176,2.6684632301330566
1785277946.4046621,3177,2.1723532676696777
1785277946.650371,3178,2.294133186340332
1785277946.8971395,3179,2.4018120765686035
1785277947.229326,3180,3.2712087631225586
1785277947.6218128,3181,1.7610538005828857
1785277948.0144823,3182,2.7129926681518555
1785277948.418519,3183,2.989635467529297
1785277948.8061323,3184,1.5967965126037598
1785277949.1908474,3185,1.5232213735580444
1785277949.6491053,3186,3.0771336555480957
1785277950.035867,3187,2.626103401184082
1785277950.4602118,3188,2.8071532249450684
1785277950.8407013,3189,2.3365087509155273
1785277951.225835,3190,2.4514546394348145
1785277951.5879512,3191,1.9613062143325806
1785277951.822132,3192,3.028693437576294
1785277952.0631814,3193,3.947598934173584
1785277952.296704,3194,1.9968339204788208
1785277952.5267522,3195,3.004307270050049
1785277952.7754076,3196,2.5853397846221924
1785277953.0343137,3197,1.5086933374404907
1785277953.2648828,3198,2.7495951652526855
1785277953.5019126,3199,3.2357611656188965
1785277953.735443,3200,1.61911141872406
1785277953.9822261,3201,2.238070487976074
1785277954.2220936,3202,3.462400436401367
1785277954.4537764,3203,4.308539867401123
1785277954.6935596,3204,2.866574764251709
1785277954.9414146,3205,3.830272674560547
1785277955.1942642,3206,3.0400805473327637
1785277955.4348779,3207,1.9743990898132324
1785277955.667661,3208,4.2274169921875
1785277956.088439,3209,2.893010139465332
1785277956.5376763,3210,3.092472791671753
1785277956.9661639,3211,1.9161514043807983
1785277957.3816397,3212,2.0835940837860107
1785277957.789448,3213,3.090517282485962
1785277958.2001944,3214,3.7965335845947266
1785277958.6338322,3215,2.38759183883667
1785277959.0637736,3216,2.9609341621398926
1785277959.3769155,3217,1.9966148138046265
1785277959.6188715,3218,2.511495590209961
1785277959.8866165,3219,1.8227627277374268
1785277960.129008,3220,3.452573299407959
1785277960.3623335,3221,2.1167359352111816
1785277960.6007924,3222,3.35010027885437
1785277960.8312805,3223,1.7705724239349365
1785277961.0667686,3224,2.2191057205200195
1785277961.2978058,3225,2.3196895122528076
1785277961.5300717,3226,1.9817349910736084
1785277961.7716043,3227,3.542541027069092
1785277962.0197005,3228,2.535134792327881
1785277962.2927854,3229,1.9931037425994873
1785277962.537591,3230,1.694092035293579
1785277963.0397904,3231,2.3276758193969727
1785277963.3503895,3232,2.671823740005493
1785277963.7433453,3233,3.019591808319092
1785277964.1381936,3234,2.4439945220947266
1785277964.562352,3235,2.705613851547241
1785277964.9459784,3236,1.646848440170288
1785277965.3291667,3237,1.9031152725219727
1785277965.748019,3238,2.8215770721435547
1785277966.1696377,3239,3.1443076133728027
1785277966.5807016,3240,3.1722683906555176
1785277966.9948356,3241,2.4874141216278076
1785277967.377014,3242,1.799448847770691
1785277967.722261,3243,4.1728715896606445
1785277967.9563959,3244,3.605440855026245
1785277968.190696,3245,2.289968490600586
1785277968.424057,3246,1.9637677669525146
1785277968.6655452,3247,3.3578596115112305
1785277968.8990898,3248,2.253486394882202
1785277969.1363938,3249,2.7677130699157715
1785277969.3775191,3250,4.069398880004883
1785277969.6218362,3251,3.131279468536377
1785277969.866214,3252,3.04357647895813
1785277970.1096356,3253,1.7365597486495972
1785277970.347562,3254,1.9802474975585938
1785277970.5906925,3255,2.9200072288513184
1785277970.822635,3256,2.668353319168091
1785277971.0706785,3257,2.5372557640075684
1785277971.307423,3258,3.2413136959075928
1785277971.5938718,3259,1.7270209789276123
1785277971.992754,3260,2.841312885284424
1785277972.3925757,3261,2.0909619331359863
1785277972.7866173,3262,2.951931953430176
1785277973.1974788,3263,1.7565422058105469
1785277973.6001022,3264,2.9047787189483643
1785277974.0259728,3265,2.107719659805298
1785277974.440811,3266,1.5845129489898682
1785277974.8417144,3267,2.122882843017578
1785277975.2377868,3268,2.252026319503784
1785277975.6408892,3269,3.651001453399658
1785277976.0649388,3270,2.3820414543151855
1785277976.3118958,3271,2.780280590057373
1785277976.5449762,3272,2.1464319229125977
1785277976.7848907,3273,2.0660693645477295
1785277977.0213244,3274,2.4871435165405273
1785277977.257439,3275,3.6326303482055664
1785277977.4966207,3276,1.4107600450515747
1785277977.7781432,3277,1.7701330184936523
1785277978.022326,3278,2.0899229049682617
1785277978.255459,3279,3.6806163787841797
1785277978.5145254,3280,2.308563470840454
1785277978.7473726,3281,2.466235637664795
1785277978.9873579,3282,3.087129592895508
1785277979.2327435,3283,2.7610244750976562
1785277979.4703584,3284,2.9495179653167725
1785277979.7034729,3285,2.841341257095337
1785277980.0012476,3286,2.5362372398376465
1785277980.4019568,3287,1.5787287950515747
1785277980.7991738,3288,1.7142423391342163
1785277981.1926658,3289,3.2546932697296143
1785277981.5904741,3290,2.314311981201172
1785277981.9944391,3291,3.4210245609283447
1785277982.444794,3292,2.6899049282073975
1785277982.867093,3293,3.5365819931030273
1785277983.2758749,3294,2.547281503677368
1785277983.7358508,3295,3.820974826812744
1785277984.1199536,3296,1.705906629562378
1785277984.5249834,3297,3.468672275543213
1785277984.7603326,3298,2.791167736053467
1785277985.024515,3299,2.6767609119415283
1785277985.255333,3300,3.5059196949005127
1785277985.4950752,3301,1.9370603561401367
1785277985.7404478,3302,1.9340131282806396
1785277985.9793391,3303,2.0643835067749023
1785277986.2185657,3304,2.3825888633728027
1785277986.4531758,3305,2.243246078491211
1785277986.695772,3306,2.591036796569824
1785277986.928186,3307,1.5170468091964722
1785277987.1589549,3308,2.005514621734619
1785277987.4069786,3309,1.960573673248291
1785277987.6383016,3310,2.5792627334594727
1785277987.8722315,3311,2.0751864910125732
1785277988.1160648,3312,1.9722306728363037
1785277988.419422,3313,2.389085054397583
1785277988.802166,3314,2.095918655395508
1785277989.2119944,3315,2.7618985176086426
1785277989.6061354,3316,2.3450450897216797
1785277990.0547903,3317,2.096879005432129
1785277990.4319701,3318,3.0473339557647705
1785277990.8462102,3319,2.548832416534424
1785277991.240184,3320,2.0146470069885254
1785277991.6352918,3321,2.830594539642334
1785277992.0170176,3322,2.592191219329834
1785277992.4052565,3323,1.8372780084609985
1785277992.8239267,3324,2.818121910095215
1785277993.2396438,3325,2.1425933837890625
1785277993.4830039,3326,4.073460578918457
1785277993.723082,3327,3.666804552078247
1785277993.9682102,3328,1.7565292119979858
1785277994.214588,3329,2.5837159156799316
1785277994.4713094,3330,1.4971952438354492
1785277994.7222295,3331,2.098090648651123
1785277994.9721074,3332,3.634787082672119
1785277995.2095628,3333,2.4597268104553223
1785277995.4493544,3334,4.042154788970947
1785277995.6923134,3335,2.1055643558502197
1785277995.963057,3336,1.8570421934127808
1785277996.2058742,3337,2.1654815673828125
1785277996.458509,3338,4.073769569396973
1785277996.6995277,3339,2.088329792022705
1785277996.9400325,3340,2.2072439193725586
1785277997.2636395,3341,3.53371000289917
1785277997.6654649,3342,2.6315042972564697
1785277998.079548,3343,1.6388959884643555
1785277998.4835587,3344,2.5320632457733154
1785277998.8758292,3345,3.0079312324523926
1785277999.292709,3346,2.766660690307617
1785277999.6965866,3347,3.053250312805176
1785278000.152416,3348,2.043962001800537
1785278000.5595064,3349,1.57542884349823
1785278001.0035052,3350,1.908940315246582
1785278001.261574,3351,1.9411628246307373
1785278001.5027807,3352,1.8333046436309814
1785278001.7420113,3353,1.563657283782959
1785278001.9896593,3354,2.0794646739959717
1785278002.2342484,3355,3.3900959491729736
1785278002.4926643,3356,5.1430511474609375
1785278002.7459161,3357,2.706317901611328
1785278003.0016336,3358,3.6336264610290527
1785278003.2425807,3359,2.8228116035461426
1785278003.4786386,3360,1.6072006225585938
1785278003.7470062,3361,2.9467647075653076
1785278003.9911947,3362,3.4583230018615723
1785278004.2365758,3363,2.8326668739318848
1785278004.4871788,3364,2.8770599365234375
1785278004.728523,3365,2.2112810611724854
1785278005.083843,3366,3.4117608070373535
1785278005.5216913,3367,2.279106378555298
1785278005.9437053,3368,1.9949944019317627
1785278006.393388,3369,2.735550880432129
1785278006.842541,3370,2.0610344409942627
1785278007.2936943,3371,3.64029598236084
1785278007.741084,3372,2.7701058387756348
1785278008.2046602,3373,1.9248080253601074
1785278008.6371555,3374,2.3955607414245605
1785278008.9896104,3375,2.3538260459899902
1785278009.2395515,3376,2.182981014251709
1785278009.4891672,3377,2.0113258361816406
1785278009.7354753,3378,2.018162250518799
1785278009.9753907,3379,1.7003816366195679
1785278010.2135265,3380,2.1235151290893555
1785278010.4561021,3381,2.019319534301758
1785278010.702147,3382,2.0159010887145996
1785278010.9455855,3383,2.0998010635375977
1785278011.1909325,3384,2.5391745567321777
1785278011.4343557,3385,1.9829885959625244
1785278011.6773949,3386,2.5092720985412598
1785278011.909642,3387,1.9856061935424805
1785278012.152455,3388,1.9367622137069702
1785278012.3842876,3389,1.5958002805709839
1785278012.8011012,3390,2.299844264984131
1785278013.18841,3391,2.368412494659424
1785278013.5916815,3392,1.604495882987976
1785278014.0120738,3393,2.6663379669189453
1785278014.3951254,3394,2.5221176147460938
1785278014.7962024,3395,2.4736385345458984
1785278015.2164593,3396,2.8581228256225586
1785278015.6952584,3397,1.9803013801574707
1785278016.0912755,3398,3.004814624786377
1785278016.492065,3399,2.375309944152832
1785278016.803769,3400,2.733943223953247
1785278017.041059,3401,2.1508350372314453
1785278017.2776203,3402,2.856998920440674
1785278017.5144799,3403,1.649263620376587
1785278017.7496762,3404,2.242810010910034
1785278017.98375,3405,2.719367027282715
1785278018.2149396,3406,2.581374168395996
1785278018.4697354,3407,3.1629998683929443
1785278018.7113843,3408,1.5629866123199463
1785278018.9423811,3409,2.7863545417785645
1785278019.1767826,3410,2.3093793392181396
1785278019.4093292,3411,2.189640522003174
1785278019.6436274,3412,2.8255810737609863
1785278019.875431,3413,2.219712257385254
1785278020.1132078,3414,3.481438398361206
1785278020.3457546,3415,2.3797547817230225
1785278020.5948222,3416,2.6999475955963135
1785278020.8262975,3417,2.3524160385131836
1785278021.1444602,3418,2.2559800148010254
1785278021.5443647,3419,2.603929281234741
1785278021.9860082,3420,4.259427547454834
1785278022.3790274,3421,2.0397696495056152
1785278022.820527,3422,3.0777230262756348
1785278023.2195756,3423,3.280954360961914
1785278023.6260622,3424,2.4188246726989746
1785278024.0219157,3425,3.3028435707092285
1785278024.4328322,3426,2.794466972351074
1785278024.903846,3427,2.99505615234375
1785278025.260197,3428,2.4226326942443848
1785278025.49728,3429,2.3109302520751953
1785278025.7491636,3430,2.4676055908203125
1785278026.0066752,3431,3.0549068450927734
1785278026.2530496,3432,3.068895101547241
1785278026.5032735,3433,2.5202245712280273
1785278026.7386434,3434,2.482241630554199
1785278026.9779422,3435,3.0172181129455566
1785278027.2154899,3436,3.069164752960205
1785278027.4560027,3437,1.9888306856155396
1785278027.6955051,3438,2.543875217437744
1785278027.936579,3439,1.8774523735046387
1785278028.179925,3440,3.018129825592041
1785278028.4211543,3441,3.5277419090270996
1785278028.6624722,3442,1.9293080568313599
1785278028.905621,3443,3.3842661380767822
1785278029.2216825,3444,2.2786552906036377
1785278029.6463034,3445,1.6908291578292847
1785278030.0806625,3446,3.3157386779785156
1785278030.4722555,3447,2.8623807430267334
1785278030.8930018,3448,2.839388847351074
1785278031.2863286,3449,3.2257635593414307
1785278031.7829041,3450,3.744988441467285
1785278032.2072875,3451,2.034747362136841
1785278032.6218908,3452,1.9503045082092285
1785278033.0446594,3453,1.995758056640625
1785278033.4155865,3454,3.1238856315612793
1785278033.6750898,3455,2.883810520172119
1785278033.9401038,3456,3.609928607940674
1785278034.1919467,3457,1.7051515579223633
1785278034.432603,3458,2.7876741886138916
1785278034.692287,3459,2.442399501800537
1785278034.9373455,3460,2.5631723403930664
1785278035.1828787,3461,2.1494977474212646
1785278035.4708037,3462,1.6716721057891846
1785278035.713818,3463,2.790977954864502
1785278035.9692023,3464,1.6473654508590698
1785278036.2259824,3465,2.6166434288024902
1785278036.4656706,3466,2.7842049598693848
1785278036.7176015,3467,2.724163055419922
1785278037.1093767,3468,1.834289312362671
1785278037.5070462,3469,2.0687615871429443
1785278037.9267638,3470,1.8057451248168945
1785278038.3646543,3471,2.9438464641571045
1785278038.774272,3472,1.890799880027771
1785278039.2345257,3473,2.4327645301818848
1785278039.6404915,3474,2.420224666595459
1785278040.0728533,3475,2.4465389251708984
1785278040.3490207,3476,2.6099436283111572
1785278040.5946856,3477,4.304741382598877
1785278040.8495638,3478,1.9288674592971802
1785278041.101819,3479,1.7622835636138916
1785278041.384221,3480,3.621760845184326
1785278041.6320322,3481,4.024899482727051
1785278041.8734615,3482,2.197082042694092
1785278042.121064,3483,2.5081028938293457
1785278042.3655255,3484,1.6726298332214355
1785278042.6111329,3485,3.32163143157959
1785278042.851854,3486,2.4677176475524902
1785278043.105362,3487,4.465773582458496
1785278043.3630772,3488,2.9397268295288086
1785278043.606501,3489,1.7800085544586182
1785278043.8460066,3490,1.6186267137527466
1785278044.1495826,3491,2.290940284729004
1785278044.5747705,3492,3.1726465225219727
1785278044.987096,3493,2.9408607482910156
1785278045.4114518,3494,1.8528553247451782
1785278045.8273962,3495,3.2617368698120117
1785278046.2427313,3496,2.1182944774627686
1785278046.6786306,3497,1.8952484130859375
1785278047.1167486,3498,2.176053047180176
1785278047.58078,3499,2.09197735786438
1785278048.0461228,3500,2.142089366912842
1785278048.5080943,3501,1.7391624450683594
1785278048.8899105,3502,2.6604394912719727
1785278049.1359875,3503,2.1524906158447266
1785278049.3742554,3504,2.4318790435791016
1785278049.6121364,3505,2.9955434799194336
1785278049.8765094,3506,2.9128403663635254
1785278050.130234,3507,4.134438991546631
1785278050.3737698,3508,2.622732639312744
1785278050.6227407,3509,2.557192087173462
1785278050.867173,3510,3.8622987270355225
1785278051.1099665,3511,3.201786518096924
1785278051.3702862,3512,2.758104085922241
1785278051.6226225,3513,2.133934259414673
1785278051.8548741,3514,2.563563823699951
1785278052.0921652,3515,1.4308983087539673
1785278052.3425806,3516,2.9767513275146484
1785278052.5879374,3517,4.002068996429443
1785278052.8223512,3518,3.6713881492614746
1785278053.130026,3519,1.6256403923034668
1785278053.5285864,3520,3.5566747188568115
1785278053.9098222,3521,3.3837852478027344
1785278054.314976,3522,3.6075425148010254
1785278054.6996548,3523,2.168914794921875
1785278055.0891573,3524,2.705409526824951
1785278055.4997683,3525,1.9271461963653564
1785278055.8898017,3526,2.012962579727173
1785278056.272005,3527,2.273226261138916
1785278056.7127116,3528,1.9886753559112549
1785278057.1010842,3529,2.753075361251831
1785278057.4879289,3530,2.407492160797119
1785278057.872129,3531,2.889763593673706
1785278058.206451,3532,3.255401849746704
1785278058.4445732,3533,2.485689163208008
1785278058.674422,3534,2.665160655975342
1785278058.909364,3535,2.8332808017730713
1785278059.1751096,3536,1.8786778450012207
1785278059.412791,3537,2.8547308444976807
1785278059.6438444,3538,2.9510743618011475
1785278059.8743145,3539,2.82987642288208
1785278060.1228054,3540,2.0968449115753174
1785278060.3562186,3541,2.111508369445801
1785278060.606244,3542,3.492887496948242
1785278060.840401,3543,1.5647761821746826
1785278061.0827973,3544,3.473130226135254
1785278061.3158512,3545,1.645984411239624
1785278061.552399,3546,2.89235520362854
1785278061.7877705,3547,2.7338345050811768
1785278062.0209239,3548,1.891033411026001
1785278062.253073,3549,1.782268762588501
1785278062.660306,3550,1.8803737163543701
1785278063.0452917,3551,2.7365856170654297
1785278063.4582722,3552,2.637752056121826
1785278063.8733602,3553,3.562267780303955
1785278064.274001,3554,1.8454145193099976
1785278064.6840084,3555,2.2812347412109375
1785278065.1053464,3556,2.1688389778137207
1785278065.4976735,3557,2.896544933319092
1785278065.88416,3558,2.120056629180908
1785278066.342671,3559,4.2603631019592285
1785278066.7614896,3560,2.022515058517456
1785278067.031138,3561,3.1572327613830566
1785278067.2716336,3562,3.1314799785614014
1785278067.5043373,3563,2.1039178371429443
1785278067.7361648,3564,2.1927261352539062
1785278067.9755893,3565,2.732499599456787
1785278068.2188714,3566,3.834160566329956
1785278068.4562857,3567,3.4232897758483887
1785278068.697255,3568,2.110653877258301
1785278068.9299803,3569,2.576056480407715
1785278069.162306,3570,1.5890069007873535
1785278069.3962312,3571,2.1164300441741943
1785278069.6351528,3572,2.6186814308166504
1785278069.8781736,3573,2.9403576850891113
1785278070.1132362,3574,2.2834150791168213
1785278070.3640182,3575,2.1886982917785645
1785278070.596849,3576,2.475775957107544
1785278070.9827383,3577,3.476412296295166
1785278071.3757727,3578,2.1417064666748047
1785278071.7630749,3579,2.323942184448242
1785278072.157687,3580,1.8037922382354736
1785278072.547594,3581,3.158113479614258
1785278072.93955,3582,1.6957805156707764
1785278073.3327544,3583,2.434070348739624
1785278073.7215672,3584,2.343277931213379
1785278074.114183,3585,3.061005115509033
1785278074.5097547,3586,2.5879249572753906
1785278074.9164953,3587,2.534829616546631
1785278075.2300572,3588,2.21834397315979
1785278075.4807782,3589,3.5801186561584473
1785278075.715082,3590,1.6263704299926758
1785278075.945399,3591,2.8959288597106934
1785278076.1835017,3592,1.9748640060424805
1785278076.4157531,3593,2.188415050506592
1785278076.6604536,3594,2.535879135131836
1785278076.8936822,3595,1.7834577560424805
1785278077.1283524,3596,3.053304433822632
1785278077.3683314,3597,2.041417360305786
1785278077.6092162,3598,2.582219362258911
1785278077.8406599,3599,2.239856243133545
1785278078.0731158,3600,2.6127498149871826
1785278078.3068836,3601,3.7810006141662598
1785278078.5425189,3602,3.087864398956299
1785278078.7974813,3603,2.346003770828247
1785278079.041999,3604,2.5806736946105957
1785278079.2724686,3605,1.8626394271850586
1785278079.5037215,3606,2.5800905227661133
1785278079.9036474,3607,3.270730495452881
1785278080.3121912,3608,3.1774744987487793
1785278080.7095072,3609,2.499894142150879
1785278081.1795006,3610,2.27264404296875
1785278081.5733216,3611,2.5356333255767822
1785278081.9565194,3612,1.9956104755401611
1785278082.3421187,3613,3.334721088409424
1785278082.7263484,3614,2.134277820587158
1785278083.1312263,3615,2.7412476539611816
1785278083.5307484,3616,3.2302205562591553
1785278083.8874876,3617,1.740970492362976
1785278084.121214,3618,1.8941797018051147
1785278084.3619337,3619,1.9438154697418213
1785278084.6047919,3620,2.0262320041656494
1785278084.839812,3621,3.2523484230041504
1785278085.072416,3622,2.58809232711792
1785278085.3075943,3623,2.5128612518310547
1785278085.5390294,3624,2.0916872024536133
1785278085.777361,3625,2.840348243713379
1785278086.0231986,3626,3.1602048873901367
1785278086.2614608,3627,3.633760452270508
1785278086.5240753,3628,3.3528738021850586
1785278086.759496,3629,2.604166030883789
1785278086.9919639,3630,2.2079310417175293
1785278087.2437625,3631,2.9968323707580566
1785278087.4820411,3632,3.2846291065216064
1785278087.8520336,3633,2.7651844024658203
1785278088.2490726,3634,2.2598345279693604
1785278088.6312027,3635,3.421201229095459
1785278089.018009,3636,1.6922218799591064
1785278089.4309413,3637,2.2461256980895996
1785278089.8296702,3638,2.657315254211426
1785278090.2301967,3639,2.8318376541137695
1785278090.60957,3640,3.3494372367858887
1785278091.0199578,3641,3.2946982383728027
1785278091.4331298,3642,2.2409825325012207
1785278091.6745589,3643,1.5698227882385254
1785278091.9081137,3644,2.022657632827759
1785278092.1381302,3645,3.282580614089966
1785278092.3688195,3646,1.6684303283691406
1785278092.610757,3647,1.5544357299804688
1785278092.843651,3648,3.395714521408081
1785278093.0759096,3649,1.6308083534240723
1785278093.3095648,3650,1.5265089273452759
1785278093.5391574,3651,2.504876136779785
1785278093.7697008,3652,3.2591347694396973
1785278094.0061402,3653,2.280888557434082
1785278094.2430782,3654,1.6240200996398926
1785278094.4801185,3655,1.7037405967712402
1785278094.7133422,3656,3.1530914306640625
1785278095.0446222,3657,3.8408684730529785
1785278095.4464025,3658,2.2338037490844727
1785278095.8402069,3659,3.092261791229248
1785278096.2377365,3660,2.58847975730896
1785278096.6387196,3661,2.4224724769592285
1785278097.028147,3662,2.007722854614258
1785278097.4207613,3663,2.910041332244873
1785278097.8013737,3664,2.369253158569336
1785278098.1900373,3665,3.0481886863708496
1785278098.6051269,3666,2.646257162094116
1785278098.9932103,3667,1.9855364561080933
1785278099.3814635,3668,2.4150919914245605
1785278099.7536645,3669,2.6037774085998535
1785278099.9868352,3670,2.7952589988708496
1785278100.2291465,3671,1.8210806846618652
1785278100.4815028,3672,2.7542037963867188
1785278100.7205696,3673,3.3549981117248535
1785278100.9526312,3674,2.201636791229248
1785278101.1950946,3675,1.897956132888794
1785278101.4511726,3676,2.174046277999878
1785278101.7054794,3677,2.822810649871826
1785278101.9414525,3678,1.845646619796753
1785278102.190558,3679,2.458217144012451
1785278102.4230146,3680,2.900709629058838
1785278102.6633792,3681,1.687744140625
1785278102.89879,3682,1.6989349126815796
1785278103.1350229,3683,2.921311378479004
1785278103.3670468,3684,2.190836191177368
1785278103.6002276,3685,1.9966235160827637
1785278103.9679813,3686,3.000725507736206
1785278104.3515291,3687,2.211874485015869
1785278104.7448888,3688,2.5762414932250977
1785278105.1586757,3689,1.4832786321640015
1785278105.6431773,3690,1.7980198860168457
1785278106.04463,3691,1.9371830224990845
1785278106.4262497,3692,3.150329828262329
1785278106.8341272,3693,2.3054370880126953
1785278107.2113457,3694,1.7674305438995361
1785278107.5813687,3695,3.2646303176879883
1785278107.8136313,3696,2.7658286094665527
1785278108.046418,3697,2.0787241458892822
1785278108.288673,3698,1.7980749607086182
1785278108.5287986,3699,2.3861465454101562
1785278108.7644217,3700,2.1196465492248535
1785278109.0053778,3701,2.6702628135681152
1785278109.261486,3702,1.6110293865203857
1785278109.503196,3703,2.1901721954345703
1785278109.7569144,3704,2.6059393882751465
1785278110.0064979,3705,3.2240476608276367
1785278110.2474303,3706,2.4830844402313232
1785278110.480338,3707,2.763298511505127
1785278110.7120395,3708,2.2224912643432617
1785278110.9440439,3709,1.681070327758789
1785278111.1845,3710,2.6540017127990723
1785278111.4172208,3711,1.873022437095642
1785278111.807646,3712,3.170903205871582
1785278112.2049968,3713,2.2904038429260254
1785278112.6019332,3714,3.171666145324707
1785278113.006473,3715,1.7840856313705444
1785278113.4053175,3716,3.3257970809936523
1785278113.7863128,3717,2.2354376316070557
1785278114.1786747,3718,2.4756460189819336
1785278114.5686336,3719,2.283687114715576
1785278114.982906,3720,3.144357204437256
1785278115.3980658,3721,2.4430291652679443
1785278115.8041608,3722,2.357992649078369
1785278116.168654,3723,2.249302387237549
1785278116.403273,3724,2.274374008178711
1785278116.634609,3725,2.442378520965576
1785278116.8798778,3726,3.684253215789795
1785278117.1208518,3727,2.019536018371582
1785278117.3548572,3728,1.9926018714904785
1785278117.58759,3729,2.1297998428344727
1785278117.8462586,3730,2.2755398750305176
1785278118.0896995,3731,4.0397868156433105
1785278118.3271828,3732,2.3327908515930176
1785278118.6028104,3733,1.9633183479309082
1785278118.837375,3734,2.761819839477539
1785278119.0743918,3735,3.120668888092041
1785278119.309178,3736,2.0905399322509766
1785278119.5442343,3737,2.823707342147827
1785278119.7773726,3738,1.855053424835205
1785278120.021089,3739,2.6951375007629395
1785278120.4112096,3740,1.7621097564697266
1785278120.8082662,3741,3.9471349716186523
1785278121.1935658,3742,2.952469825744629
1785278121.5869753,3743,1.904418706893921
1785278121.9860137,3744,3.214256525039673
1785278122.415611,3745,1.9356067180633545
1785278122.8209734,3746,3.4098620414733887
1785278123.283771,3747,1.9341071844100952
1785278123.666267,3748,2.8580033779144287
1785278124.0803554,3749,4.343727111816406
1785278124.469121,3750,2.3831489086151123
1785278124.8514225,3751,2.9831299781799316
1785278125.2185047,3752,2.497847080230713
1785278125.4531734,3753,2.906057357788086
1785278125.684092,3754,2.079195976257324
1785278125.9226844,3755,3.1897335052490234
1785278126.1638062,3756,3.178043842315674
1785278126.3960302,3757,3.220428466796875
1785278126.6596887,3758,2.2235374450683594
1785278126.9063916,3759,3.6990957260131836
1785278127.141303,3760,3.374001979827881
1785278127.3775666,3761,3.303691864013672
1785278127.610628,3762,2.549048900604248
1785278127.8441002,3763,1.470025658607483
1785278128.0802724,3764,2.0029969215393066
1785278128.3129013,3765,2.7155160903930664
1785278128.554235,3766,3.4644808769226074
1785278128.7927642,3767,2.6669037342071533
1785278129.0243685,3768,2.4949259757995605
1785278129.273493,3769,2.68896222114563
1785278129.5337722,3770,4.662424564361572
1785278129.9341593,3771,3.173048734664917
1785278130.3858125,3772,2.085167646408081
1785278130.8488057,3773,2.185336112976074
1785278131.2436206,3774,2.326965808868408
1785278131.6447585,3775,1.6167097091674805
1785278132.0875707,3776,2.06772518157959
1785278132.5003653,3777,3.5078125
1785278132.9158866,3778,1.793933391571045
1785278133.3204613,3779,1.8636891841888428
1785278133.7459455,3780,2.1246914863586426
1785278134.1597488,3781,3.0409369468688965
1785278134.3980825,3782,3.202598810195923
1785278134.657025,3783,1.5572057962417603
1785278134.920479,3784,2.7021942138671875
1785278135.1729991,3785,2.2095141410827637
1785278135.4175568,3786,1.956451654434204
1785278135.6618571,3787,3.326587200164795
1785278135.914358,3788,2.4736318588256836
1785278136.1532147,3789,4.429146766662598
1785278136.4062612,3790,1.7183918952941895
1785278136.6415246,3791,1.8463976383209229
1785278136.8847706,3792,2.6669225692749023
1785278137.1250832,3793,1.477768898010254
1785278137.3783507,3794,3.8890228271484375
1785278137.6191342,3795,2.3523688316345215
1785278137.8555613,3796,2.552395820617676
1785278138.159423,3797,2.1413016319274902
1785278138.5457854,3798,2.352262020111084
1785278138.97021,3799,2.725754737854004
1785278139.356188,3800,2.709955930709839
1785278139.8339326,3801,1.975157618522644
1785278140.2480948,3802,3.2821168899536133
1785278140.6454563,3803,3.204599380493164
1785278141.0473506,3804,1.8432722091674805
1785278141.4515893,3805,1.6300421953201294
1785278141.8774295,3806,1.922616958618164
1785278142.3181605,3807,3.283552646636963
1785278142.5895581,3808,2.1220381259918213
1785278142.8399997,3809,2.538426160812378
1785278143.08017,3810,5.095326900482178
1785278143.3234172,3811,2.1306421756744385
1785278143.5655634,3812,3.8657448291778564
1785278143.8086753,3813,2.398359775543213
1785278144.071416,3814,1.6164206266403198
1785278144.3176692,3815,2.204075336456299
1785278144.5915868,3816,2.1233067512512207
1785278144.8537135,3817,2.3953680992126465
1785278145.1054292,3818,1.4520580768585205
1785278145.3500912,3819,2.403176784515381
1785278145.5935385,3820,2.2108607292175293
1785278145.8361712,3821,1.9130579233169556
1785278146.0862691,3822,2.1207218170166016
1785278146.3407729,3823,2.0297188758850098
1785278146.6052337,3824,1.8726489543914795
1785278147.0156426,3825,2.824772596359253
1785278147.4803355,3826,2.746324062347412
1785278147.917675,3827,1.774678111076355
1785278148.3588707,3828,1.7506948709487915
1785278148.8075078,3829,1.994083285331726
1785278149.2419615,3830,2.1531567573547363
1785278149.696518,3831,1.8921903371810913
1785278150.1114268,3832,3.291595935821533
1785278150.527419,3833,3.276383876800537
1785278150.951118,3834,2.5704002380371094
1785278151.3112898,3835,2.3663487434387207
1785278151.544764,3836,3.237056255340576
1785278151.7886822,3837,1.8726534843444824
1785278152.0222673,3838,2.4815192222595215
1785278152.289714,3839,2.2942962646484375
1785278152.529026,3840,2.744936227798462
1785278152.7635145,3841,2.4171223640441895
1785278152.9954464,3842,1.9948941469192505
1785278153.2330756,3843,2.2730188369750977
1785278153.467613,3844,2.098466396331787
1785278153.7042263,3845,1.5982156991958618
1785278153.9436414,3846,2.3224539756774902
1785278154.1787357,3847,1.5391147136688232
1785278154.4119573,3848,2.8486404418945312
1785278154.6644006,3849,1.5343308448791504
1785278154.8988087,3850,2.1930882930755615
1785278155.2963398,3851,2.962144374847412
1785278155.7103174,3852,1.9128899574279785
1785278156.092141,3853,2.6680102348327637
1785278156.4858642,3854,1.8855445384979248
1785278156.8747556,3855,2.22843074798584
1785278157.273806,3856,1.753432273864746
1785278157.695231,3857,2.4088826179504395
1785278158.123461,3858,2.017728328704834
1785278158.5271125,3859,3.0172882080078125
1785278158.9334092,3860,2.32470703125
1785278159.183116,3861,2.0938408374786377
1785278159.421294,3862,2.928481340408325
1785278159.654557,3863,2.891763210296631
1785278159.8852081,3864,2.508958339691162
1785278160.1161485,3865,3.1277236938476562
1785278160.3548095,3866,2.6729578971862793
1785278160.5884514,3867,2.065955400466919
1785278160.8239036,3868,2.2537264823913574
1785278161.0648105,3869,2.710068464279175
1785278161.2982383,3870,2.8485500812530518
1785278161.5457823,3871,3.091503620147705
1785278161.8040457,3872,2.5092878341674805
1785278162.036059,3873,2.202670097351074
1785278162.2914796,3874,4.899646759033203
1785278162.536496,3875,3.943833827972412
1785278162.7760248,3876,3.0687685012817383
1785278163.1201406,3877,2.8885087966918945
1785278163.5223758,3878,2.8257532119750977
1785278163.9066,3879,2.6512598991394043
1785278164.3216598,3880,1.8419612646102905
1785278164.737946,3881,2.7436752319335938
1785278165.1194975,3882,2.4970598220825195
1785278165.5150678,3883,2.6147031784057617
1785278165.900669,3884,2.7389655113220215
1785278166.3141215,3885,2.901273250579834
1785278166.7102883,3886,2.933770179748535
1785278167.1072009,3887,1.7283055782318115
1785278167.5124073,3888,2.222724437713623
1785278167.9233086,3889,2.014009952545166
1785278168.1794877,3890,2.0042996406555176
1785278168.4126332,3891,2.7103726863861084
1785278168.6489806,3892,2.277533769607544
1785278168.8867934,3893,2.329444646835327
1785278169.1208255,3894,2.1966373920440674
1785278169.3517077,3895,2.6890125274658203
1785278169.5969687,3896,3.166475296020508
1785278169.8343132,3897,2.0157952308654785
1785278170.0766013,3898,2.2635610103607178
1785278170.31488,3899,2.3650259971618652
1785278170.568345,3900,2.4006123542785645
1785278170.8123066,3901,2.2875566482543945
1785278171.0521455,3902,1.6687748432159424
1785278171.2837617,3903,1.7521212100982666
1785278171.5176241,3904,1.983726978302002
1785278171.749007,3905,2.959819793701172
1785278172.1283524,3906,1.6867058277130127
1785278172.550552,3907,3.157470226287842
1785278172.9574544,3908,2.255311965942383
1785278173.3523884,3909,2.0295162200927734
1785278173.7439218,3910,2.020829439163208
1785278174.1221235,3911,2.764709949493408
1785278174.5096884,3912,2.4132962226867676
1785278174.9080691,3913,1.7664626836776733
1785278175.3091497,3914,1.5452594757080078
1785278175.7034624,3915,2.4569716453552246
1785278176.141313,3916,2.061652183532715
1785278176.3800905,3917,2.4958879947662354
1785278176.6206248,3918,2.5430185794830322
1785278176.8739538,3919,4.1210527420043945
1785278177.1069067,3920,2.6007118225097656
1785278177.3448236,3921,3.6306777000427246
1785278177.576861,3922,3.9410510063171387
1785278177.810534,3923,2.174680233001709
1785278178.0440438,3924,2.6616785526275635
1785278178.290696,3925,2.0176360607147217
1785278178.525643,3926,2.098388910293579
1785278178.757579,3927,1.6448585987091064
1785278179.020442,3928,2.010556936264038
1785278179.2627187,3929,2.365239143371582
1785278179.4966567,3930,2.1991422176361084
1785278179.729593,3931,1.8036985397338867
1785278179.960985,3932,1.7789671421051025
1785278180.1927094,3933,1.3752063512802124
1785278180.545323,3934,1.5088505744934082
1785278180.925705,3935,2.1634368896484375
1785278181.3318496,3936,1.8396103382110596
1785278181.7151754,3937,2.2019410133361816
1785278182.144857,3938,2.3050594329833984
1785278182.523981,3939,1.8959704637527466
1785278182.9018753,3940,2.3790178298950195
1785278183.3186135,3941,2.634683132171631
1785278183.711135,3942,2.7353620529174805
1785278184.1262243,3943,2.304529905319214
1785278184.511048,3944,3.3395566940307617
1785278184.9508398,3945,1.9282441139221191
1785278185.1916509,3946,3.4797792434692383
1785278185.4381971,3947,2.482490062713623
1785278185.6829965,3948,3.547183036804199
1785278185.913163,3949,3.2235679626464844
1785278186.1515405,3950,1.7416067123413086
1785278186.4046233,3951,2.1920251846313477
1785278186.638876,3952,1.4817242622375488
1785278186.8969033,3953,3.1443395614624023
1785278187.1345978,3954,2.719308853149414
1785278187.3664522,3955,2.808082103729248
1785278187.6041737,3956,2.1951942443847656
1785278187.8531277,3957,1.8118112087249756
1785278188.1215494,3958,2.5840210914611816
1785278188.3521795,3959,2.193929672241211
1785278188.5815074,3960,3.139657974243164
1785278188.8110995,3961,2.7267165184020996
1785278189.0542665,3962,1.4217839241027832
1785278189.3568537,3963,3.3288803100585938
1785278189.7329862,3964,2.796084403991699
1785278190.1773345,3965,2.761204719543457
1785278190.554128,3966,2.712449312210083
1785278190.9659631,3967,2.2947773933410645
1785278191.3886445,3968,1.813389778137207
1785278191.776859,3969,2.449019432067871
1785278192.1804895,3970,2.6160407066345215
1785278192.5649683,3971,1.948533058166504
1785278192.9533486,3972,1.6331230401992798
1785278193.1873438,3973,1.941853642463684
1785278193.4212391,3974,2.5136330127716064
1785278193.654964,3975,3.766301393508911
1785278193.8966002,3976,2.5701773166656494
1785278194.134128,3977,3.318544864654541
1785278194.374432,3978,2.3408713340759277
1785278194.6123421,3979,1.5218437910079956
1785278194.854496,3980,2.145632266998291
1785278195.0885005,3981,1.9238898754119873
1785278195.327569,3982,1.754737138748169
1785278195.559614,3983,1.5073800086975098
1785278195.805874,3984,2.0826892852783203
1785278196.0474722,3985,2.7838518619537354
1785278196.2823093,3986,1.7425105571746826
1785278196.5188196,3987,1.8351147174835205
1785278196.754571,3988,2.8104684352874756
1785278197.1385965,3989,2.6250905990600586
1785278197.5551727,3990,1.6670492887496948
1785278197.9404936,3991,2.532808542251587
1785278198.375168,3992,1.9060440063476562
1785278198.7661717,3993,2.3778634071350098
1785278199.1648526,3994,2.3980655670166016
1785278199.5628955,3995,1.6281368732452393
1785278199.9652607,3996,1.6145963668823242
1785278200.394219,3997,3.1817893981933594
1785278200.788262,3998,2.148189067840576
1785278201.2103927,3999,2.0928330421447754
1785278201.559311,4000,2.924813985824585
1785278201.7928126,4001,2.600940227508545
1785278202.023745,4002,2.4449374675750732
1785278202.2641616,4003,2.2843756675720215
1785278202.518119,4004,1.7630083560943604
1785278202.765641,4005,2.579395294189453
1785278203.0125413,4006,1.8588738441467285
1785278203.2477129,4007,1.8332741260528564
1785278203.4870243,4008,1.705513596534729
1785278203.7319598,4009,2.330319404602051
1785278203.9635015,4010,1.7311604022979736
1785278204.1946304,4011,3.610053539276123
1785278204.4422424,4012,2.7702701091766357
1785278204.6728077,4013,2.14001202583313
1785278204.9192731,4014,1.544919729232788
1785278205.1542788,4015,2.242875576019287
1785278205.3882892,4016,1.5820542573928833
1785278205.620344,4017,2.337322950363159
1785278205.8512464,4018,3.041459560394287
1785278206.1255844,4019,3.038479804992676
1785278206.5058706,4020,2.3118863105773926
1785278206.916137,4021,1.7242051362991333
1785278207.3191743,4022,2.304037094116211
1785278207.7107635,4023,1.9208753108978271
1785278208.095875,4024,2.6307342052459717
1785278208.484633,4025,2.2713916301727295
1785278208.8756483,4026,3.354032516479492
1785278209.3122802,4027,2.924172878265381
1785278209.6951876,4028,2.492569923400879
1785278210.1013799,4029,2.3801093101501465
1785278210.4836845,4030,3.033957004547119
1785278210.7405682,4031,1.7808709144592285
1785278210.985394,4032,2.7147231101989746
1785278211.2249124,4033,2.5431835651397705
1785278211.459099,4034,2.03029727935791
1785278211.6994128,4035,3.227576732635498
1785278211.9666758,4036,2.1301441192626953
1785278212.198759,4037,3.010507583618164
1785278212.4374568,4038,2.2790985107421875
1785278212.6834075,4039,2.237410068511963
1785278212.9143603,4040,1.604142189025879
1785278213.165028,4041,1.9577672481536865
1785278213.3980286,4042,2.475324869155884
1785278213.631843,4043,2.8870792388916016
1785278213.868095,4044,3.24375581741333
1785278214.1136649,4045,2.250377893447876
1785278214.353628,4046,3.029618740081787
1785278214.590234,4047,2.781315565109253
1785278214.9063652,4048,2.9137468338012695
1785278215.3066788,4049,2.175403118133545
1785278215.7054865,4050,2.234403371810913
1785278216.087706,4051,2.6617064476013184
1785278216.493915,4052,4.061686992645264
1785278216.8735874,4053,2.5459694862365723
1785278217.2756732,4054,1.7034385204315186
1785278217.681931,4055,2.4140267372131348
1785278218.06928,4056,2.7481160163879395
1785278218.4540026,4057,3.2967069149017334
1785278218.8434227,4058,2.7240004539489746
1785278219.2606857,4059,1.6502552032470703
1785278219.6258612,4060,2.1487698554992676
1785278219.870433,4061,1.5669242143630981
1785278220.105033,4062,1.524166464805603
1785278220.3410597,4063,2.958691120147705
1785278220.5769105,4064,2.040102958679199
1785278220.8097236,4065,2.7191824913024902
1785278221.055393,4066,2.6252455711364746
1785278221.296795,4067,2.4294145107269287
1785278221.5286777,4068,2.520078659057617
1785278221.763046,4069,1.957409381866455
1785278222.00007,4070,2.068005323410034
1785278222.2390869,4071,2.0718612670898438
1785278222.4791903,4072,2.312411069869995
1785278222.7107863,4073,1.9347004890441895
1785278222.9416604,4074,1.9346044063568115
1785278223.1728592,4075,1.5825387239456177
1785278223.4043608,4076,2.065858840942383
1785278223.637179,4077,1.9270668029785156
1785278224.0137384,4078,1.9309059381484985
1785278224.397928,4079,2.212191581726074
1785278224.8596487,4080,2.3093013763427734
1785278225.241097,4081,2.8333756923675537
1785278225.6463504,4082,2.853257179260254
1785278226.0340319,4083,2.41499662399292
1785278226.426197,4084,3.455219030380249
1785278226.8358788,4085,2.0637097358703613
1785278227.251933,4086,2.5776267051696777
1785278227.5755007,4087,1.9892404079437256
1785278227.8080912,4088,2.886538028717041
1785278228.0387015,4089,2.1123194694519043
1785278228.296859,4090,3.6223134994506836
1785278228.5278666,4091,1.6565049886703491
1785278228.7645743,4092,2.8865644931793213
1785278229.0100498,4093,1.9010248184204102
1785278229.2414243,4094,3.546067237854004
1785278229.4713805,4095,1.7962298393249512
1785278229.7014062,4096,2.863888740539551
1785278229.9423606,4097,3.9666707515716553
1785278230.1723914,4098,2.384309768676758
1785278230.402675,4099,2.531346082687378
1785278230.633493,4100,2.0051217079162598
1785278230.8628964,4101,2.063616991043091
1785278231.0941627,4102,2.57462739944458
1785278231.492452,4103,2.014751672744751
1785278231.8821585,4104,2.1699137687683105
1785278232.2627769,4105,3.0546443462371826
1785278232.6689672,4106,2.5557336807250977
1785278233.0638485,4107,2.952390670776367
1785278233.4690838,4108,2.258916139602661
1785278233.8588464,4109,3.384329319000244
1785278234.2762814,4110,2.720952033996582
1785278234.6639369,4111,1.51786470413208
1785278235.1297042,4112,2.7496254444122314
1785278235.4549594,4113,2.1257858276367188
1785278235.7025588,4114,2.3887529373168945
1785278235.9327824,4115,2.7028846740722656
1785278236.1759684,4116,1.904862642288208
1785278236.4081063,4117,1.9416513442993164
1785278236.6603553,4118,3.8445382118225098
1785278236.8939598,4119,2.236678123474121
1785278237.1257186,4120,2.4974522590637207
1785278237.3624194,4121,1.670788288116455
1785278237.5922234,4122,1.595862627029419
1785278237.8247907,4123,2.0860235691070557
1785278238.0889742,4124,2.346653461456299
1785278238.3227813,4125,1.8670064210891724
1785278238.5553806,4126,2.646700859069824
1785278238.791014,4127,1.7979193925857544
1785278239.1901,4128,2.545839786529541
1785278239.5827296,4129,2.144070625305176
1785278239.97283,4130,1.4012209177017212
1785278240.3620403,4131,2.4324116706848145
1785278240.7558339,4132,2.227275848388672
1785278241.142866,4133,2.6693058013916016
1785278241.5259047,4134,1.8778433799743652
1785278241.9659677,4135,2.763200283050537
1785278242.375437,4136,2.6627354621887207
1785278242.7697856,4137,3.972134828567505
1785278243.167187,4138,2.9964451789855957
1785278243.5496135,4139,2.044420003890991
1785278243.7928274,4140,2.4530677795410156
1785278244.028025,4141,2.5067026615142822
1785278244.2635667,4142,2.226019859313965
1785278244.4957798,4143,2.840296745300293
1785278244.7511308,4144,1.5136916637420654
1785278244.999346,4145,3.0058655738830566
1785278245.2317219,4146,2.2509496212005615
1785278245.469296,4147,1.680003046989441
1785278245.7023456,4148,3.0321764945983887
1785278245.935322,4149,3.2464497089385986
1785278246.1721854,4150,2.4570960998535156
1785278246.4013343,4151,1.7062244415283203
1785278246.63517,4152,2.1158578395843506
1785278246.8945544,4153,1.4664337635040283
1785278247.1827466,4154,2.2348456382751465
1785278247.4124687,4155,2.385469675064087
1785278247.655702,4156,2.917449474334717
1785278247.8968732,4157,3.497818946838379
1785278248.1358774,4158,2.4145426750183105
1785278248.524436,4159,2.0216712951660156
1785278248.9287176,4160,1.9644181728363037
1785278249.3580384,4161,2.013730525970459
1785278249.7410984,4162,2.48980712890625
1785278250.1275182,4163,2.1496682167053223
1785278250.5782313,4164,2.7139573097229004
1785278250.978864,4165,2.299118995666504
1785278251.3866284,4166,2.3891215324401855
1785278251.8014877,4167,1.8270220756530762
1785278252.192105,4168,2.237833023071289
1785278252.591921,4169,2.778073310852051
1785278252.834004,4170,2.531182050704956
1785278253.0687141,4171,2.2799572944641113
1785278253.3199058,4172,1.9783697128295898
1785278253.556472,4173,1.8862920999526978
1785278253.7887528,4174,2.462552547454834
1785278254.0223405,4175,2.9686777591705322
1785278254.253486,4176,2.0506045818328857
1785278254.4936779,4177,3.0323190689086914
1785278254.733335,4178,2.678582191467285
1785278254.9705532,4179,3.7010464668273926
1785278255.2158134,4180,1.8792691230773926
1785278255.4471605,4181,2.40057373046875
1785278255.7012239,4182,2.971761703491211
1785278255.946593,4183,2.056791305541992
1785278256.1803188,4184,2.4282400608062744
1785278256.5850036,4185,1.6274694204330444
1785278256.9883127,4186,3.9107322692871094
1785278257.3917637,4187,2.412397861480713
1785278257.7886362,4188,1.5436347723007202
1785278258.1950989,4189,2.3223321437835693
1785278258.661492,4190,3.0510573387145996
1785278259.0555708,4191,2.0639851093292236
1785278259.4449556,4192,1.463599443435669
1785278259.8654659,4193,2.940650463104248
1785278260.2594082,4194,2.3687891960144043
1785278260.5712137,4195,2.1760692596435547
1785278260.809455,4196,2.710258960723877
1785278261.0450754,4197,3.316800117492676
1785278261.2987351,4198,2.36220645904541
1785278261.5451515,4199,1.686971664428711
1785278261.784022,4200,1.677822470664978
1785278262.019788,4201,1.9967808723449707
1785278262.259841,4202,2.101270914077759
1785278262.4972587,4203,2.6198859214782715
1785278262.737956,4204,2.8697521686553955
1785278262.971613,4205,2.122709274291992
1785278263.2235415,4206,1.5675251483917236
1785278263.4577496,4207,1.3267987966537476
1785278263.6929924,4208,3.838178873062134
1785278263.9365666,4209,2.0217225551605225
1785278264.2016754,4210,2.0633177757263184
1785278264.616675,4211,2.0101325511932373
1785278265.0123765,4212,2.2742092609405518
1785278265.4256136,4213,2.3258743286132812
1785278265.8290792,4214,2.827230215072632
1785278266.2444556,4215,1.8110105991363525
1785278266.6484673,4216,1.9031243324279785
1785278267.0576835,4217,2.1446523666381836
1785278267.4782026,4218,2.5728602409362793
1785278267.8860652,4219,2.3205904960632324
1785278268.128439,4220,1.863295316696167
1785278268.3581183,4221,2.627836227416992
1785278268.5899765,4222,2.9307451248168945
1785278268.8541799,4223,1.7442450523376465
1785278269.097117,4224,1.8048887252807617
1785278269.3558247,4225,1.6974823474884033
1785278269.5988505,4226,1.6789007186889648
1785278269.8571928,4227,1.5182747840881348
1785278270.0911233,4228,2.2603979110717773
1785278270.343714,4229,2.6753017902374268
1785278270.5870912,4230,2.495992660522461
1785278270.8401144,4231,2.8444414138793945
1785278271.0961242,4232,2.3523058891296387
1785278271.3631186,4233,2.2056078910827637
1785278271.6891937,4234,1.5678986310958862
1785278272.1307206,4235,1.9761714935302734
1785278272.6049442,4236,2.0134403705596924
1785278273.0464058,4237,2.6597511768341064
1785278273.4920635,4238,1.6208276748657227
1785278273.9560297,4239,1.7535197734832764
1785278274.3814921,4240,3.0195984840393066
1785278274.8484528,4241,2.705209970474243
1785278275.3078523,4242,2.4396886825561523
1785278275.7417178,4243,1.5472371578216553
1785278276.058976,4244,1.5446274280548096
1785278276.3129077,4245,2.639183521270752
1785278276.5637345,4246,2.376854419708252
1785278276.8059568,4247,2.0299530029296875
1785278277.0451388,4248,2.687389373779297
1785278277.2990696,4249,2.101884603500366
1785278277.547122,4250,1.5606380701065063
1785278277.8153615,4251,2.9974637031555176
1785278278.0566308,4252,2.4592320919036865
1785278278.3018973,4253,2.3183445930480957
1785278278.5767078,4254,2.0952131748199463
1785278278.8204193,4255,2.597928524017334
1785278279.0811367,4256,2.403522491455078
1785278279.3359785,4257,3.034702777862549
1785278279.7645726,4258,2.2368388175964355
1785278280.2157655,4259,3.4215102195739746
1785278280.6178586,4260,1.853980541229248
1785278281.083451,4261,1.6843210458755493
1785278281.5025144,4262,3.5298097133636475
1785278281.9448173,4263,1.875563383102417
1785278282.3721356,4264,2.1206276416778564
1785278282.7986581,4265,1.6996300220489502
1785278283.09545,4266,2.1195690631866455
1785278283.3289716,4267,1.914048194885254
1785278283.5911937,4268,2.9977288246154785
1785278283.8282993,4269,1.532475471496582
1785278284.0808425,4270,2.2330245971679688
1785278284.3259635,4271,1.6067726612091064
1785278284.559724,4272,3.0846781730651855
1785278284.797176,4273,2.631523609161377
1785278285.0321581,4274,2.6076998710632324
1785278285.2672768,4275,2.0711965560913086
1785278285.4996104,4276,3.1915841102600098
1785278285.7550776,4277,2.36747670173645
1785278285.9954526,4278,1.4177051782608032
1785278286.2298079,4279,2.1796000003814697
1785278286.4621944,4280,3.4032888412475586
1785278286.6945004,4281,2.301725387573242
1785278287.0860066,4282,2.8279924392700195
1785278287.4803536,4283,2.6776740550994873
1785278287.9347436,4284,2.4433071613311768
1785278288.3430254,4285,1.5547481775283813
1785278288.758506,4286,2.4233481884002686
1785278289.1608741,4287,2.160092353820801
1785278289.6056967,4288,1.5065394639968872
1785278290.0125625,4289,2.93483567237854
1785278290.4248812,4290,1.9683222770690918
1785278290.828648,4291,2.3325183391571045
1785278291.2285445,4292,1.808949589729309
1785278291.4796128,4293,1.644913673400879
1785278291.7182608,4294,1.5348995923995972
1785278291.9675548,4295,2.824998140335083
1785278292.2067225,4296,2.185515880584717
1785278292.4431543,4297,2.7220044136047363
1785278292.6804771,4298,2.029844045639038
1785278292.93982,4299,1.920302152633667
1785278293.1847854,4300,3.3295507431030273
1785278293.4273262,4301,1.7752143144607544
1785278293.6716206,4302,3.5216283798217773
1785278293.9503503,4303,2.569934368133545
1785278294.1886208,4304,2.63433837890625
1785278294.4290674,4305,1.522275686264038
1785278294.862549,4306,2.591053009033203
1785278295.2634163,4307,1.548612356185913
1785278295.675523,4308,2.1715493202209473
1785278296.1184042,4309,2.8260388374328613
1785278296.550529,4310,2.8612895011901855
1785278296.9449713,4311,1.846449613571167
1785278297.3816838,4312,2.763662099838257
1785278297.794383,4313,2.7397267818450928
1785278298.2169485,4314,2.5690903663635254
1785278298.4813597,4315,3.402785301208496
1785278298.744055,4316,1.6504716873168945
1785278298.9899995,4317,2.7625293731689453
1785278299.2348318,4318,1.5733639001846313
1785278299.4816854,4319,1.6149959564208984
1785278299.7330077,4320,1.9373959302902222
1785278300.0007048,4321,2.8777289390563965
1785278300.2350986,4322,2.4536564350128174
1785278300.4745102,4323,2.958472728729248
1785278300.714366,4324,1.7100560665130615
1785278300.9520195,4325,2.053189516067505
1785278301.1934152,4326,2.4725141525268555
1785278301.4303641,4327,3.1201140880584717
1785278301.6685088,4328,4.021263122558594
1785278301.9190946,4329,3.1376705169677734
1785278302.1562061,4330,2.9909768104553223
1785278302.4775276,4331,3.863543748855591
1785278302.8858416,4332,1.6983215808868408
1785278303.2837021,4333,1.6201304197311401
1785278303.687832,4334,1.7926955223083496
1785278304.1232457,4335,1.6208539009094238
1785278304.5407078,4336,2.273141384124756
1785278304.973881,4337,2.5266313552856445
1785278305.4475198,4338,1.8273019790649414
1785278305.8975072,4339,1.9616862535476685
1785278306.1305394,4340,2.768057346343994
1785278306.3739815,4341,2.277024745941162
1785278306.6109676,4342,2.1644368171691895
1785278306.8553572,4343,1.8805809020996094
1785278307.0921502,4344,2.3224940299987793
1785278307.3407564,4345,1.9968003034591675
1785278307.582328,4346,2.4207749366760254
1785278307.8554661,4347,1.891930103302002
1785278308.1030428,4348,1.380372166633606
1785278308.3591647,4349,2.2699108123779297
1785278308.597779,4350,2.3403568267822266
1785278308.8411279,4351,2.8951528072357178
1785278309.085362,4352,2.523738145828247
1785278309.3275387,4353,1.7938770055770874
1785278309.566471,4354,2.051950454711914
1785278309.9229333,4355,2.153982400894165
1785278310.3449447,4356,2.5103442668914795
1785278310.7873042,4357,2.330015182495117
1785278311.2500489,4358,2.656034469604492
1785278311.7354994,4359,2.436171531677246
1785278312.1674478,4360,1.8137770891189575
1785278312.6609695,4361,1.659085750579834
1785278313.0704987,4362,1.9543561935424805
1785278313.4796119,4363,4.454237937927246
1785278313.879914,4364,2.0097293853759766
1785278314.1200516,4365,1.8839139938354492
1785278314.363786,4366,1.6162056922912598
1785278314.611284,4367,2.773430824279785
1785278314.8551526,4368,2.1391868591308594
1785278315.1051424,4369,3.3675789833068848
1785278315.345756,4370,1.7447069883346558
1785278315.5990796,4371,1.9726495742797852
1785278315.835168,4372,2.6641788482666016
1785278316.0703375,4373,3.1578450202941895
1785278316.3029463,4374,1.685307502746582
1785278316.5352128,4375,2.8714146614074707
1785278316.777132,4376,2.2654190063476562
1785278317.008974,4377,2.2061142921447754
1785278317.244071,4378,2.9482409954071045
1785278317.4851804,4379,1.8439290523529053
1785278317.717455,4380,2.937683582305908
1785278318.0872803,4381,2.2197775840759277
1785278318.4667335,4382,3.7983741760253906
1785278318.8643308,4383,2.390136241912842
1785278319.2557034,4384,1.7818892002105713
1785278319.6391783,4385,2.448667287826538
1785278320.0806577,4386,2.067362070083618
1785278320.474738,4387,2.028731107711792
1785278320.8552768,4388,2.477065086364746
1785278321.2396624,4389,2.106649875640869
1785278321.6486921,4390,1.7948029041290283
1785278322.020215,4391,2.185326099395752
1785278322.2623613,4392,1.5727702379226685
1785278322.4940262,4393,1.6042554378509521
1785278322.7245197,4394,1.8464889526367188
1785278322.9588785,4395,3.1350245475769043
1785278323.2294376,4396,2.4277753829956055
1785278323.46699,4397,1.646342158317566
1785278323.7039342,4398,1.7893716096878052
1785278323.9356098,4399,2.800161123275757
1785278324.1699607,4400,4.721500396728516
1785278324.4073708,4401,2.896472454071045
1785278324.657672,4402,1.9757037162780762
1785278324.902608,4403,2.1713366508483887
1785278325.1741147,4404,1.9364264011383057
1785278325.4501967,4405,2.0124144554138184
1785278325.8541179,4406,2.002272844314575
1785278326.2737184,4407,1.6967902183532715
1785278326.7070582,4408,2.9125826358795166
1785278327.1059117,4409,2.1046388149261475
1785278327.6145334,4410,2.9278273582458496
1785278328.138584,4411,2.0444235801696777
1785278328.5564895,4412,1.7778468132019043
1785278328.9743128,4413,2.033010244369507
1785278329.4043534,4414,2.5963902473449707
1785278329.7525086,4415,2.973595142364502
1785278330.0155184,4416,2.344363212585449
1785278330.2627091,4417,3.7419657707214355
1785278330.5015876,4418,1.5913978815078735
1785278330.7390769,4419,2.275399684906006
1785278331.004361,4420,1.5124976634979248
1785278331.2559507,4421,1.385788083076477
1785278331.5319788,4422,2.723045825958252
1785278331.7655542,4423,2.640082359313965
1785278332.0304122,4424,2.7128286361694336
1785278332.279177,4425,1.7473371028900146
1785278332.55798,4426,1.5696794986724854
1785278332.7968094,4427,4.26224422454834
1785278333.0524595,4428,2.0940048694610596
1785278333.3065777,4429,1.5996556282043457
1785278333.5669467,4430,3.1218647956848145
1785278333.8142285,4431,1.8512601852416992
1785278334.1535592,4432,2.692812204360962
1785278334.5956519,4433,3.5373857021331787
1785278335.070177,4434,1.7684500217437744
1785278335.5738091,4435,1.3549048900604248
1785278336.0015974,4436,2.595510721206665
1785278336.4574022,4437,1.9705764055252075
1785278336.907728,4438,1.9817872047424316
1785278337.3483014,4439,2.3973734378814697
1785278337.7836828,4440,3.521660566329956
1785278338.0359755,4441,2.580267906188965
1785278338.2971287,4442,1.7887340784072876
1785278338.5533016,4443,1.5624579191207886
1785278338.7955463,4444,2.0610339641571045
1785278339.0554552,4445,2.6517441272735596
1785278339.310824,4446,2.226876735687256
1785278339.5508308,4447,3.699859857559204
1785278339.7977712,4448,1.810179352760315
1785278340.0379727,4449,2.1321234703063965
1785278340.287147,4450,1.832740068435669
1785278340.534389,4451,3.829714775085449
1785278340.7677162,4452,2.7246360778808594
1785278341.0360317,4453,1.7813773155212402
1785278341.2987955,4454,2.767815113067627
1785278341.5500453,4455,2.403158664703369
1785278341.8019664,4456,4.2862749099731445
1785278342.2244332,4457,1.8363409042358398
1785278342.665393,4458,2.4710841178894043
1785278343.1051607,4459,4.650920867919922
1785278343.50549,4460,2.063098430633545
1785278343.94761,4461,2.8577771186828613
1785278344.397748,4462,1.898771047592163
1785278344.8306062,4463,4.493307113647461
1785278345.242736,4464,2.3019471168518066
1785278345.6880434,4465,4.086984634399414
1785278346.1194615,4466,1.662879467010498
1785278346.4091825,4467,3.0458316802978516
1785278346.671483,4468,2.7363314628601074
1785278346.9431334,4469,2.6464908123016357
1785278347.1951842,4470,2.43571400642395
1785278347.4488032,4471,2.8044052124023438
1785278347.7113342,4472,2.555572748184204
1785278347.951509,4473,2.2958741188049316
1785278348.194817,4474,2.3970894813537598
1785278348.4382868,4475,2.1199052333831787
1785278348.6720767,4476,2.147336006164551
1785278348.913992,4477,3.1675500869750977
1785278349.165253,4478,1.5586395263671875
1785278349.404806,4479,1.8558290004730225
1785278349.6497142,4480,2.750808000564575
1785278349.8891387,4481,1.668852686882019
1785278350.1660736,4482,3.4922213554382324
1785278350.4037998,4483,2.4692306518554688
1785278350.674397,4484,2.307450771331787
1785278351.076334,4485,1.5758512020111084
1785278351.5183678,4486,2.7062063217163086
1785278352.0010552,4487,2.384105682373047
1785278352.4413412,4488,2.6670799255371094
1785278352.876455,4489,2.1550400257110596
1785278353.294711,4490,2.3683338165283203
1785278353.7082937,4491,2.8127522468566895
1785278354.1093915,4492,2.3145194053649902
1785278354.5260568,4493,4.367893695831299
1785278354.7622614,4494,1.9860963821411133
1785278354.9922855,4495,2.7499642372131348
1785278355.2219841,4496,1.9079277515411377
1785278355.4583056,4497,2.007719039916992
1785278355.6883805,4498,2.4635775089263916
1785278355.927262,4499,2.7854180335998535
1785278356.1645117,4500,1.71681547164917
1785278356.3954794,4501,1.8602710962295532
1785278356.627274,4502,2.9309933185577393
1785278356.864002,4503,3.153430938720703
1785278357.1055214,4504,3.6865882873535156
1785278357.349309,4505,2.291475772857666
1785278357.5851467,4506,4.9357805252075195
1785278357.9114985,4507,2.260744571685791
1785278358.3197734,4508,2.0756402015686035
1785278358.7568512,4509,2.1277894973754883
1785278359.1905465,4510,2.013993263244629
1785278359.648192,4511,1.8214176893234253
1785278360.089704,4512,2.4004249572753906
1785278360.5037224,4513,1.9128944873809814
1785278360.9766636,4514,1.6617648601531982
1785278361.4046311,4515,1.6412065029144287
1785278361.7954595,4516,2.1052422523498535
1785278362.050484,4517,3.2826337814331055
1785278362.3044991,4518,1.5644782781600952
1785278362.5831687,4519,3.472914934158325
1785278362.8432586,4520,3.8854897022247314
1785278363.094539,4521,1.5004199743270874
1785278363.3721817,4522,2.69633150100708
1785278363.6787717,4523,1.731586217880249
1785278363.942439,4524,1.7202961444854736
1785278364.1946714,4525,2.1495296955108643
1785278364.4420936,4526,1.997376561164856
1785278364.6781552,4527,3.363582134246826
1785278364.9206202,4528,1.7790818214416504
1785278365.156319,4529,2.037569046020508
1785278365.3886964,4530,2.991015911102295
1785278365.6205783,4531,1.9102284908294678
1785278366.0037947,4532,2.163735866546631
1785278366.396048,4533,2.0103445053100586
1785278366.839164,4534,1.804174780845642
1785278367.229164,4535,3.0615952014923096
1785278367.6412568,4536,2.924111843109131
1785278368.0294743,4537,2.9054558277130127
1785278368.4085894,4538,2.7173681259155273
1785278368.7940235,4539,3.5770792961120605
1785278369.179327,4540,2.1301121711730957
1785278369.5845144,4541,1.772122859954834
1785278369.854261,4542,2.2942299842834473
1785278370.0991237,4543,1.6690846681594849
1785278370.340275,4544,1.9833530187606812
1785278370.5811486,4545,1.7382146120071411
1785278370.8206599,4546,2.34438419342041
1785278371.0645738,4547,3.6579887866973877
1785278371.3276217,4548,1.6735970973968506
1785278371.576106,4549,2.393702507019043
1785278371.8104515,4550,2.0682668685913086
1785278372.0835736,4551,3.9109277725219727
1785278372.3264003,4552,1.5617856979370117
1785278372.5670953,4553,2.2900986671447754
1785278372.8151572,4554,1.828780174255371
1785278373.0632076,4555,2.169295072555542
1785278373.3016267,4556,1.805582046508789
1785278373.5421872,4557,1.581935167312622
1785278373.9405298,4558,1.9840590953826904
1785278374.342162,4559,1.864637017250061
1785278374.818207,4560,4.091629981994629
1785278375.2755964,4561,1.4693350791931152
1785278375.7031753,4562,1.565084457397461
1785278376.1387787,4563,1.3985658884048462
1785278376.5485039,4564,2.5480775833129883
1785278376.97472,4565,2.4360458850860596
1785278377.3744216,4566,2.05265736579895
1785278377.7350771,4567,2.8192336559295654
1785278377.976134,4568,2.4862465858459473
1785278378.2159176,4569,2.1316957473754883
1785278378.4526985,4570,2.2763686180114746
1785278378.6983678,4571,2.738745927810669
1785278378.9427314,4572,2.7411508560180664
1785278379.1800952,4573,1.9082133769989014
1785278379.4237068,4574,3.0134127140045166
1785278379.666126,4575,2.971221685409546
1785278379.9025798,4576,1.6010676622390747
1785278380.140053,4577,3.864973545074463
1785278380.3983736,4578,1.6249151229858398
1785278380.6485076,4579,1.7876429557800293
1785278380.9047236,4580,2.1221580505371094
1785278381.157714,4581,2.5818209648132324
1785278381.3969674,4582,2.015301465988159
1785278381.6427336,4583,1.5112172365188599
1785278381.9955444,4584,1.4024995565414429
1785278382.4447026,4585,2.3401310443878174
1785278382.9190435,4586,2.740767002105713
1785278383.353903,4587,3.38748836517334
1785278383.7769592,4588,2.1264853477478027
1785278384.2388356,4589,2.2554752826690674
1785278384.6776757,4590,1.78046452999115
1785278385.1063664,4591,1.9024691581726074
1785278385.550403,4592,2.7824230194091797
1785278385.8771148,4593,1.665031909942627
1785278386.1216962,4594,1.58113694190979
1785278386.3820462,4595,2.155564546585083
1785278386.6285162,4596,1.7996529340744019
1785278386.8856392,4597,2.0930447578430176
1785278387.1370409,4598,1.8116755485534668
1785278387.3831644,4599,1.762467622756958
1785278387.6322117,4600,1.7659366130828857
1785278387.8705742,4601,2.135185718536377
1785278388.1038985,4602,2.606900930404663
1785278388.37446,4603,2.015559434890747
1785278388.6219885,4604,1.4832996129989624
1785278388.8584993,4605,1.9764984846115112
1785278389.3029072,4606,2.2310924530029297
1785278389.6862597,4607,1.5687198638916016
1785278390.1055915,4608,1.8797106742858887
1785278390.4960632,4609,2.007021188735962
1785278390.913395,4610,2.1931991577148438
1785278391.354117,4611,2.842525005340576
1785278391.7471843,4612,2.387101650238037
1785278392.1301146,4613,2.2070491313934326
1785278392.5397253,4614,2.357370376586914
1785278392.9737408,4615,1.9061999320983887
1785278393.3768644,4616,2.794790744781494
1785278393.6567972,4617,1.9997620582580566
1785278393.8726192,4618,2.5601119995117188
1785278394.1172545,4619,2.344231605529785
1785278394.325436,4620,2.8361828327178955
1785278394.5423245,4621,2.121117353439331
1785278394.7625117,4622,2.437925338745117
1785278394.9743993,4623,2.0581648349761963
1785278395.2189515,4624,2.1191186904907227
1785278395.4390519,4625,2.2459421157836914
1785278395.6507552,4626,2.4612433910369873
1785278395.8622732,4627,1.863874912261963
1785278396.0905292,4628,2.343045711517334
1785278396.4857209,4629,1.8909149169921875
1785278396.8868904,4630,1.9343693256378174
1785278397.271137,4631,1.7714921236038208
1785278397.663283,4632,2.6019670963287354
1785278398.049109,4633,1.4627844095230103
1785278398.4550145,4634,2.177748680114746
1785278398.8531842,4635,1.998842716217041
1785278399.2441964,4636,1.3758840560913086
1785278399.6272576,4637,3.215153217315674
1785278400.0127313,4638,2.169559955596924
1785278400.2815335,4639,2.066718578338623
1785278400.49869,4640,3.1786346435546875
1785278400.7146423,4641,2.7533931732177734
1785278400.9274328,4642,2.9998693466186523
1785278401.1383207,4643,2.0717599391937256
1785278401.362659,4644,1.6825475692749023
1785278401.5726917,4645,1.9400954246520996
1785278401.7853715,4646,1.8346563577651978
1785278402.0024254,4647,2.0279643535614014
1785278402.2123845,4648,1.6024553775787354
1785278402.443582,4649,4.579967021942139
1785278402.652477,4650,2.6287622451782227
1785278402.8833282,4651,2.2155792713165283
1785278403.1126807,4652,1.7831521034240723
1785278403.3569734,4653,1.7261005640029907
1785278403.7907517,4654,1.6358051300048828
1785278404.1878877,4655,2.77199649810791
1785278404.5871706,4656,2.758969783782959
1785278404.9769711,4657,2.0354080200195312
1785278405.3602679,4658,2.3061180114746094
1785278405.7768774,4659,2.222989082336426
1785278406.2244954,4660,1.753173828125
1785278406.443378,4661,2.6679940223693848
1785278406.657102,4662,3.0601444244384766
1785278406.8730187,4663,1.7896137237548828
1785278407.0804965,4664,2.2556583881378174
1785278407.3192847,4665,2.6051993370056152
1785278407.546674,4666,2.6660163402557373
1785278407.7563162,4667,2.4068684577941895
1785278407.9747036,4668,1.9713411331176758
1785278408.1998744,4669,1.9359986782073975
1785278408.4321077,4670,4.243235111236572
1785278408.641139,4671,1.7466981410980225
1785278408.9354153,4672,2.7644755840301514
1785278409.3487957,4673,2.081570625305176
1785278409.7693388,4674,2.284688711166382
1785278410.184814,4675,2.9383273124694824
1785278410.5974147,4676,2.4285995960235596
1785278411.015591,4677,3.2618918418884277
1785278411.4057088,4678,3.897019147872925
1785278411.6295927,4679,1.6084303855895996
1785278411.83752,4680,2.4625086784362793
1785278412.056586,4681,1.9326965808868408
1785278412.2865994,4682,1.5662297010421753
1785278412.496463,4683,2.338923215866089
1785278412.709066,4684,1.5229547023773193
1785278412.9295092,4685,2.7339930534362793
1785278413.133481,4686,2.201714515686035
1785278413.3468223,4687,2.338263750076294
1785278413.5714474,4688,1.932563066482544
1785278413.7839406,4689,2.185939073562622
1785278414.1138577,4690,1.5603742599487305
1785278414.568705,4691,1.748176097869873
1785278415.0292196,4692,2.4630870819091797
1785278415.455926,4693,2.0081143379211426
1785278415.9122553,4694,1.597939133644104
1785278416.3508058,4695,1.6367815732955933
1785278416.7895305,4696,1.8904461860656738
1785278417.0183704,4697,2.2359120845794678
1785278417.2483556,4698,1.6477198600769043
1785278417.4613252,4699,2.0125832557678223
1785278417.6774895,4700,1.669194221496582
1785278417.9047034,4701,1.8062756061553955
1785278418.1231475,4702,2.00972843170166
1785278418.3342302,4703,1.5782793760299683
1785278418.537885,4704,2.6479718685150146
1785278418.7418084,4705,2.289210796356201
1785278418.945159,4706,1.4805761575698853
1785278419.153722,4707,2.704921007156372
1785278419.3619676,4708,2.436962604522705
1785278419.5947576,4709,2.9545202255249023
1785278419.8189666,4710,2.1281800270080566
1785278420.2196977,4711,3.238938808441162
1785278420.6242073,4712,2.105813980102539
1785278421.0004618,4713,2.4304237365722656
1785278421.4078274,4714,2.172335147857666
1785278421.8006778,4715,2.366562843322754
1785278422.2218618,4716,1.5347883701324463
1785278422.484681,4717,2.3517251014709473
1785278422.692414,4718,1.878180742263794
1785278422.9039874,4719,1.454871416091919
1785278423.120852,4720,2.2344865798950195
1785278423.3307445,4721,1.4963032007217407
1785278423.56005,4722,2.7562766075134277
1785278423.766715,4723,1.867905855178833
1785278423.9747117,4724,2.3695621490478516
1785278424.1833313,4725,1.9741063117980957
1785278424.3947241,4726,3.252444267272949
1785278424.6061206,4727,2.760272979736328
1785278424.8182561,4728,1.9007591009140015
1785278425.0240495,4729,1.8287497758865356
1785278425.2393866,4730,1.6930553913116455
1785278425.4481058,4731,1.5702083110809326
1785278425.6590154,4732,2.6372992992401123
1785278425.866557,4733,2.290518283843994
1785278426.0890028,4734,2.356579303741455
1785278426.2951975,4735,2.7260613441467285
1785278426.527826,4736,2.9695472717285156
1785278426.7370656,4737,2.280984401702881
1785278426.962261,4738,2.1197423934936523
1785278427.4434133,4739,3.941409111022949
1785278427.824313,4740,2.429219961166382
1785278428.229311,4741,1.5870475769042969
1785278428.6403687,4742,1.9577502012252808
1785278429.0297163,4743,2.1449756622314453
1785278429.4227102,4744,1.8317261934280396
1785278429.6291475,4745,1.7705435752868652
1785278429.8351912,4746,1.8223180770874023
1785278430.0470839,4747,2.5108346939086914
1785278430.2527812,4748,1.9243390560150146
1785278430.4768,4749,1.42113196849823
1785278430.6994662,4750,2.511981964111328
1785278430.9093702,4751,3.597255229949951
1785278431.118036,4752,1.4808508157730103
1785278431.3511593,4753,3.1939468383789062
1785278431.5682943,4754,1.532536506652832
1785278431.7790956,4755,2.079944133758545
1785278431.9855494,4756,2.077385187149048
1785278432.1995757,4757,2.059558153152466
1785278432.4067664,4758,3.6705727577209473
1785278432.621985,4759,1.8711471557617188
1785278432.8402684,4760,1.572497844696045
1785278433.0553925,4761,2.1623101234436035
1785278433.2681751,4762,2.3056159019470215
1785278433.4841745,4763,2.2158241271972656
1785278433.696769,4764,2.1778416633605957
1785278433.9081116,4765,3.234837532043457
1785278434.210791,4766,1.6485652923583984
1785278434.5956707,4767,2.389993190765381
1785278435.0017638,4768,3.669299364089966
1785278435.3904395,4769,3.038257598876953
1785278435.780483,4770,2.610252618789673
1785278436.039977,4771,3.188661575317383
1785278436.2468967,4772,3.306364059448242
1785278436.4620652,4773,2.3806660175323486
1785278436.6797643,4774,1.771674394607544
1785278436.9072978,4775,1.5692245960235596
1785278437.1190543,4776,2.4100327491760254
1785278437.3263986,4777,2.7359628677368164
1785278437.5311923,4778,1.6624027490615845
1785278437.7415102,4779,2.363278865814209
1785278437.9680007,4780,1.860332727432251
1785278438.1740625,4781,2.1112380027770996
1785278438.3815103,4782,3.227259397506714
1785278438.5985658,4783,1.945995807647705
1785278438.8125834,4784,1.69236159324646
1785278439.0227983,4785,2.238772392272949
1785278439.2342339,4786,3.001333236694336
1785278439.448798,4787,1.4443295001983643
1785278439.6559255,4788,2.0591518878936768
1785278439.8651497,4789,1.6240960359573364
1785278440.283303,4790,2.5928215980529785
1785278440.6679308,4791,3.402313232421875
1785278441.0564437,4792,3.0383810997009277
1785278441.4896166,4793,3.1161277294158936
1785278441.8912094,4794,2.367474317550659
1785278442.2199354,4795,2.464184284210205
1785278442.4297807,4796,1.8185529708862305
1785278442.6397383,4797,1.303189992904663
1785278442.8491914,4798,1.9325525760650635
1785278443.055348,4799,2.078359603881836
1785278443.277948,4800,2.1493403911590576
1785278443.4911692,4801,2.8042030334472656
1785278443.7188525,4802,1.6945269107818604
1785278443.9255028,4803,1.4529681205749512
1785278444.146588,4804,2.098787307739258
1785278444.3678687,4805,1.4916937351226807
1785278444.5797288,4806,2.009004592895508
1785278444.798711,4807,2.627150058746338
1785278445.0116718,4808,2.039297103881836
1785278445.2175467,4809,1.8914071321487427
1785278445.431415,4810,2.108588218688965
1785278445.6380186,4811,1.8159458637237549
1785278445.8471794,4812,3.2498507499694824
1785278446.0536883,4813,2.0867724418640137
1785278446.2608132,4814,3.109424591064453
1785278446.4668062,4815,2.6225576400756836
1785278446.6802793,4816,1.5070772171020508
1785278446.8885593,4817,3.0989990234375
1785278447.0942981,4818,1.4606536626815796
1785278447.3020358,4819,2.517477035522461
1785278447.5285175,4820,2.2689578533172607
1785278447.9354234,4821,1.5899159908294678
1785278448.3195205,4822,1.6770272254943848
1785278448.7471821,4823,2.486351251602173
1785278449.1332734,4824,2.5113494396209717
1785278449.5332198,4825,2.1039199829101562
1785278449.7831461,4826,4.0083160400390625
1785278449.9967058,4827,2.080231189727783
1785278450.2070856,4828,2.717742443084717
1785278450.4258468,4829,1.5685118436813354
1785278450.6411865,4830,2.562654733657837
1785278450.8559494,4831,2.2349600791931152
1785278451.0624738,4832,1.9710700511932373
1785278451.2704732,4833,2.130385398864746
1785278451.476498,4834,2.9511122703552246
1785278451.6860402,4835,4.552892684936523
1785278451.904028,4836,2.586223840713501
1785278452.1287353,4837,2.1221425533294678
1785278452.3465734,4838,2.396127223968506
1785278452.5581498,4839,1.6585121154785156
1785278452.7813926,4840,1.9350666999816895
1785278452.987722,4841,2.352795362472534
1785278453.1958508,4842,2.2388505935668945
1785278453.403126,4843,3.2398314476013184
1785278453.6173453,4844,2.1317214965820312
1785278453.823273,4845,2.1998209953308105
1785278454.0284252,4846,2.3988428115844727
1785278454.241118,4847,1.7654094696044922
1785278454.4544811,4848,1.4454177618026733
1785278454.6632817,4849,2.206141471862793
1785278455.0565097,4850,1.46750009059906
1785278455.4640818,4851,1.7683923244476318
1785278455.8480399,4852,1.954460620880127
1785278456.2461615,4853,1.5121620893478394
1785278456.5223267,4854,2.093778133392334
1785278456.7365665,4855,2.8522531986236572
1785278456.965068,4856,2.2288975715637207
1785278457.1730473,4857,1.6922112703323364
1785278457.3853803,4858,2.0555665493011475
1785278457.594625,4859,1.3093886375427246
1785278457.7997816,4860,2.4462015628814697
1785278458.007088,4861,2.0441627502441406
1785278458.235722,4862,1.819126844406128
1785278458.4516559,4863,1.6372145414352417
1785278458.661315,4864,2.4973161220550537
1785278458.8774452,4865,2.0760416984558105
1785278459.0870783,4866,2.6651697158813477
1785278459.3095648,4867,2.059919834136963
1785278459.521016,4868,1.6517479419708252
1785278459.7280192,4869,2.8094139099121094
1785278459.9396958,4870,1.9324055910110474
1785278460.1505492,4871,1.9137505292892456
1785278460.3699234,4872,2.151353120803833
1785278460.5847752,4873,3.546874523162842
1785278460.8281171,4874,2.005697250366211
1785278461.0419161,4875,2.990206718444824
1785278461.259587,4876,2.361877202987671
1785278461.4728441,4877,2.0137503147125244
1785278461.6840405,4878,2.183018207550049
1785278462.0711439,4879,1.7217297554016113
1785278462.4691062,4880,1.4745205640792847
1785278462.8851988,4881,2.2151083946228027
1785278463.3530018,4882,2.5244131088256836
1785278463.7994344,4883,2.6620144844055176
1785278464.0488183,4884,1.8273056745529175
1785278464.262221,4885,2.5746660232543945
1785278464.4774163,4886,1.715869665145874
1785278464.6837087,4887,2.301509380340576
1785278464.9028049,4888,1.7836915254592896
1785278465.1272466,4889,2.459986686706543
1785278465.3414984,4890,2.3872387409210205
1785278465.5508988,4891,2.831366539001465
1785278465.7627122,4892,2.242164134979248
1785278465.972019,4893,1.7902261018753052
1785278466.1826904,4894,2.619845390319824
1785278466.3966677,4895,2.2429137229919434
1785278466.6041145,4896,2.022446393966675
1785278466.8132787,4897,1.7993643283843994
1785278467.0309937,4898,1.9075400829315186
1785278467.2379158,4899,2.274991273880005
1785278467.452667,4900,2.4364566802978516
1785278467.6876626,4901,1.607318639755249
1785278467.9125655,4902,1.948009967803955
1785278468.1257505,4903,1.480315923690796
1785278468.3340423,4904,2.089344024658203
1785278468.562944,4905,2.036832094192505
1785278468.7791486,4906,1.887710690498352
1785278469.103671,4907,3.253500461578369
1785278469.5146382,4908,5.034489631652832
1785278469.9246416,4909,3.5771074295043945
1785278470.361687,4910,2.2035505771636963
1785278470.7682571,4911,1.9015815258026123
1785278471.1085112,4912,1.9002327919006348
1785278471.325092,4913,1.9441617727279663
1785278471.5334558,4914,2.3268518447875977
1785278471.7409,4915,1.7734684944152832
1785278471.9502354,4916,1.5323255062103271
1785278472.1595783,4917,1.6169637441635132
1785278472.3952167,4918,2.598021984100342
1785278472.6052468,4919,2.588603973388672
1785278472.8141475,4920,2.1406407356262207
1785278473.022733,4921,2.224125385284424
1785278473.2617626,4922,1.7150437831878662
1785278473.489352,4923,1.9753897190093994
1785278473.7107272,4924,2.675675868988037
1785278473.9327338,4925,1.9081307649612427
1785278474.1421387,4926,2.8704209327697754
1785278474.3544796,4927,3.0399982929229736
1785278474.5670893,4928,2.658627986907959
1785278474.774318,4929,2.2874021530151367
1785278474.9819007,4930,1.7689088582992554
1785278475.1937013,4931,1.5519282817840576
1785278475.5951774,4932,1.5397896766662598
1785278476.0022573,4933,2.665225028991699
1785278476.3941786,4934,1.719069480895996
1785278476.8089445,4935,1.5670137405395508
1785278477.1988406,4936,2.6033449172973633
1785278477.5245662,4937,1.7430658340454102
1785278477.754667,4938,1.4195842742919922
1785278477.966847,4939,1.5016753673553467
1785278478.1713095,4940,2.4221854209899902
1785278478.3865712,4941,1.6442410945892334
1785278478.5933218,4942,1.5861581563949585
1785278478.8051734,4943,2.903776168823242
1785278479.0094159,4944,1.684755802154541
1785278479.2181036,4945,3.6957108974456787
1785278479.4381602,4946,1.4867169857025146
1785278479.6520977,4947,2.5389761924743652
1785278479.8928416,4948,1.7047038078308105
1785278480.1015265,4949,1.5209298133850098
1785278480.3100731,4950,2.3091230392456055
1785278480.526393,4951,3.169534206390381
1785278480.741775,4952,1.4424604177474976
1785278480.9496176,4953,2.297515392303467
1785278481.1679795,4954,3.769634485244751
1785278481.3793197,4955,2.819092273712158
1785278481.5952947,4956,2.8418326377868652
1785278481.8021276,4957,3.370601177215576
1785278482.0099878,4958,2.841409683227539
1785278482.3332608,4959,2.416745662689209
1785278482.7204309,4960,2.7265515327453613
1785278483.1295536,4961,4.53446102142334
1785278483.525481,4962,3.229433059692383
1785278483.966568,4963,1.8161472082138062
1785278484.393729,4964,3.131859302520752
1785278484.604745,4965,2.044328212738037
1785278484.8201067,4966,2.5874571800231934
1785278485.0365078,4967,3.625736713409424
1785278485.2557566,4968,1.984769582748413
1785278485.4996376,4969,2.7782015800476074
1785278485.710117,4970,2.308661460876465
1785278485.9627023,4971,2.080821990966797
1785278486.1829855,4972,1.9856696128845215
1785278486.3922737,4973,3.0775668621063232
1785278486.606679,4974,1.867699146270752
1785278486.8255947,4975,2.190767288208008
1785278487.04725,4976,1.3798127174377441
1785278487.2630763,4977,1.78157639503479
1785278487.4822667,4978,1.6495757102966309
1785278487.69179,4979,2.2858927249908447
1785278487.9077015,4980,2.370547294616699
1785278488.1168497,4981,1.881249189376831
1785278488.4388463,4982,2.1508076190948486
1785278488.8418915,4983,3.03236985206604
1785278489.2863,4984,2.582327365875244
1785278489.7460623,4985,2.0278425216674805
1785278490.176179,4986,1.6563186645507812
1785278490.4118156,4987,2.2178025245666504
1785278490.6272964,4988,1.9698976278305054
1785278490.8382952,4989,1.734959363937378
1785278491.0683215,4990,2.857163906097412
1785278491.2795303,4991,2.6241421699523926
1785278491.5006275,4992,1.4825353622436523
1785278491.743743,4993,2.244307518005371
1785278491.9538047,4994,1.7484267950057983
1785278492.179009,4995,3.175670623779297
1785278492.3862174,4996,1.8994591236114502
1785278492.5929112,4997,1.6645352840423584
1785278492.8200984,4998,2.8407649993896484
1785278493.0433488,4999,2.2755961418151855
1785278493.2548466,5000,1.713385820388794
1785278493.461522,5001,1.5103577375411987
1785278493.6761143,5002,2.8292622566223145
1785278493.9257677,5003,1.5913381576538086
1785278494.1367345,5004,1.8239039182662964
1785278494.3446383,5005,2.0220680236816406
1785278494.5530758,5006,2.220700263977051
1785278494.7736309,5007,2.768819808959961
1785278495.072533,5008,1.839264988899231
1785278495.4865913,5009,2.521878719329834
1785278495.9522402,5010,1.8655436038970947
1785278496.3504875,5011,2.242917060852051
1785278496.7883675,5012,2.433143138885498
1785278497.1437626,5013,1.795697569847107
1785278497.3531208,5014,1.8014087677001953
1785278497.5592008,5015,3.072882652282715
1785278497.7680025,5016,1.3202898502349854
1785278497.9873142,5017,1.7883446216583252
1785278498.199567,5018,2.172450304031372
1785278498.4068515,5019,2.2388856410980225
1785278498.620084,5020,1.6923446655273438
1785278498.8358104,5021,2.0662593841552734
1785278499.0486698,5022,2.0799243450164795
1785278499.2788377,5023,1.5512040853500366
1785278499.520655,5024,1.6200716495513916
1785278499.7376122,5025,1.3890753984451294
1785278499.9623725,5026,3.179753303527832
1785278500.1676307,5027,1.9415156841278076
1785278500.373189,5028,2.536708116531372
1785278500.5928433,5029,2.395082950592041
1785278500.8129058,5030,1.9422361850738525
1785278501.0293083,5031,2.320645332336426
1785278501.2460973,5032,1.7468669414520264
1785278501.4551091,5033,3.014479398727417
1785278501.667338,5034,2.619863271713257
1785278501.8799431,5035,3.2600555419921875
1785278502.1030495,5036,2.198570728302002
1785278502.4670212,5037,1.6190876960754395
1785278502.8718126,5038,3.028944969177246
1785278503.252383,5039,1.990260124206543
1785278503.6482286,5040,3.6525943279266357
1785278504.0366285,5041,2.170854091644287
1785278504.3313153,5042,2.1818795204162598
1785278504.537742,5043,2.2176871299743652
1785278504.7700183,5044,2.596005916595459
1785278504.9757514,5045,2.332634210586548
1785278505.1985297,5046,2.9659647941589355
1785278505.416844,5047,2.542969226837158
1785278505.636603,5048,1.6232078075408936
1785278505.8419275,5049,2.2266316413879395
1785278506.0622842,5050,1.8334046602249146
1785278506.26736,5051,2.7919750213623047
1785278506.476347,5052,2.154000759124756
1785278506.6815412,5053,2.015615463256836
1785278506.8858457,5054,2.7781310081481934
1785278507.090827,5055,2.311379909515381
1785278507.3043263,5056,1.9464046955108643
1785278507.5168629,5057,1.810262680053711
1785278507.7241895,5058,3.2751917839050293
1785278507.935465,5059,2.2193026542663574
1785278508.1522026,5060,1.6298850774765015
1785278508.3631017,5061,2.098325490951538
1785278508.5733726,5062,2.40626859664917
1785278508.779836,5063,1.425890326499939
1785278509.009914,5064,2.907383441925049
1785278509.2199183,5065,2.0563220977783203
1785278509.4403634,5066,2.1876022815704346
1785278509.659598,5067,3.613312244415283
1785278509.8963766,5068,2.5403995513916016
1785278510.2001708,5069,1.5156810283660889
1785278510.6419394,5070,3.006779909133911
1785278511.120779,5071,2.1868367195129395
1785278511.5708406,5072,1.7581015825271606
1785278511.987631,5073,2.8122379779815674
1785278512.2215617,5074,2.4219748973846436
1785278512.46372,5075,2.4031169414520264
1785278512.6807206,5076,2.224698305130005
1785278512.8856986,5077,2.5291194915771484
1785278513.0982466,5078,1.5133529901504517
1785278513.3149557,5079,1.9805872440338135
1785278513.523557,5080,2.6525917053222656
1785278513.7381015,5081,3.10920786857605
1785278513.94781,5082,2.241917610168457
1785278514.1681013,5083,2.6799120903015137
1785278514.384131,5084,2.851968288421631
1785278514.5918396,5085,2.067591905593872
1785278514.8061175,5086,1.9879603385925293
1785278515.0400693,5087,1.4296094179153442
1785278515.253059,5088,2.5728087425231934
1785278515.4639266,5089,1.9158997535705566
1785278515.687718,5090,2.2736687660217285
1785278515.9160368,5091,2.082407236099243
1785278516.341344,5092,1.7785992622375488
1785278516.7652535,5093,2.331657886505127
1785278517.1675136,5094,1.4220926761627197
1785278517.702685,5095,2.5937583446502686
1785278518.139875,5096,1.6832029819488525
1785278518.3786886,5097,1.5384206771850586
1785278518.5888972,5098,1.842740774154663
1785278518.7959623,5099,1.8151497840881348
1785278519.0143738,5100,1.7610116004943848
1785278519.2219384,5101,2.7257049083709717
1785278519.4385574,5102,1.667330026626587
1785278519.6476274,5103,1.5302727222442627
1785278519.8653514,5104,3.583190441131592
1785278520.0901475,5105,1.807967185974121
1785278520.308532,5106,2.85101318359375
1785278520.5190048,5107,1.8346636295318604
1785278520.7346404,5108,1.7011934518814087
1785278520.9643373,5109,2.5763609409332275
1785278521.1795232,5110,2.683716297149658
1785278521.387589,5111,2.705599784851074
1785278521.628037,5112,1.8001688718795776
1785278521.8416817,5113,2.1638102531433105
1785278522.061656,5114,2.299999237060547
1785278522.3055823,5115,2.3636200428009033
1785278522.5192811,5116,1.4717488288879395
1785278522.728061,5117,3.660642623901367
1785278523.0457249,5118,2.876358985900879
1785278523.4922175,5119,2.175424098968506
1785278523.9520113,5120,1.6691038608551025
1785278524.3849924,5121,2.2999086380004883
1785278524.8366146,5122,1.799389123916626
1785278525.2403486,5123,2.318094253540039
1785278525.529284,5124,2.426377534866333
1785278525.7597437,5125,2.2679877281188965
1785278525.9976704,5126,2.267857551574707
1785278526.2300432,5127,3.873558521270752
1785278526.477649,5128,3.5936100482940674
1785278526.7179754,5129,1.8120393753051758
1785278526.9322422,5130,1.7238781452178955
1785278527.205378,5131,2.5398473739624023
1785278527.4126596,5132,1.944962739944458
1785278527.6662295,5133,2.093808889389038
1785278527.885996,5134,1.6491796970367432
1785278528.096961,5135,2.8384225368499756
1785278528.2998123,5136,2.4171957969665527
1785278528.5130482,5137,1.9923052787780762
1785278528.733261,5138,2.211829662322998
1785278528.9398308,5139,2.2030279636383057
1785278529.1560013,5140,3.1765964031219482
1785278529.3773994,5141,1.9395774602890015
1785278529.672354,5142,1.4402248859405518
1785278530.07858,5143,3.1398138999938965
1785278530.4733474,5144,1.5558547973632812
1785278530.8750308,5145,3.421825885772705
1785278531.3065648,5146,1.5048089027404785
1785278531.7070026,5147,2.3798394203186035
1785278531.9379876,5148,2.2925233840942383
1785278532.1534598,5149,1.453697681427002
1785278532.3704169,5150,2.56089448928833
1785278532.579353,5151,1.64971923828125
1785278532.7899427,5152,2.3348236083984375
1785278533.0025978,5153,2.135303258895874
1785278533.219134,5154,2.9947667121887207
1785278533.4319077,5155,2.527766466140747
1785278533.6634738,5156,1.8047188520431519
1785278533.8786185,5157,2.6024422645568848
1785278534.0918612,5158,2.8640594482421875
1785278534.3142085,5159,1.9527686834335327
1785278534.5756965,5160,1.4794963598251343
1785278534.8166883,5161,2.2537665367126465
1785278535.0436475,5162,1.6028860807418823
1785278535.2612576,5163,1.8389651775360107
1785278535.481414,5164,1.7170464992523193
1785278535.6889813,5165,3.323428153991699
1785278535.9932697,5166,1.5646109580993652
1785278536.4045775,5167,2.272099494934082
1785278536.801043,5168,1.7089868783950806
1785278537.2602618,5169,2.927109956741333
1785278537.6885328,5170,2.9514920711517334
1785278537.9972982,5171,1.7238712310791016
1785278538.2175329,5172,2.5462117195129395
1785278538.429089,5173,1.6049678325653076
1785278538.6358213,5174,1.3753387928009033
1785278538.8448133,5175,2.06740140914917
1785278539.0538864,5176,2.2693867683410645
1785278539.2677665,5177,1.8411462306976318
1785278539.4735913,5178,1.5784292221069336
1785278539.6824424,5179,3.776573419570923
1785278539.8878837,5180,1.844616413116455
1785278540.1104279,5181,1.8370862007141113
1785278540.3257015,5182,2.414193630218506
1785278540.533473,5183,2.4209015369415283
1785278540.7518837,5184,3.442946434020996
1785278540.95972,5185,2.6420059204101562
1785278541.175888,5186,1.4420697689056396
1785278541.3907547,5187,1.8917081356048584
1785278541.6029153,5188,1.7109382152557373
1785278541.8275394,5189,3.3223798274993896
1785278542.0482492,5190,1.8828778266906738
1785278542.2685246,5191,2.463946580886841
1785278542.4766648,5192,1.5635244846343994
1785278542.6905508,5193,1.7509818077087402
1785278542.9092336,5194,2.0990660190582275
1785278543.124359,5195,2.8029050827026367
1785278543.424303,5196,1.8551150560379028
1785278543.863495,5197,3.093014717102051
1785278544.2662044,5198,1.401724100112915
1785278544.6981754,5199,2.0774269104003906
1785278545.123117,5200,2.1636574268341064
1785278545.4084268,5201,2.707440137863159
1785278545.6167557,5202,2.5569663047790527
1785278545.831696,5203,1.9305965900421143
1785278546.0453503,5204,1.957849383354187
1785278546.2563584,5205,2.7048823833465576
1785278546.4804265,5206,1.687791109085083
1785278546.6944265,5207,2.369622230529785
1785278546.9155333,5208,1.652241587638855
1785278547.1210666,5209,1.4299222230911255
1785278547.3302464,5210,2.4530043601989746
1785278547.554326,5211,1.9798742532730103
1785278547.7608597,5212,2.451516628265381
1785278547.96824,5213,1.6372284889221191
1785278548.1903913,5214,2.8742833137512207
1785278548.4126027,5215,2.2013063430786133
1785278548.6222897,5216,1.7673447132110596
1785278548.840384,5217,2.636849880218506
1785278549.0477695,5218,2.4886631965637207
1785278549.2564783,5219,2.084514617919922
1785278549.4622686,5220,2.299614429473877
1785278549.6747122,5221,1.381941795349121
1785278549.8807342,5222,2.2474708557128906
1785278550.0861712,5223,1.6655101776123047
1785278550.2944648,5224,1.6375783681869507
1785278550.502865,5225,1.3998998403549194
1785278550.7085967,5226,1.806685447692871
1785278550.9158697,5227,2.1396162509918213
1785278551.2170897,5228,1.659985065460205
1785278551.6100163,5229,2.889472723007202
1785278552.004407,5230,1.7966114282608032
1785278552.4013727,5231,2.2267119884490967
1785278552.7897892,5232,2.06880259513855
1785278552.9935997,5233,1.5460026264190674
1785278553.205788,5234,2.5288503170013428
1785278553.4128246,5235,3.010915756225586
1785278553.6208215,5236,1.3942140340805054
1785278553.836004,5237,1.8191418647766113
1785278554.0437043,5238,1.9042996168136597
1785278554.251414,5239,1.9030265808105469
1785278554.4659657,5240,2.425504207611084
1785278554.68572,5241,2.78336238861084
1785278554.8973858,5242,2.2213258743286133
1785278555.1076539,5243,2.9219658374786377
1785278555.332503,5244,1.6921305656433105
1785278555.547057,5245,2.2938451766967773
1785278555.7556477,5246,1.6387977600097656
1785278555.9633167,5247,3.114161968231201
1785278556.171339,5248,2.4895620346069336
1785278556.4098008,5249,1.7519733905792236
1785278556.6193047,5250,2.420912742614746
1785278556.8346808,5251,2.580251455307007
1785278557.0652642,5252,1.825754165649414
1785278557.2797823,5253,3.104191780090332
1785278557.530206,5254,2.653285264968872
1785278557.7394412,5255,1.631543755531311
1785278557.9754581,5256,2.2733168601989746
1785278558.2730455,5257,1.853276252746582
1785278558.6886148,5258,4.499392986297607
1785278559.0983887,5259,2.7387261390686035
1785278559.4832942,5260,2.850241184234619
1785278559.875278,5261,1.623185634613037
1785278560.1289182,5262,2.402360677719116
1785278560.3393023,5263,1.7352763414382935
1785278560.5526562,5264,4.090734481811523
1785278560.7656467,5265,2.604012966156006
1785278560.9833336,5266,1.881443977355957
1785278561.194517,5267,1.7542129755020142
1785278561.4099817,5268,1.7938120365142822
1785278561.624857,5269,1.5325034856796265
1785278561.8310137,5270,2.9748241901397705
1785278562.0436277,5271,1.502625823020935
1785278562.254031,5272,1.619634747505188
1785278562.4630418,5273,2.406850576400757
1785278562.6842408,5274,2.440567970275879
1785278562.897643,5275,1.5932462215423584
1785278563.1054916,5276,1.870558500289917
1785278563.3123248,5277,2.04571270942688
1785278563.5269566,5278,2.007160186767578
1785278563.7385728,5279,2.6945877075195312
1785278563.948899,5280,2.066545009613037
1785278564.1669164,5281,2.3850817680358887
1785278564.3787994,5282,2.866680860519409
1785278564.6277597,5283,1.6064703464508057
1785278564.833711,5284,1.699384331703186
1785278565.0558171,5285,1.8184483051300049
1785278565.2730973,5286,2.6847333908081055
1785278565.4849098,5287,1.5304638147354126
1785278565.6997983,5288,3.0874714851379395
1785278565.922133,5289,1.6364970207214355
1785278566.160271,5290,1.8709230422973633
1785278566.3987036,5291,2.671679973602295
1785278566.6093023,5292,2.9446959495544434
1785278566.9998639,5293,2.3155159950256348
1785278567.39659,5294,3.1164283752441406
1785278567.7802334,5295,1.8385164737701416
1785278568.2020607,5296,2.040335178375244
1785278568.5865335,5297,2.331909418106079
1785278568.9390137,5298,2.5290021896362305
1785278569.144265,5299,1.7019259929656982
1785278569.3485262,5300,2.230894088745117
1785278569.555957,5301,2.6299281120300293
1785278569.7682471,5302,1.5839519500732422
1785278569.9795852,5303,1.687774896621704
1785278570.1910708,5304,1.8856353759765625
1785278570.4053926,5305,3.347733497619629
1785278570.6134515,5306,1.7150304317474365
1785278570.8244228,5307,1.5074423551559448
1785278571.039928,5308,3.005110502243042
1785278571.250822,5309,2.285754442214966
1785278571.4626884,5310,1.4715065956115723
1785278571.686033,5311,2.560608148574829
1785278571.898152,5312,1.8791042566299438
1785278572.1078262,5313,1.9511774778366089
1785278572.3287275,5314,1.7439970970153809
1785278572.5340147,5315,3.455205202102661
1785278572.7445953,5316,1.6201777458190918
1785278572.9545712,5317,1.3271334171295166
1785278573.1627302,5318,1.8417541980743408
1785278573.4059677,5319,2.256258487701416
1785278573.6119657,5320,1.5161669254302979
1785278573.8262625,5321,1.9704663753509521
1785278574.0318947,5322,3.0094993114471436
1785278574.2413092,5323,1.9504108428955078
1785278574.4486332,5324,2.466045618057251
1785278574.6650515,5325,1.6359131336212158
1785278574.8768528,5326,1.4662449359893799
1785278575.085165,5327,2.1228599548339844
1785278575.4777339,5328,2.1532795429229736
1785278575.8991413,5329,2.5226383209228516
1785278576.3118117,5330,2.2695608139038086
1785278576.7383168,5331,1.4117457866668701
1785278577.1395946,5332,2.147465467453003
1785278577.3706453,5333,1.7210273742675781
1785278577.5754466,5334,1.796379566192627
1785278577.7945392,5335,3.263395309448242
1785278578.0011292,5336,1.8433970212936401
1785278578.2061143,5337,3.073366403579712
1785278578.4171536,5338,1.403733491897583
1785278578.6385844,5339,2.162564277648926
1785278578.8682716,5340,3.388946056365967
1785278579.0830448,5341,2.4937338829040527
1785278579.2963288,5342,1.9249191284179688
1785278579.5110512,5343,1.684058666229248
1785278579.7406766,5344,2.504765033721924
1785278579.9546082,5345,2.1557059288024902
1785278580.197452,5346,1.6482330560684204
1785278580.4086823,5347,1.807168960571289
1785278580.6174235,5348,1.8624372482299805
1785278580.8453383,5349,2.9630625247955322
1785278581.0630243,5350,1.7753207683563232
1785278581.2743056,5351,1.478867769241333
1785278581.496831,5352,2.809227466583252
1785278581.9157321,5353,1.804018497467041
1785278582.3316476,5354,2.3343238830566406
1785278582.7543583,5355,1.6501233577728271
1785278583.159712,5356,2.641988754272461
1785278583.551888,5357,1.6096248626708984
1785278583.7832875,5358,2.40024995803833
1785278584.0034204,5359,2.8203439712524414
1785278584.2130473,5360,2.495654582977295
1785278584.4338477,5361,2.4800853729248047
1785278584.6522462,5362,1.4996848106384277
1785278584.8675842,5363,1.6471614837646484
1785278585.0779402,5364,1.7852813005447388
1785278585.3005314,5365,1.9564242362976074
1785278585.5103953,5366,1.6950860023498535
1785278585.7224452,5367,1.9457213878631592
1785278585.9376256,5368,1.9296748638153076
1785278586.150466,5369,1.472631812095642
1785278586.3580513,5370,2.9123950004577637
1785278586.5794404,5371,3.020491123199463
1785278586.804684,5372,3.439723253250122
1785278587.018948,5373,3.0051655769348145
1785278587.2630644,5374,3.617830276489258
1785278587.4767497,5375,2.769230365753174
1785278587.6905813,5376,2.4029288291931152
1785278588.0065963,5377,1.3720556497573853
1785278588.4083972,5378,2.0541863441467285
1785278588.8243444,5379,2.579437017440796
1785278589.2253048,5380,2.2363593578338623
1785278589.6605914,5381,2.4764304161071777
1785278590.1073678,5382,1.6913278102874756
1785278590.3543007,5383,2.942037582397461
1785278590.5947032,5384,1.6331560611724854
1785278590.8070703,5385,1.578844666481018
1785278591.0241313,5386,1.6510956287384033
1785278591.255067,5387,2.3026113510131836
1785278591.4720838,5388,1.3704313039779663
1785278591.7093127,5389,3.1378865242004395
1785278591.9378567,5390,2.7023239135742188
1785278592.1560264,5391,1.765962839126587
1785278592.3618329,5392,2.7328414916992188
1785278592.5822346,5393,2.3433737754821777
1785278592.7978477,5394,3.0670549869537354
1785278593.0035465,5395,2.260385513305664
1785278593.2281775,5396,2.0777535438537598
1785278593.4370034,5397,2.5850186347961426
1785278593.6592178,5398,1.5174005031585693
1785278593.870676,5399,2.3639168739318848
1785278594.080708,5400,2.185122489929199
1785278594.2900374,5401,1.4321858882904053
1785278594.50446,5402,2.2585372924804688
1785278594.9418268,5403,2.092409133911133
1785278595.3614085,5404,2.0506482124328613
1785278595.794467,5405,1.573088526725769
1785278596.2113676,5406,1.9010310173034668
1785278596.610524,5407,2.6342859268188477
1785278596.8325932,5408,1.9741640090942383
1785278597.0597034,5409,2.031245231628418
1785278597.301572,5410,2.1434502601623535
1785278597.5147357,5411,2.5643882751464844
1785278597.7660666,5412,1.8119752407073975
1785278597.9998615,5413,1.567816972732544
1785278598.2135234,5414,2.4847164154052734
1785278598.4338999,5415,1.7821054458618164
1785278598.6538093,5416,1.8430635929107666
1785278598.8591719,5417,2.471334934234619
1785278599.0701268,5418,1.9219450950622559
1785278599.2771642,5419,2.263260841369629
1785278599.4947155,5420,2.088829517364502
1785278599.723655,5421,1.520247220993042
1785278599.9527972,5422,1.909482717514038
1785278600.1723907,5423,1.7775287628173828
1785278600.402263,5424,1.8754711151123047
1785278600.6104403,5425,1.9768987894058228
1785278600.8239532,5426,2.802400827407837
1785278601.1549175,5427,1.4124562740325928
1785278601.5722368,5428,1.3474162817001343
1785278602.0359566,5429,1.4918339252471924
1785278602.4606478,5430,1.935537576675415
1785278602.8609324,5431,1.586122751235962
1785278603.2292118,5432,2.3773269653320312
1785278603.442659,5433,1.8953073024749756
1785278603.6509228,5434,1.6521248817443848
1785278603.8651648,5435,1.4799187183380127
1785278604.083619,5436,2.528780937194824
1785278604.31347,5437,1.8398774862289429
1785278604.5204732,5438,2.9886155128479004
1785278604.7504768,5439,2.047358512878418
1785278604.9570208,5440,2.1591603755950928
1785278605.216817,5441,2.977135181427002
1785278605.445547,5442,2.6025257110595703
1785278605.6586611,5443,2.711754083633423
1785278605.8936012,5444,1.9463143348693848
1785278606.1283138,5445,2.8884973526000977
1785278606.3528092,5446,1.8102768659591675
1785278606.5691204,5447,2.3174610137939453
1785278606.7830443,5448,1.8300611972808838
1785278607.0145266,5449,2.976865768432617
1785278607.2262485,5450,2.3346047401428223
1785278607.445726,5451,2.629430055618286
1785278607.65929,5452,1.6681866645812988
1785278608.0692508,5453,1.6354522705078125
1785278608.4935672,5454,1.4030331373214722
1785278608.9128602,5455,1.3981919288635254
1785278609.321565,5456,1.4910376071929932
1785278609.731061,5457,1.6665236949920654
1785278609.9872606,5458,3.1533329486846924
1785278610.2092516,5459,2.236323833465576
1785278610.4337387,5460,2.482206344604492
1785278610.641869,5461,1.4043465852737427
1785278610.8781092,5462,1.7528822422027588
1785278611.1026285,5463,1.4904166460037231
1785278611.3282106,5464,1.3521922826766968
1785278611.5394914,5465,2.0406079292297363
1785278611.7576988,5466,2.2909038066864014
1785278611.9724386,5467,1.8970850706100464
1785278612.1842942,5468,2.533496379852295
1785278612.3928642,5469,1.4557440280914307
1785278612.6046715,5470,1.8014265298843384
1785278612.81359,5471,2.2239866256713867
1785278613.0401926,5472,1.9202080965042114
1785278613.265021,5473,1.574631929397583
1785278613.476521,5474,2.285259246826172
1785278613.70177,5475,2.4040627479553223
1785278613.9168024,5476,2.300436019897461
1785278614.1333911,5477,2.4200220108032227
1785278614.4441774,5478,1.6858826875686646
1785278614.877648,5479,3.310994863510132
1785278615.3134801,5480,2.116608142852783
1785278615.7418797,5481,1.5835638046264648
1785278616.1598277,5482,2.1123106479644775
1785278616.5650446,5483,2.7196407318115234
1785278616.7797213,5484,1.791212558746338
1785278616.9930477,5485,2.4487195014953613
1785278617.2112567,5486,2.695824384689331
1785278617.4159698,5487,2.308168649673462
1785278617.6297188,5488,2.3116343021392822
1785278617.8798933,5489,3.193140983581543
1785278618.0975394,5490,2.095175266265869
1785278618.306738,5491,1.9621137380599976
1785278618.5154853,5492,2.212423801422119
1785278618.7479868,5493,2.9878461360931396
1785278618.9584305,5494,2.0531458854675293
1785278619.1699092,5495,1.7034555673599243
1785278619.385295,5496,1.9882380962371826
1785278619.5953636,5497,1.3974485397338867
1785278619.8360355,5498,2.4131503105163574
1785278620.058501,5499,1.6452716588974
1785278620.278593,5500,2.3004517555236816
1785278620.4879649,5501,2.2686071395874023
1785278620.7006888,5502,2.165132999420166
1785278620.9180562,5503,1.6431300640106201
1785278621.1309536,5504,1.8345732688903809
1785278621.428198,5505,1.7177971601486206
1785278621.8366427,5506,2.7792696952819824
1785278622.2692966,5507,2.93973970413208
1785278622.7274632,5508,1.8076190948486328
1785278623.1930263,5509,2.8599445819854736
1785278623.5256355,5510,2.301179885864258
1785278623.7545996,5511,1.9120540618896484
1785278623.9792032,5512,3.173480987548828
1785278624.2011087,5513,1.8992465734481812
1785278624.4160562,5514,2.1309425830841064
1785278624.6449733,5515,1.9573447704315186
1785278624.8545933,5516,2.219644784927368
1785278625.0677228,5517,2.3630590438842773
1785278625.273775,5518,1.5043156147003174
1785278625.4953885,5519,1.7696107625961304
1785278625.7039106,5520,1.3681076765060425
1785278625.9166925,5521,2.5014548301696777
1785278626.138341,5522,1.8227096796035767
1785278626.3418705,5523,2.3911054134368896
1785278626.563023,5524,3.117532968521118
1785278626.7681646,5525,1.3038511276245117
1785278626.9827313,5526,1.8855605125427246
1785278627.1926055,5527,1.7542647123336792
1785278627.5162067,5528,2.5980420112609863
1785278627.9502633,5529,1.6287438869476318
1785278628.3997414,5530,2.428280830383301
1785278628.8034418,5531,2.6971800327301025
1785278629.2243788,5532,1.709869623184204
1785278629.5984342,5533,1.8162946701049805
1785278629.813711,5534,1.867722988128662
1785278630.0303009,5535,1.4465997219085693
1785278630.2465756,5536,1.4668729305267334
1785278630.4756472,5537,2.120919942855835
1785278630.6967924,5538,2.4144837856292725
1785278630.9107556,5539,1.7367546558380127
1785278631.1407619,5540,2.404313087463379
1785278631.355407,5541,2.1546990871429443
1785278631.5635493,5542,3.220072031021118
1785278631.7720523,5543,1.5913872718811035
1785278632.0327892,5544,2.1843366622924805
1785278632.2463973,5545,1.7999804019927979
1785278632.4688616,5546,2.1821670532226562
1785278632.6993515,5547,1.449722170829773
1785278632.912335,5548,2.001852035522461
1785278633.124989,5549,1.6674957275390625
1785278633.3477318,5550,1.6642322540283203
1785278633.5815842,5551,2.412980794906616
1785278633.7899215,5552,1.786717414855957
1785278634.0003574,5553,2.079099178314209
1785278634.2097082,5554,2.3538379669189453
1785278634.6427643,5555,2.0576629638671875
1785278635.0466754,5556,2.7863616943359375
1785278635.4624307,5557,2.4198060035705566
1785278635.896148,5558,1.5768109560012817
1785278636.1439283,5559,1.7901089191436768
1785278636.3539276,5560,2.0059680938720703
1785278636.5614088,5561,1.9252994060516357
1785278636.7791138,5562,1.8060358762741089
1785278636.9914796,5563,2.067814588546753
1785278637.1995053,5564,2.09110689163208
1785278637.4136288,5565,2.5557913780212402
1785278637.618927,5566,1.9668269157409668
1785278637.834413,5567,1.321761131286621
1785278638.049186,5568,2.6152591705322266
1785278638.2575724,5569,1.844810962677002
1785278638.4709032,5570,1.972482442855835
1785278638.6816201,5571,1.537015676498413
1785278638.9022238,5572,1.743285894393921
1785278639.1266382,5573,2.0597281455993652
1785278639.347951,5574,2.2486653327941895
1785278639.5749812,5575,3.49407958984375
1785278639.7841032,5576,2.5802202224731445
1785278639.9977732,5577,2.217740058898926
1785278640.2056067,5578,3.8173632621765137
1785278640.419198,5579,1.7266731262207031
1785278640.6388118,5580,2.7810935974121094
1785278640.8495471,5581,1.6358191967010498
1785278641.0576813,5582,2.435919761657715
1785278641.2658916,5583,1.8979358673095703
1785278641.488068,5584,1.3847601413726807
1785278641.6990387,5585,2.295358657836914
1785278642.0849931,5586,2.415858030319214
1785278642.526433,5587,2.450838088989258
1785278642.9328866,5588,1.400312900543213
1785278643.3901343,5589,1.4807475805282593
1785278643.7939913,5590,2.521592855453491
1785278644.0290122,5591,1.8590244054794312
1785278644.2420638,5592,1.566556692123413
1785278644.463186,5593,1.574438452720642
1785278644.6810966,5594,1.8026461601257324
1785278644.8906283,5595,2.0409460067749023
1785278645.1124892,5596,1.935402750968933
1785278645.3324308,5597,2.005575180053711
1785278645.5445101,5598,2.667757034301758
1785278645.7545834,5599,1.688882827758789
1785278645.9656358,5600,2.8668160438537598
1785278646.1894639,5601,1.386242151260376
1785278646.3946347,5602,1.9772733449935913
1785278646.6113238,5603,2.3064258098602295
1785278646.8203888,5604,2.3361968994140625
1785278647.0380344,5605,1.3819224834442139
1785278647.2596622,5606,1.8921904563903809
1785278647.47147,5607,2.7244718074798584
1785278647.681849,5608,1.5423921346664429
1785278648.0852673,5609,2.117353916168213
1785278648.5014665,5610,2.1471805572509766
1785278648.9565756,5611,1.7243045568466187
1785278649.3680406,5612,1.6503353118896484
1785278649.6766534,5613,1.8509230613708496
1785278649.8876507,5614,2.1486783027648926
1785278650.1220868,5615,2.720040798187256
1785278650.3424103,5616,2.5110368728637695
1785278650.5554261,5617,3.0279080867767334
1785278650.7725437,5618,1.9041223526000977
1785278651.0000355,5619,1.5974955558776855
1785278651.2211664,5620,2.182765007019043
1785278651.437025,5621,1.9814913272857666
1785278651.649513,5622,2.1333320140838623
1785278651.8766015,5623,1.4469558000564575
1785278652.0904777,5624,2.061699867248535
1785278652.298708,5625,3.3201189041137695
1785278652.5147371,5626,1.8302866220474243
1785278652.7229226,5627,2.0685653686523438
1785278652.9271007,5628,1.5253207683563232
1785278653.1565259,5629,2.3635826110839844
1785278653.3942173,5630,1.5522346496582031
1785278653.6016488,5631,1.7284317016601562
1785278653.8185625,5632,1.6208057403564453
1785278654.0327551,5633,2.1528780460357666
1785278654.251981,5634,2.5398340225219727
1785278654.4577124,5635,2.053837537765503
1785278654.6666849,5636,2.396735668182373
1785278655.0814173,5637,1.3614283800125122
1785278655.4913192,5638,1.3046865463256836
1785278655.9085538,5639,2.6832942962646484
1785278656.3507645,5640,2.4836111068725586
1785278656.616471,5641,1.9025788307189941
1785278656.8257127,5642,1.7005853652954102
1785278657.0299518,5643,1.796952486038208
1785278657.2685292,5644,1.7910521030426025
1785278657.4873056,5645,2.3220252990722656
1785278657.6954808,5646,2.139615535736084
1785278657.919072,5647,2.1286847591400146
1785278658.1409428,5648,1.991502285003662
1785278658.353769,5649,2.6057205200195312
1785278658.5651584,5650,2.488051414489746
1785278658.7782896,5651,2.8000683784484863
1785278659.0142746,5652,2.6669154167175293
1785278659.2276719,5653,2.0031023025512695
1785278659.445753,5654,1.7118356227874756
1785278659.6554954,5655,1.9411900043487549
1785278659.8670077,5656,2.2143771648406982
1785278660.1722918,5657,2.5152134895324707
1785278660.5965545,5658,1.9143321514129639
1785278661.0349936,5659,2.6546201705932617
1785278661.4722612,5660,2.1036455631256104
1785278661.8081865,5661,1.6114269495010376
1785278662.02235,5662,1.5434951782226562
1785278662.2397316,5663,1.738483190536499
1785278662.4522996,5664,2.2209715843200684
1785278662.6596081,5665,1.5593119859695435
1785278662.8790061,5666,1.557987928390503
1785278663.0887434,5667,2.4455628395080566
1785278663.3170133,5668,1.984822154045105
1785278663.5241253,5669,1.572629690170288
1785278663.7447433,5670,1.846158504486084
1785278663.9661222,5671,2.0251569747924805
1785278664.1790712,5672,1.9103341102600098
1785278664.3856566,5673,1.5014913082122803
1785278664.5937479,5674,2.6563735008239746
1785278664.805281,5675,2.5712990760803223
1785278665.01026,5676,2.7383368015289307
1785278665.2537627,5677,2.7449848651885986
1785278665.5120504,5678,3.1555769443511963
1785278665.724303,5679,3.420438528060913
1785278665.9328065,5680,1.9261915683746338
1785278666.140973,5681,2.289670467376709
1785278666.5586145,5682,2.428772449493408
1785278666.960968,5683,1.8697049617767334
1785278667.3519561,5684,1.5058900117874146
1785278667.7619686,5685,3.0883045196533203
1785278668.1311092,5686,2.580883026123047
1785278668.3389592,5687,2.3820559978485107
1785278668.5556688,5688,2.1830596923828125
1785278668.7734492,5689,1.9473611116409302
1785278669.0181348,5690,3.492673873901367
1785278669.2228158,5691,1.9233330488204956
1785278669.4358265,5692,2.292161226272583
1785278669.6424892,5693,2.0109291076660156
1785278669.8569062,5694,1.8245654106140137
1785278670.091897,5695,2.023810386657715
1785278670.3347838,5696,2.5017170906066895
1785278670.5795813,5697,2.1444456577301025
1785278670.7967813,5698,1.7740464210510254
1785278671.0161994,5699,3.4901726245880127
1785278671.238505,5700,1.8987631797790527
1785278671.4468725,5701,2.9655656814575195
1785278671.6548429,5702,1.9008561372756958
1785278671.906286,5703,1.9800231456756592
1785278672.3165689,5704,1.451197862625122
1785278672.742134,5705,2.1629996299743652
1785278673.1752615,5706,1.5617015361785889
1785278673.5712976,5707,2.883108139038086
1785278673.9879167,5708,1.9083647727966309
1785278674.2705965,5709,1.74434494972229
1785278674.478945,5710,1.6478688716888428
1785278674.6872046,5711,1.8170273303985596
1785278674.9116795,5712,1.8717408180236816
1785278675.1252463,5713,3.8165454864501953
1785278675.335348,5714,1.9845080375671387
1785278675.5467412,5715,2.5009851455688477
1785278675.7719574,5716,1.4114067554473877
1785278675.9838011,5717,2.0280025005340576
1785278676.1889572,5718,1.5057294368743896
1785278676.405721,5719,1.3983477354049683
1785278676.6141164,5720,2.3306350708007812
1785278676.8272867,5721,2.0722432136535645
1785278677.0438192,5722,3.0151586532592773
1785278677.2744987,5723,2.8067164421081543
1785278677.4895117,5724,1.3262189626693726
1785278677.7264702,5725,2.225299119949341
1785278677.9413772,5726,1.9245902299880981
1785278678.1590664,5727,2.069847345352173
1785278678.474402,5728,1.5159974098205566
1785278678.894903,5729,2.577362537384033
1785278679.3381205,5730,2.1961865425109863
1785278679.74127,5731,1.358481526374817
1785278680.1732752,5732,2.596832036972046
1785278680.5209372,5733,1.4669523239135742
1785278680.7256484,5734,2.3698058128356934
1785278680.9322734,5735,2.258726119995117
1785278681.1440072,5736,1.9807205200195312
1785278681.352254,5737,2.635746479034424
1785278681.5638192,5738,1.6821529865264893
1785278681.7750382,5739,1.8269851207733154
1785278681.9855134,5740,2.117004871368408
1785278682.2055037,5741,2.759103298187256
1785278682.4131057,5742,1.565246820449829
1785278682.6240265,5743,1.4559595584869385
1785278682.8286912,5744,1.6857243776321411
1785278683.0462856,5745,1.5670868158340454
1785278683.25334,5746,1.8998026847839355
1785278683.4577122,5747,1.6185011863708496
1785278683.6667254,5748,2.28794527053833
1785278683.8778987,5749,2.498365640640259
1785278684.0868936,5750,2.1598658561706543
1785278684.3023531,5751,2.8189473152160645
1785278684.507808,5752,2.0606143474578857
1785278684.7180884,5753,2.0796027183532715
1785278684.9276102,5754,2.0388379096984863
1785278685.137152,5755,1.6247127056121826
1785278685.3781226,5756,1.8549396991729736
1785278685.5880983,5757,2.09291410446167
1785278685.7992835,5758,2.4780635833740234
1785278686.0124447,5759,1.619375467300415
1785278686.3126984,5760,3.048734664916992
1785278686.7020674,5761,2.279604911804199
1785278687.0854785,5762,2.0119709968566895
1785278687.4707274,5763,1.7176742553710938
1785278687.8794122,5764,1.7070190906524658
1785278688.280086,5765,1.4925875663757324
1785278688.49547,5766,1.800781488418579
1785278688.706334,5767,1.6693570613861084
1785278688.910306,5768,3.065869092941284
1785278689.1196713,5769,1.8435378074645996
1785278689.325,5770,2.849203586578369
1785278689.5406702,5771,1.998140573501587
1785278689.7448647,5772,3.097355365753174
1785278689.9518843,5773,2.717564582824707
1785278690.156249,5774,2.7668044567108154
1785278690.3657439,5775,3.487628221511841
1785278690.573263,5776,1.4570016860961914
1785278690.7790303,5777,3.0651588439941406
1785278691.0049675,5778,3.472954273223877
1785278691.2169235,5779,1.8750910758972168
1785278691.4257681,5780,2.504281520843506
1785278691.63531,5781,1.4823148250579834
1785278691.8417237,5782,2.1152830123901367
1785278692.0719967,5783,2.459169626235962
1785278692.279812,5784,1.7529269456863403
1785278692.4917705,5785,2.592841625213623
1785278692.69685,5786,1.977992296218872
1785278692.9107351,5787,2.0358400344848633
1785278693.1195638,5788,1.8383070230484009
1785278693.3408566,5789,2.7168169021606445
1785278693.6712136,5790,2.0647902488708496
1785278694.0642622,5791,2.839568614959717
1785278694.4591334,5792,1.964663028717041
1785278694.8960598,5793,2.147779941558838
1785278695.2825146,5794,2.822782039642334
1785278695.5065424,5795,1.6679320335388184
1785278695.7130082,5796,1.520085096359253
1785278695.9369218,5797,2.4622092247009277
1785278696.1408842,5798,1.4959765672683716
1785278696.3543925,5799,2.4462997913360596
1785278696.558768,5800,1.386392593383789
1785278696.7622988,5801,1.793071985244751
1785278696.9798243,5802,1.6973533630371094
1785278697.1850898,5803,1.894855260848999
1785278697.3976872,5804,1.9143986701965332
1785278697.6145175,5805,1.714797019958496
1785278697.8277252,5806,2.0246269702911377
1785278698.0341804,5807,2.1473288536071777
1785278698.2394931,5808,2.6109232902526855
1785278698.4452548,5809,1.4549046754837036
1785278698.6507335,5810,2.0373120307922363
1785278698.8540392,5811,2.9196062088012695
1785278699.0702958,5812,2.543813705444336
1785278699.2766588,5813,2.202657699584961
1785278699.4830208,5814,2.3137776851654053
1785278699.9737108,5815,2.2699668407440186
1785278700.2106419,5816,1.5629043579101562
1785278700.570805,5817,1.6955373287200928
1785278700.9668798,5818,1.818408727645874
1785278701.3695166,5819,2.0511369705200195
1785278701.7886713,5820,1.6904151439666748
1785278702.1830857,5821,1.6276493072509766
1785278702.5870888,5822,1.8043978214263916
1785278702.797667,5823,1.8734396696090698
1785278703.0120153,5824,2.8216915130615234
1785278703.2253768,5825,1.6777324676513672
1785278703.4331744,5826,2.372610569000244
1785278703.639006,5827,1.7594988346099854
1785278703.8442144,5828,3.1279942989349365
1785278704.0675635,5829,1.7428375482559204
1785278704.2731879,5830,1.4582159519195557
1785278704.4861157,5831,2.240689754486084
1785278704.6992393,5832,1.8034398555755615
1785278704.9064004,5833,2.452444076538086
1785278705.1123078,5834,2.45925235748291
1785278705.344514,5835,2.098496437072754
1785278705.5515058,5836,1.500955581665039
1785278705.7705116,5837,1.5321599245071411
1785278705.9771736,5838,2.0299532413482666
1785278706.18466,5839,2.224841594696045
1785278706.3890905,5840,1.7980687618255615
1785278706.6082048,5841,2.870011568069458
1785278706.8161402,5842,2.4329535961151123
1785278707.030679,5843,1.990455150604248
1785278707.236264,5844,1.8952863216400146
1785278707.4408474,5845,2.047739028930664
1785278707.6464224,5846,2.5859358310699463
1785278707.8548281,5847,1.9376013278961182
1785278708.1051571,5848,1.6110730171203613
1785278708.3126016,5849,1.9456034898757935
1785278708.6004024,5850,1.6061943769454956
1785278708.9883661,5851,1.4609822034835815
1785278709.37467,5852,1.7049198150634766
1785278709.8048906,5853,1.6267058849334717
1785278710.2306476,5854,1.888197898864746
1785278710.543081,5855,1.3360563516616821
1785278710.758851,5856,1.7119050025939941
1785278710.9703186,5857,2.133063554763794
1785278711.1780772,5858,2.0590147972106934
1785278711.3909876,5859,2.2100772857666016
1785278711.5995746,5860,1.7717320919036865
1785278711.8147016,5861,2.5303096771240234
1785278712.0217583,5862,2.2894792556762695
1785278712.2302184,5863,1.5470284223556519
1785278712.4389558,5864,1.7611920833587646
1785278712.6504397,5865,2.1085832118988037
1785278712.8578172,5866,1.586211085319519
1785278713.0674155,5867,2.114292621612549
1785278713.27343,5868,1.6131442785263062
1785278713.5146785,5869,2.25986385345459
1785278713.7308598,5870,1.6311419010162354
1785278713.94644,5871,2.214256763458252
1785278714.1518996,5872,2.7996950149536133
1785278714.370443,5873,1.320173978805542
1785278714.5842972,5874,1.9433398246765137
1785278714.7972658,5875,2.117173910140991
1785278715.0063152,5876,1.3546037673950195
1785278715.2421165,5877,2.3270134925842285
1785278715.4566567,5878,1.739405632019043
1785278715.676476,5879,1.9348828792572021
1785278715.9047613,5880,2.103152275085449
1785278716.141266,5881,1.9162299633026123
1785278716.3455603,5882,2.340683698654175
1785278716.7948802,5883,2.3254642486572266
1785278717.2060897,5884,2.266746997833252
1785278717.6304967,5885,2.376253604888916
1785278718.0677397,5886,2.889173746109009
1785278718.5097165,5887,1.8102715015411377
1785278718.7309918,5888,2.3183891773223877
1785278718.9740174,5889,1.6717824935913086
1785278719.21303,5890,2.8041653633117676
1785278719.4369292,5891,1.4129780530929565
1785278719.6505387,5892,2.4381113052368164
1785278719.8900151,5893,1.4810278415679932
1785278720.1042504,5894,1.7638450860977173
1785278720.3403392,5895,1.4817885160446167
1785278720.5949936,5896,2.5341458320617676
1785278720.8231056,5897,1.4348515272140503
1785278721.0610414,5898,2.175983428955078
1785278721.278526,5899,1.5215847492218018
1785278721.4871697,5900,1.6549150943756104
1785278721.706369,5901,2.2182350158691406
1785278721.9260597,5902,1.6681270599365234
1785278722.132189,5903,3.0627377033233643
1785278722.349922,5904,2.09305477142334
1785278722.5640535,5905,1.6753079891204834
1785278722.7802622,5906,1.694731593132019
1785278722.9960973,5907,1.346476435661316
1785278723.216713,5908,1.5293200016021729
1785278723.4241714,5909,1.7868618965148926
1785278723.820158,5910,2.2131881713867188
1785278724.224486,5911,1.4886596202850342
1785278724.6147423,5912,2.69386625289917
1785278725.014185,5913,1.5748987197875977
1785278725.4353771,5914,1.6214956045150757
1785278725.706011,5915,2.126884937286377
1785278725.9142103,5916,1.6838297843933105
1785278726.128726,5917,1.7943638563156128
1785278726.3396227,5918,1.6700057983398438
1785278726.5528357,5919,2.3070662021636963
1785278726.7677615,5920,2.1883926391601562
1785278726.9730668,5921,2.4708669185638428
1785278727.1771,5922,2.438157081604004
1785278727.4113064,5923,1.2660210132598877
1785278727.6309087,5924,1.9845325946807861
1785278727.8657494,5925,1.9935364723205566
1785278728.0869014,5926,2.272230386734009
1785278728.302614,5927,1.5829029083251953
1785278728.5173962,5928,1.9315381050109863
1785278728.7261124,5929,2.372297525405884
1785278728.9408896,5930,1.5957427024841309
1785278729.1815076,5931,3.585388660430908
1785278729.3936672,5932,3.0354857444763184
1785278729.6110718,5933,3.1314992904663086
1785278729.8303304,5934,2.232527256011963
1785278730.0343716,5935,1.5656819343566895
1785278730.337768,5936,2.2671923637390137
1785278730.7442148,5937,2.9347128868103027
1785278731.178231,5938,2.154611110687256
1785278731.6197028,5939,2.125973701477051
1785278732.0754657,5940,1.724250078201294
1785278732.337397,5941,2.2209274768829346
1785278732.5498142,5942,1.528625249862671
1785278732.7605314,5943,2.2716729640960693
1785278732.9667363,5944,1.4506944417953491
1785278733.18214,5945,2.0446457862854004
1785278733.403122,5946,4.162625312805176
1785278733.6206355,5947,1.6392195224761963
1785278733.84825,5948,1.2730448246002197
1785278734.0556982,5949,1.9547667503356934
1785278734.2671423,5950,1.5087699890136719
1785278734.4945266,5951,1.4704465866088867
1785278734.707925,5952,1.8853622674942017
1785278734.9272547,5953,1.5007522106170654
1785278735.139451,5954,2.420962333679199
1785278735.3575695,5955,3.2435600757598877
1785278735.568109,5956,2.029430389404297
1785278735.8001654,5957,2.330824613571167
1785278736.0102613,5958,1.7561869621276855
1785278736.2564614,5959,2.076436996459961
1785278736.470773,5960,1.5550363063812256
1785278736.6846106,5961,2.2031311988830566
1785278736.9127166,5962,1.4935723543167114
1785278737.3246582,5963,1.6689918041229248
1785278737.7640555,5964,2.3572194576263428
1785278738.1545017,5965,2.5534279346466064
1785278738.6026402,5966,1.3518553972244263
1785278739.009213,5967,1.4868617057800293
1785278739.2270164,5968,1.6463496685028076
1785278739.452085,5969,1.5359324216842651
1785278739.667148,5970,1.847649335861206
1785278739.8864255,5971,2.0655415058135986
1785278740.1115103,5972,1.7773854732513428
1785278740.3360703,5973,2.488058567047119
1785278740.541672,5974,1.4707374572753906
1785278740.765908,5975,2.31085205078125
1785278740.9804087,5976,1.5211135149002075
1785278741.1942527,5977,2.042081594467163
1785278741.4161117,5978,1.6390957832336426
1785278741.6312683,5979,2.981215476989746
1785278741.8454146,5980,2.6319124698638916
1785278742.075694,5981,1.9380342960357666
1785278742.2841432,5982,1.7652783393859863
1785278742.5010364,5983,1.3670125007629395
1785278742.7062976,5984,1.4183095693588257
1785278742.9281287,5985,1.923216700553894
1785278743.1406667,5986,2.02221417427063
1785278743.3513825,5987,2.4307775497436523
1785278743.572858,5988,1.432569146156311
1785278743.781222,5989,2.001209259033203
1785278744.0009573,5990,2.3486409187316895
1785278744.2064273,5991,1.631273627281189
1785278744.4203422,5992,1.9686096906661987
1785278744.62654,5993,2.2358598709106445
1785278744.838346,5994,1.4897898435592651
1785278745.0441952,5995,2.506234645843506
1785278745.2498236,5996,2.567429542541504
1785278745.6363316,5997,2.088632583618164
1785278746.0310383,5998,2.163059949874878
1785278746.411625,5999,2.6681907176971436
1785278746.8053598,6000,2.3212380409240723
1785278747.226844,6001,1.9832943677902222
1785278747.5314796,6002,1.7858803272247314
1785278747.760506,6003,1.9387493133544922
1785278747.98167,6004,2.556030511856079
1785278748.1891353,6005,1.7194740772247314
1785278748.3986459,6006,2.5232787132263184
1785278748.610631,6007,1.3985843658447266
1785278748.8180072,6008,2.2320122718811035
1785278749.0304346,6009,2.3176214694976807
1785278749.2491314,6010,2.0133185386657715
1785278749.455964,6011,1.4121334552764893
1785278749.6835718,6012,1.8644589185714722
1785278749.892482,6013,2.870971441268921
1785278750.0961359,6014,1.8986552953720093
1785278750.2990835,6015,2.5058929920196533
1785278750.5034504,6016,1.956110954284668
1785278750.7066834,6017,2.2819461822509766
1785278750.9119983,6018,1.6188840866088867
1785278751.116723,6019,1.3659839630126953
1785278751.320416,6020,1.9681634902954102
1785278751.5252707,6021,2.4152681827545166
1785278751.7326794,6022,1.524057388305664
1785278751.939581,6023,2.4145290851593018
1785278752.1527443,6024,1.9054765701293945
1785278752.3631601,6025,1.989549160003662
1785278752.6021693,6026,2.411707878112793
1785278752.8450918,6027,2.023043155670166
1785278753.0740404,6028,2.233016014099121
1785278753.2887907,6029,2.2088215351104736
1785278753.518656,6030,1.9751670360565186
1785278753.762229,6031,1.6741797924041748
1785278753.9791229,6032,2.591780185699463
1785278754.2067168,6033,2.8844518661499023
1785278754.6054225,6034,2.4460275173187256
1785278754.9857466,6035,1.6289007663726807
1785278755.3671083,6036,2.4156174659729004
1785278755.7623987,6037,1.922973871231079
1785278756.1480658,6038,1.557295799255371
1785278756.384986,6039,2.2994720935821533
1785278756.626957,6040,2.0059099197387695
1785278756.854604,6041,2.6367790699005127
1785278757.0606923,6042,2.195237636566162
1785278757.2778084,6043,1.3588449954986572
1785278757.4840517,6044,1.6631238460540771
1785278757.6988723,6045,2.8204355239868164
1785278757.9035804,6046,1.5228370428085327
1785278758.111128,6047,1.8118813037872314
1785278758.3370597,6048,2.3391153812408447
1785278758.5607135,6049,1.725788950920105
1785278758.7657652,6050,2.040550470352173
1785278758.9758937,6051,1.8082256317138672
1785278759.2092857,6052,2.8886325359344482
1785278759.420421,6053,2.2320218086242676
1785278759.6355796,6054,2.407557964324951
1785278759.8404894,6055,1.4338939189910889
1785278760.0617409,6056,1.8922123908996582
1785278760.270147,6057,2.0228614807128906
1785278760.4763844,6058,2.305053234100342
1785278760.6911793,6059,1.5697110891342163
1785278760.9019527,6060,1.9633870124816895
1785278761.126531,6061,1.704962968826294
1785278761.3314166,6062,1.578192949295044
1785278761.5392041,6063,1.63425612449646
1785278761.750902,6064,2.2582144737243652
1785278761.9887164,6065,1.611320972442627
1785278762.1963806,6066,2.048980236053467
1785278762.4022236,6067,2.228003978729248
1785278762.6128623,6068,2.1409568786621094
1785278762.8281338,6069,2.059255838394165
1785278763.037886,6070,1.7535781860351562
1785278763.2450264,6071,2.368760108947754
1785278763.4519246,6072,2.727271556854248
1785278763.6591265,6073,1.5083448886871338
1785278763.8639915,6074,2.0804004669189453
1785278764.07053,6075,2.162144422531128
1785278764.281361,6076,1.5480875968933105
1785278764.488602,6077,2.8890881538391113
1785278764.716745,6078,2.2949929237365723
1785278764.9368682,6079,3.2191038131713867
1785278765.1469555,6080,3.5096616744995117
1785278765.5249295,6081,1.4412201642990112
1785278765.9059844,6082,1.8500055074691772
1785278766.3095257,6083,1.3423463106155396
1785278766.691451,6084,2.5925910472869873
1785278767.0761666,6085,2.2414355278015137
1785278767.3829596,6086,1.549408197402954
1785278767.5960414,6087,1.6001133918762207
1785278767.809891,6088,1.62103271484375
1785278768.0222402,6089,2.2265124320983887
1785278768.2441294,6090,2.780275344848633
1785278768.4695036,6091,1.5822232961654663
1785278768.6887572,6092,1.5232850313186646
1785278768.9068623,6093,1.8839826583862305
1785278769.11386,6094,2.1761603355407715
1785278769.3247433,6095,1.4391865730285645
1785278769.5505283,6096,1.8152012825012207
1785278769.7733676,6097,2.0605428218841553
1785278769.9782755,6098,1.7205185890197754
1785278770.18592,6099,2.665666103363037
1785278770.414975,6100,2.058788537979126
1785278770.6324034,6101,2.0831427574157715
1785278770.8426008,6102,2.4885094165802
1785278771.064419,6103,2.2229018211364746
1785278771.280138,6104,2.951193332672119
1785278771.4968696,6105,2.4015297889709473
1785278771.7023373,6106,1.4860117435455322
1785278771.9154465,6107,2.1195006370544434
1785278772.1207438,6108,2.5706276893615723
1785278772.3544626,6109,1.433858036994934
1785278772.5831542,6110,1.7141010761260986
1785278772.8039954,6111,1.7359447479248047
1785278773.0119765,6112,1.4437681436538696
1785278773.2290056,6113,1.9409213066101074
1785278773.4437356,6114,2.276301860809326
1785278773.662949,6115,1.9319965839385986
1785278773.8689907,6116,2.248504161834717
1785278774.10137,6117,2.3231253623962402
1785278774.311364,6118,3.0297577381134033
1785278774.5327442,6119,1.5568817853927612
1785278774.7485054,6120,2.1729888916015625
1785278774.9594963,6121,2.6878695487976074
1785278775.1658175,6122,2.760368585586548
1785278775.3744307,6123,2.712355613708496
1785278775.5846226,6124,1.802733063697815
1785278775.8151207,6125,2.6156039237976074
1785278776.0290475,6126,3.2766401767730713
1785278776.2547357,6127,2.2207207679748535
1785278776.464295,6128,1.4388631582260132
1785278776.6781723,6129,2.1699934005737305
1785278776.8873038,6130,1.7428946495056152
1785278777.0949638,6131,1.4536594152450562
1785278777.3520951,6132,1.8784184455871582
1785278777.5602689,6133,1.7998127937316895
1785278777.8513787,6134,1.911496877670288
1785278778.236206,6135,1.8907368183135986
1785278778.623808,6136,2.482664108276367
1785278779.0188613,6137,2.0358145236968994
1785278779.4662776,6138,2.487504243850708
1785278779.849672,6139,3.0781545639038086
1785278780.0572667,6140,1.8106579780578613
1785278780.2853127,6141,1.6266679763793945
1785278780.5470433,6142,1.4896571636199951
1785278780.7595944,6143,1.983726978302002
1785278780.9672182,6144,1.9835809469223022
1785278781.172365,6145,1.7983319759368896
1785278781.386168,6146,1.818162202835083
1785278781.6023803,6147,1.3192335367202759
1785278781.814773,6148,3.5794899463653564
1785278782.029809,6149,1.7457520961761475
1785278782.2433429,6150,2.7342021465301514
1785278782.4540687,6151,1.9844037294387817
1785278782.6676795,6152,1.446692943572998
1785278782.87612,6153,1.6036790609359741
1785278783.1101818,6154,2.249596118927002
1785278783.3180125,6155,2.3950231075286865
1785278783.5334938,6156,1.4297244548797607
1785278783.740064,6157,1.6056947708129883
1785278783.951778,6158,2.3385748863220215
1785278784.1812642,6159,2.2295591831207275
1785278784.389929,6160,1.3963267803192139
1785278784.6101062,6161,1.4294683933258057
1785278784.8178616,6162,2.4926276206970215
1785278785.0343747,6163,1.8508374691009521
1785278785.2564144,6164,2.0808191299438477
1785278785.4699051,6165,1.3849093914031982
1785278785.677441,6166,2.487492084503174
1785278785.8935184,6167,1.9357450008392334
1785278786.1225965,6168,1.898911714553833
1785278786.377038,6169,1.721855640411377
1785278786.592926,6170,1.8533320426940918
1785278786.8396213,6171,1.6124811172485352
1785278787.0457025,6172,2.6431126594543457
1785278787.2639377,6173,1.7109822034835815
1785278787.470314,6174,2.1751937866210938
1785278787.6908383,6175,2.317683219909668
1785278787.897513,6176,1.9840792417526245
1785278788.1070964,6177,4.119015693664551
1785278788.3326175,6178,1.7314332723617554
1785278788.5504766,6179,1.8632550239562988
1785278788.7614703,6180,2.33083438873291
1785278788.9749863,6181,1.5341370105743408
1785278789.3939464,6182,1.8040461540222168
1785278789.7949417,6183,2.4039082527160645
1785278790.2105064,6184,1.6097614765167236
1785278790.5980911,6185,2.172100782394409
1785278790.855326,6186,2.005021810531616
1785278791.0671039,6187,2.322460651397705
1785278791.2757454,6188,1.7069388628005981
1785278791.4846041,6189,1.699582576751709
1785278791.6955855,6190,1.5868041515350342
1785278791.8995547,6191,2.069809675216675
1785278792.1139326,6192,2.239628314971924
1785278792.327713,6193,2.3658223152160645
1785278792.541173,6194,1.7981382608413696
1785278792.7782922,6195,1.6035435199737549
1785278792.9885209,6196,2.009049415588379
1785278793.1963208,6197,1.8441356420516968
1785278793.4216013,6198,1.5173417329788208
1785278793.6348083,6199,2.393312454223633
1785278793.84774,6200,1.494439721107483
1785278794.059673,6201,1.9595507383346558
1785278794.269051,6202,1.7059130668640137
1785278794.506732,6203,1.72807776927948
1785278794.718585,6204,2.5661487579345703
1785278794.9275064,6205,1.7108495235443115
1785278795.1473064,6206,2.3951821327209473
1785278795.3591127,6207,2.100811004638672
1785278795.5823467,6208,2.1054112911224365
1785278795.793904,6209,1.6557586193084717
1785278796.009278,6210,1.4722005128860474
1785278796.2191505,6211,1.9146311283111572
1785278796.433676,6212,2.017534017562866
1785278796.6411135,6213,3.2660491466522217
1785278796.860343,6214,1.9560352563858032
1785278797.069709,6215,2.0613648891448975
1785278797.2800026,6216,1.9175934791564941
1785278797.4940674,6217,2.969953775405884
1785278797.7071917,6218,3.532705307006836
1785278797.9256692,6219,2.0697267055511475
1785278798.211438,6220,1.860040307044983
1785278798.6151419,6221,2.7037017345428467
1785278799.0143716,6222,1.485228180885315
1785278799.4146168,6223,1.6314224004745483
1785278799.7997072,6224,1.7946741580963135
1785278800.0976481,6225,1.7372076511383057
1785278800.3052537,6226,1.5093047618865967
1785278800.5157275,6227,3.3832316398620605
1785278800.7272687,6228,1.9343092441558838
1785278800.9349601,6229,4.081418991088867
1785278801.1473982,6230,1.8126063346862793
1785278801.3653107,6231,1.5294067859649658
1785278801.5963385,6232,3.670034408569336
1785278801.810315,6233,1.9781607389450073
1785278802.022529,6234,1.7691038846969604
1785278802.2361915,6235,1.5930490493774414
1785278802.4578938,6236,1.848281741142273
1785278802.6656911,6237,1.7528283596038818
1785278802.874802,6238,1.850818395614624
1785278803.0874844,6239,1.4871348142623901
1785278803.3010933,6240,2.4854745864868164
1785278803.5182927,6241,1.947988748550415
1785278803.7317436,6242,1.888812780380249
1785278803.9381754,6243,1.883333444595337
1785278804.1436203,6244,2.0191683769226074
1785278804.3522737,6245,1.8882229328155518
1785278804.5696,6246,2.0220608711242676
1785278804.7792077,6247,1.7142150402069092
1785278804.988283,6248,2.446624994277954
1785278805.2471957,6249,2.668445110321045
1785278805.4627237,6250,2.79166316986084
1785278805.671361,6251,2.0144176483154297
1785278805.8943915,6252,1.495863914489746
1785278806.1033974,6253,2.2735471725463867
1785278806.3374581,6254,2.433159351348877
1785278806.5494115,6255,2.2692513465881348
1785278806.7580822,6256,1.355743408203125
1785278806.9792397,6257,1.4930260181427002
1785278807.1903577,6258,3.1323418617248535
1785278807.475827,6259,2.5216026306152344
1785278807.866729,6260,2.1927709579467773
1785278808.2629383,6261,1.4935216903686523
1785278808.6731844,6262,1.4888701438903809
1785278809.0591779,6263,2.8338985443115234
1785278809.3912394,6264,3.822005033493042
1785278809.6067884,6265,2.2841544151306152
1785278809.8161364,6266,1.7138034105300903
1785278810.0215294,6267,1.331099033355713
1785278810.2275338,6268,2.405374526977539
1785278810.4657738,6269,2.5398335456848145
1785278810.6886685,6270,3.9751453399658203
1785278810.9068766,6271,1.9015600681304932
1785278811.1126342,6272,2.2664849758148193
1785278811.3227117,6273,2.558128833770752
1785278811.5330567,6274,1.7035778760910034
1785278811.759462,6275,2.5380964279174805
1785278811.9711788,6276,2.387897491455078
1785278812.182659,6277,1.7639697790145874
1785278812.3893719,6278,1.7622634172439575
1785278812.599675,6279,1.6162852048873901
1785278812.8057477,6280,1.3513423204421997
1785278813.0122461,6281,1.9186869859695435
1785278813.2267087,6282,1.4717912673950195
1785278813.4372587,6283,2.4837393760681152
1785278813.6433222,6284,1.4841017723083496
1785278813.8535907,6285,2.5904040336608887
1785278814.0690632,6286,2.8511574268341064
1785278814.2737374,6287,2.278254508972168
1785278814.4884682,6288,1.6147401332855225
1785278814.6967015,6289,1.707413673400879
1785278814.9121916,6290,1.7976009845733643
1785278815.1237903,6291,1.963654637336731
1785278815.330301,6292,1.4590600728988647
1785278815.5591903,6293,2.2303080558776855
1785278815.8086624,6294,1.7333500385284424
1785278816.024394,6295,3.289534091949463
1785278816.244342,6296,1.541679859161377
1785278816.4662707,6297,1.9385206699371338
1785278816.840324,6298,1.6146650314331055
1785278817.2625444,6299,1.4307408332824707
1785278817.6898336,6300,2.7660064697265625
1785278818.139725,6301,1.6869874000549316
1785278818.540748,6302,2.7165112495422363
1785278818.938815,6303,1.6643415689468384
1785278819.1461458,6304,1.9673981666564941
1785278819.3644967,6305,2.194392204284668
1785278819.5805984,6306,2.3741636276245117
1785278819.7921996,6307,1.8411238193511963
1785278820.0146976,6308,1.6167399883270264
1785278820.2761936,6309,1.3211617469787598
1785278820.5070457,6310,1.527725338935852
1785278820.7154095,6311,2.7526350021362305
1785278820.9297712,6312,1.3279609680175781
1785278821.1350808,6313,1.8304884433746338
1785278821.3585513,6314,2.210320472717285
1785278821.5652254,6315,2.2339673042297363
1785278821.786843,6316,2.1487364768981934
1785278822.007744,6317,2.2108354568481445
1785278822.2164292,6318,1.728071689605713
1785278822.4251335,6319,3.5442585945129395
1785278822.6382804,6320,1.546494722366333
1785278822.8594825,6321,2.0843639373779297
1785278823.0745258,6322,1.8748877048492432
1785278823.2802918,6323,1.9532933235168457
1785278823.4940484,6324,2.5720534324645996
1785278823.7135968,6325,1.356284737586975
1785278823.9243834,6326,1.7714256048202515
1785278824.3105564,6327,1.7585386037826538
1785278824.7032392,6328,2.2091917991638184
1785278825.099368,6329,1.6608469486236572
1785278825.509826,6330,3.404707431793213
1785278825.8956242,6331,1.5428566932678223
1785278826.1220243,6332,1.7540419101715088
1785278826.3365715,6333,1.8317959308624268
1785278826.546983,6334,1.9853954315185547
1785278826.7585526,6335,1.438239336013794
1785278826.9717588,6336,1.6121349334716797
1785278827.1800396,6337,2.484325408935547
1785278827.3894732,6338,1.5255967378616333
1785278827.5955133,6339,1.6968474388122559
1785278827.8063705,6340,2.9855711460113525
1785278828.0174472,6341,1.4885010719299316
1785278828.2427425,6342,2.480760097503662
1785278828.4558058,6343,1.6814829111099243
1785278828.6708329,6344,1.7392578125
1785278828.8798954,6345,2.4165005683898926
1785278829.0882256,6346,2.4278404712677
1785278829.2975109,6347,2.270219326019287
1785278829.5268292,6348,1.6839702129364014
1785278829.7519848,6349,2.1841073036193848
1785278829.9725058,6350,1.4531241655349731
1785278830.1922698,6351,2.3369240760803223
1785278830.3993468,6352,2.1311893463134766
1785278830.6089208,6353,1.7809573411941528
1785278830.8181438,6354,1.9550048112869263
1785278831.0269063,6355,1.887230396270752
1785278831.2378643,6356,2.524632453918457
1785278831.450648,6357,1.475333333015442
1785278831.66027,6358,1.993125081062317
1785278831.8733475,6359,2.105201482772827
1785278832.0838723,6360,1.428047776222229
1785278832.4315543,6361,1.8920423984527588
1785278832.8216352,6362,1.7468080520629883
1785278833.2071857,6363,1.8418474197387695
1785278833.6081414,6364,1.7736270427703857
1785278834.0260117,6365,1.943566083908081
1785278834.2701485,6366,2.0620691776275635
1785278834.4852455,6367,2.361703872680664
1785278834.7214704,6368,1.6453932523727417
1785278834.9371207,6369,2.6048879623413086
1785278835.1587002,6370,2.2314138412475586
1785278835.3686996,6371,1.5478556156158447
1785278835.579857,6372,1.8982715606689453
1785278835.7901204,6373,2.255211353302002
1785278836.0067225,6374,2.4164323806762695
1785278836.2231665,6375,2.0083107948303223
1785278836.4614253,6376,1.3981127738952637
1785278836.6739612,6377,3.041111469268799
1785278836.8880582,6378,1.333730936050415
1785278837.0963995,6379,1.8913769721984863
1785278837.3105726,6380,2.3478970527648926
1785278837.5146027,6381,1.5381858348846436
1785278837.7269075,6382,2.567754030227661
1785278838.1569088,6383,3.0806045532226562
1785278838.5619245,6384,1.9755204916000366
1785278838.9684432,6385,1.3150606155395508
1785278839.3725643,6386,1.6940677165985107
1785278839.795518,6387,1.671926498413086
1785278840.2128994,6388,2.1914756298065186
1785278840.4193263,6389,4.526371955871582
1785278840.641294,6390,2.2518091201782227
1785278840.850817,6391,1.7228591442108154
1785278841.0619905,6392,1.4925296306610107
1785278841.2811036,6393,2.5460915565490723
1785278841.4934833,6394,2.224463939666748
1785278841.7043438,6395,1.7528913021087646
1785278841.9097364,6396,1.5870616436004639
1785278842.1334822,6397,2.1903820037841797
1785278842.3467865,6398,2.9342119693756104
1785278842.55241,6399,1.391819953918457
1785278842.7569118,6400,1.609535574913025
1785278842.9620514,6401,1.3896842002868652
1785278843.2042108,6402,2.4202990531921387
1785278843.4311028,6403,1.4050041437149048
1785278843.6562877,6404,1.7460246086120605
1785278843.8755047,6405,2.3612961769104004
1785278844.0846653,6406,1.945595622062683
1785278844.3005307,6407,1.8456218242645264
1785278844.5042565,6408,1.749485969543457
1785278844.718297,6409,2.5617685317993164
1785278845.014298,6410,1.34052312374115
1785278845.4252577,6411,1.4599779844284058
1785278845.8041975,6412,1.7430698871612549
1785278846.1864438,6413,1.9609421491622925
1785278846.6168218,6414,1.5215922594070435
1785278847.016881,6415,1.9692440032958984
1785278847.3183708,6416,2.423793315887451
1785278847.5254047,6417,1.57430899143219
1785278847.7345917,6418,2.5105056762695312
1785278847.9381952,6419,2.5282955169677734
1785278848.1509342,6420,1.5524981021881104
1785278848.3744862,6421,1.6229400634765625
1785278848.5890396,6422,1.9849233627319336
1785278848.8003652,6423,2.345134735107422
1785278849.0056262,6424,1.5361658334732056
1785278849.2233026,6425,1.6915830373764038
1785278849.428197,6426,1.4765527248382568
1785278849.6348429,6427,2.113698720932007
1785278849.8626523,6428,1.6396055221557617
1785278850.0755281,6429,2.4477269649505615
1785278850.2938964,6430,3.1235971450805664
1785278850.5132473,6431,1.4561421871185303
1785278850.7330751,6432,1.495754361152649
1785278850.9405055,6433,1.7596290111541748
1785278851.1543996,6434,2.200657367706299
1785278851.384847,6435,1.833018183708191
1785278851.5992076,6436,1.9942879676818848
1785278851.8110676,6437,1.6383788585662842
1785278852.0280447,6438,1.6674108505249023
1785278852.4062104,6439,1.417185664176941
1785278852.7859318,6440,1.5761983394622803
1785278853.203449,6441,1.8955535888671875
1785278853.638976,6442,1.9804236888885498
1785278854.0428214,6443,1.8501458168029785
1785278854.2580724,6444,1.4800891876220703
1785278854.4768019,6445,2.80448842048645
1785278854.6812503,6446,1.3397239446640015
1785278854.8955116,6447,2.286940813064575
1785278855.1043365,6448,2.192990303039551
1785278855.3108904,6449,1.8931260108947754
1785278855.5152526,6450,2.234907627105713
1785278855.7240837,6451,1.525864839553833
1785278855.9277384,6452,1.675771713256836
1785278856.1491241,6453,1.9902632236480713
1785278856.3580866,6454,2.152008056640625
1785278856.5706487,6455,1.5608744621276855
1785278856.8134801,6456,2.699453353881836
1785278857.0239022,6457,2.543703556060791
1785278857.2482042,6458,1.636635184288025
1785278857.4616292,6459,2.136040687561035
1785278857.6713026,6460,1.8380143642425537
1785278858.0946684,6461,1.7809689044952393
1785278858.4969494,6462,1.8057522773742676
1785278858.9115117,6463,1.419575572013855
1785278859.298206,6464,1.4208909273147583
1785278859.6826572,6465,2.419196605682373
1785278859.8926516,6466,2.16306209564209
1785278860.1007302,6467,1.7360799312591553
1785278860.3068209,6468,2.4324240684509277
1785278860.5145602,6469,2.3463706970214844
1785278860.7350767,6470,1.373289942741394
1785278860.9483137,6471,2.858391284942627
1785278861.1564057,6472,1.749551773071289
1785278861.3734167,6473,2.3813633918762207
1785278861.5775332,6474,2.4791817665100098
1785278861.790022,6475,2.274501323699951
1785278862.0003674,6476,2.064518928527832
1785278862.212949,6477,1.382166862487793
1785278862.433298,6478,1.6537928581237793
1785278862.6387806,6479,1.3288007974624634
1785278862.847228,6480,2.1447036266326904
1785278863.0586843,6481,1.9606056213378906
1785278863.3205817,6482,1.4519591331481934
1785278863.530737,6483,2.7726542949676514
1785278863.7397957,6484,2.3743395805358887
1785278864.0782328,6485,1.5016720294952393
1785278864.5040796,6486,2.3365705013275146
1785278864.9209857,6487,1.9482264518737793
1785278865.3563325,6488,1.8579628467559814
1785278865.805454,6489,1.924211025238037
1785278866.119398,6490,2.5010414123535156
1785278866.3300138,6491,2.3577988147735596
1785278866.5473094,6492,1.4962917566299438
1785278866.7664917,6493,2.0804286003112793
1785278866.9787142,6494,1.7683234214782715
1785278867.1900897,6495,2.1267213821411133
1785278867.3968391,6496,2.8695664405822754
1785278867.6186564,6497,1.8927524089813232
1785278867.8319075,6498,1.4064953327178955
1785278868.0374866,6499,1.4687365293502808
1785278868.245903,6500,1.386540174484253
1785278868.4563437,6501,2.3686327934265137
1785278868.6762862,6502,1.774413824081421
1785278868.894994,6503,1.6248400211334229
1785278869.1145263,6504,1.9969496726989746
1785278869.3604958,6505,2.334836483001709
1785278869.7845628,6506,1.7743566036224365
1785278870.184992,6507,2.6330366134643555
1785278870.6104922,6508,1.4818377494812012
1785278871.0288,6509,1.435989260673523
1785278871.4424455,6510,1.5713545083999634
1785278871.7329502,6511,2.16205096244812
1785278871.9399168,6512,1.6970301866531372
1785278872.157726,6513,1.5737745761871338
1785278872.417602,6514,1.4907341003417969
1785278872.6340747,6515,1.9398071765899658
1785278872.872071,6516,2.6275057792663574
1785278873.0983708,6517,2.5122554302215576
1785278873.3238797,6518,2.078916549682617
1785278873.5627117,6519,2.5883374214172363
1785278873.790944,6520,1.6168172359466553
1785278874.0063093,6521,2.1630616188049316
1785278874.2144384,6522,1.6153126955032349
1785278874.469444,6523,1.6476882696151733
1785278874.6832461,6524,1.5633246898651123
1785278874.903047,6525,1.5116695165634155
1785278875.1237583,6526,2.0948338508605957
1785278875.3377337,6527,2.019806385040283
1785278875.5610783,6528,1.6734981536865234
1785278875.7740438,6529,2.112457036972046
1785278875.9856634,6530,1.4463481903076172
1785278876.194126,6531,1.4068090915679932
1785278876.401765,6532,2.314603328704834
1785278876.8282928,6533,2.03487491607666
1785278877.265457,6534,2.18643856048584
1785278877.6626801,6535,1.8999378681182861
1785278878.0958047,6536,2.55401611328125
1785278878.4916253,6537,1.7826045751571655
1785278878.7029905,6538,1.843691110610962
1785278878.9142735,6539,1.5155142545700073
1785278879.1231432,6540,1.4395687580108643
1785278879.3316634,6541,1.4547655582427979
1785278879.5401354,6542,1.3676131963729858
1785278879.756547,6543,1.6051284074783325
1785278880.0041795,6544,1.5178946256637573
1785278880.2181816,6545,1.4300196170806885
1785278880.4505541,6546,1.7624096870422363
1785278880.6690614,6547,2.1406986713409424
1785278880.8930328,6548,2.7105252742767334
1785278881.1030388,6549,1.9248204231262207
1785278881.3151498,6550,2.068838596343994
1785278881.5320046,6551,1.8364536762237549
1785278881.7532647,6552,1.358691692352295
1785278881.9856892,6553,1.8000471591949463
1785278882.2107563,6554,1.8005884885787964
1785278882.4203067,6555,1.6751177310943604
1785278882.6416607,6556,1.6308528184890747
1785278883.0778654,6557,3.2258188724517822
1785278883.5523374,6558,1.5571541786193848
1785278884.0069997,6559,2.1718482971191406
1785278884.4337776,6560,1.5428410768508911
1785278884.6853077,6561,1.8821704387664795
1785278884.9255319,6562,1.2704461812973022
1785278885.1518238,6563,1.7807917594909668
1785278885.360327,6564,1.5462502241134644
1785278885.5697756,6565,1.682429313659668
1785278885.7929823,6566,2.7550525665283203
1785278885.9977822,6567,1.8953007459640503
1785278886.201518,6568,1.4700300693511963
1785278886.409236,6569,1.4917010068893433
1785278886.6378236,6570,2.3841195106506348
1785278886.8587458,6571,3.114696741104126
1785278887.0626698,6572,1.9440189599990845
1785278887.2736256,6573,1.3591513633728027
1785278887.4797175,6574,2.4359934329986572
1785278887.69903,6575,2.7245678901672363
1785278887.920989,6576,1.827041745185852
1785278888.1310506,6577,2.171505928039551
1785278888.3413947,6578,3.560206890106201
1785278888.5551672,6579,1.948871374130249
1785278888.772681,6580,1.617525339126587
1785278888.984613,6581,1.6720502376556396
1785278889.1984258,6582,2.952209711074829
1785278889.4152458,6583,2.2269954681396484
1785278889.6501112,6584,1.5396565198898315
1785278890.0698814,6585,1.3634668588638306
1785278890.4645255,6586,2.2971413135528564
1785278890.8714013,6587,2.4285452365875244
1785278891.2715225,6588,1.7189221382141113
1785278891.6480289,6589,1.5800670385360718
1785278891.868052,6590,2.1423444747924805
1785278892.1086552,6591,1.6447744369506836
1785278892.327998,6592,1.513941764831543
1785278892.5407007,6593,1.8603657484054565
1785278892.771566,6594,1.9446111917495728
1785278893.0112321,6595,1.865299940109253
1785278893.226017,6596,1.8013601303100586
1785278893.459927,6597,2.0562856197357178
1785278893.6756308,6598,1.7751554250717163
1785278893.9195478,6599,1.860630989074707
1785278894.1390636,6600,2.2460875511169434
1785278894.3575034,6601,1.6516032218933105
1785278894.5687287,6602,1.5741832256317139
1785278894.7827537,6603,2.0876917839050293
1785278894.9932368,6604,1.5771429538726807
1785278895.2034447,6605,2.006268262863159
1785278895.4403641,6606,3.149758815765381
1785278895.6694205,6607,1.6167088747024536
1785278895.91736,6608,1.5750536918640137
1785278896.1448314,6609,2.133498191833496
1785278896.3591485,6610,1.9338103532791138
1785278896.5890512,6611,1.7909743785858154
1785278896.9935675,6612,1.4651989936828613
1785278897.4177535,6613,1.8691790103912354
1785278897.8642607,6614,2.01875638961792
1785278898.261312,6615,2.179539203643799
1785278898.5734608,6616,2.1919121742248535
1785278898.7890425,6617,1.7052345275878906
1785278898.999698,6618,1.795522928237915
1785278899.2274668,6619,1.751746654510498
1785278899.436256,6620,1.7807493209838867
1785278899.6583028,6621,1.8926317691802979
1785278899.877418,6622,2.2297120094299316
1785278900.0896373,6623,1.675245761871338
1785278900.3021154,6624,1.3764991760253906
1785278900.5332913,6625,1.6753480434417725
1785278900.7655442,6626,1.615202784538269
1785278900.9819582,6627,1.3112149238586426
1785278901.2032273,6628,2.0756640434265137
1785278901.4148276,6629,1.5954225063323975
1785278901.6238508,6630,1.9742786884307861
1785278901.8470347,6631,1.581632137298584
1785278902.0576096,6632,2.841867208480835
1785278902.2734144,6633,1.7715245485305786
1785278902.5056484,6634,1.9636341333389282
1785278902.735162,6635,2.047842264175415
1785278903.0611138,6636,1.9247606992721558
1785278903.5361674,6637,1.8680070638656616
1785278903.972246,6638,1.3837050199508667
1785278904.4626827,6639,2.597395658493042
1785278904.801648,6640,1.6418349742889404
1785278905.0386226,6641,3.3309242725372314
1785278905.2715561,6642,1.9144291877746582
1785278905.5032344,6643,2.162947654724121
1785278905.7299175,6644,1.9935636520385742
1785278905.9482496,6645,1.5225657224655151
1785278906.170662,6646,1.7922126054763794
1785278906.3922393,6647,1.5245723724365234
1785278906.6016414,6648,1.6951475143432617
1785278906.8378143,6649,2.521541118621826
1785278907.0504713,6650,1.4596271514892578
1785278907.2666037,6651,1.4300200939178467
1785278907.4803638,6652,1.6429640054702759
1785278907.6899376,6653,1.6625709533691406
1785278907.9056091,6654,1.6949266195297241
1785278908.1086056,6655,1.792029857635498
1785278908.3260465,6656,1.417017936706543
1785278908.5350373,6657,1.3267395496368408
1785278908.7656162,6658,2.003669500350952
1785278908.9747267,6659,1.2901967763900757
1785278909.1939833,6660,1.3366122245788574
1785278909.4162462,6661,1.4909117221832275
1785278909.639887,6662,2.02480411529541
1785278910.0324035,6663,1.4669208526611328
1785278910.4443483,6664,2.456010580062866
1785278910.8674006,6665,2.090423583984375
1785278911.270494,6666,1.680068016052246
1785278911.5082576,6667,1.9107270240783691
1785278911.7164397,6668,1.505642056465149
1785278911.9251945,6669,2.421267032623291
1785278912.1326098,6670,1.864176869392395
1785278912.3554425,6671,3.2786717414855957
1785278912.5732944,6672,2.0849854946136475
1785278912.7866225,6673,1.7940549850463867
1785278913.026325,6674,2.741222381591797
1785278913.2532096,6675,2.4624993801116943
1785278913.4717596,6676,1.8988416194915771
1785278913.6925285,6677,1.391548991203308
1785278913.8984141,6678,3.0042829513549805
1785278914.110096,6679,1.4169704914093018
1785278914.3185074,6680,1.9238674640655518
1785278914.539112,6681,1.7458628416061401
1785278914.7476773,6682,1.7465641498565674
1785278915.1170795,6683,1.613896369934082
1785278915.5514822,6684,2.246873378753662
1785278915.9794912,6685,1.440173625946045
1785278916.4066396,6686,2.280698776245117
1785278916.745688,6687,2.2082138061523438
1785278916.9707527,6688,2.9321491718292236
1785278917.1808689,6689,1.7353646755218506
1785278917.3877444,6690,1.3974494934082031
1785278917.6000552,6691,1.415374755859375
1785278917.8094301,6692,1.370924949645996
1785278918.0385385,6693,1.8733289241790771
1785278918.2524798,6694,1.7587242126464844
1785278918.4719057,6695,2.031031608581543
1785278918.6947877,6696,2.0602314472198486
1785278918.9069471,6697,1.781041145324707
1785278919.1226146,6698,1.8389900922775269
1785278919.355073,6699,1.644460678100586
1785278919.5627863,6700,1.7537319660186768
1785278919.7819517,6701,1.6742993593215942
1785278919.992405,6702,1.951285719871521
1785278920.2027278,6703,1.5585579872131348
1785278920.4149208,6704,1.6191623210906982
1785278920.648745,6705,1.555633783340454
1785278920.8799212,6706,2.5582523345947266
1785278921.0902817,6707,3.5554614067077637
1785278921.3074548,6708,1.4973151683807373
1785278921.5203078,6709,1.3760029077529907
1785278921.8339214,6710,1.7624319791793823
1785278922.2610266,6711,1.7727570533752441
1785278922.6892557,6712,2.4320685863494873
1785278923.1127393,6713,1.4898127317428589
1785278923.4470348,6714,1.5202432870864868
1785278923.6574197,6715,1.4405641555786133
1785278923.8745685,6716,1.8974452018737793
1785278924.0986664,6717,1.6630473136901855
1785278924.3116145,6718,1.404188871383667
1785278924.5347798,6719,1.6122913360595703
1785278924.746661,6720,2.1265175342559814
1785278924.95464,6721,1.9484516382217407
1785278925.1698723,6722,2.0315637588500977
1785278925.380442,6723,1.679445505142212
1785278925.5931523,6724,2.2963404655456543
1785278925.806144,6725,1.6764740943908691
1785278926.0262635,6726,1.8824914693832397
1785278926.2475078,6727,2.0501410961151123
1785278926.4606748,6728,1.402400255203247
1785278926.6980436,6729,1.6896157264709473
1785278926.9083326,6730,1.7409703731536865
1785278927.1216972,6731,1.6743369102478027
1785278927.3301823,6732,1.758979320526123
1785278927.5396552,6733,1.4976606369018555
1785278927.7476835,6734,1.328930139541626
1785278927.9560728,6735,1.9649372100830078
1785278928.2608173,6736,2.2389254570007324
1785278928.6706965,6737,2.471813678741455
1785278929.0542996,6738,1.482520341873169
1785278929.45195,6739,2.2612738609313965
1785278929.8484397,6740,1.6164010763168335
1785278930.086124,6741,1.9952692985534668
1785278930.2956305,6742,1.7020759582519531
1785278930.5147457,6743,1.531557559967041
1785278930.7237778,6744,1.3108839988708496
1785278930.9335601,6745,1.7113697528839111
1785278931.1460977,6746,1.6740926504135132
1785278931.3509421,6747,2.0266575813293457
1785278931.5559168,6748,1.4868476390838623
1785278931.7627313,6749,1.5982812643051147
1785278931.9686463,6750,1.9126696586608887
1785278932.1764104,6751,2.226546287536621
1785278932.3890924,6752,1.6499671936035156
1785278932.5986116,6753,1.7525173425674438
1785278932.806077,6754,2.836320400238037
1785278933.0230858,6755,1.4852535724639893
1785278933.229897,6756,2.2681407928466797
1785278933.4398365,6757,2.7118301391601562
1785278933.6606762,6758,1.7687880992889404
1785278933.8887548,6759,1.8490676879882812
1785278934.1216974,6760,1.93477201461792
1785278934.3396068,6761,1.734795331954956
1785278934.5521193,6762,1.939163088798523
1785278934.7679691,6763,1.4189649820327759
1785278934.984599,6764,1.863938570022583
1785278935.1954904,6765,1.6938772201538086
1785278935.4068036,6766,1.6052203178405762
1785278935.618843,6767,1.3609755039215088
1785278935.8375692,6768,2.2950148582458496
1785278936.0448372,6769,1.5193151235580444
1785278936.2530315,6770,2.421642303466797
1785278936.4592965,6771,1.9847490787506104
1785278936.6792185,6772,1.6386009454727173
1785278936.898917,6773,1.7984585762023926
1785278937.1244733,6774,1.912515640258789
1785278937.331924,6775,1.3928563594818115
1785278937.5450604,6776,2.155667304992676
1785278937.8464925,6777,1.3736376762390137
1785278938.2441819,6778,2.2577295303344727
1785278938.6448858,6779,1.777032494544983
1785278939.0306678,6780,1.901012659072876
1785278939.4372988,6781,2.056581974029541
1785278939.7875094,6782,1.4936094284057617
1785278939.992331,6783,2.0767955780029297
1785278940.2044024,6784,1.5608282089233398
1785278940.4139514,6785,2.172217607498169
1785278940.6204288,6786,2.280153751373291
1785278940.8393102,6787,1.9802583456039429
1785278941.0476363,6788,1.6171443462371826
1785278941.2715838,6789,2.2025575637817383
1785278941.47586,6790,2.0713248252868652
1785278941.689562,6791,1.3309459686279297
1785278941.9074938,6792,1.4775474071502686
1785278942.1321032,6793,1.4549933671951294
1785278942.3429158,6794,2.0568246841430664
1785278942.5798056,6795,2.3128199577331543
1785278942.798433,6796,1.5977540016174316
1785278943.0054822,6797,1.3899794816970825
1785278943.2163544,6798,1.6088861227035522
1785278943.4401941,6799,2.6043262481689453
1785278943.65787,6800,1.6248880624771118
1785278943.8888204,6801,1.8873887062072754
1785278944.0991268,6802,1.9859967231750488
1785278944.305435,6803,1.425065517425537
1785278944.520938,6804,3.4976794719696045
1785278944.7387414,6805,1.3978347778320312
1785278944.9465437,6806,2.4032130241394043
1785278945.1604095,6807,1.368038296699524
1785278945.3924332,6808,1.6371619701385498
1785278945.6020055,6809,2.0382490158081055
1785278945.810209,6810,1.5912775993347168
1785278946.0262313,6811,1.9444833993911743
1785278946.2486005,6812,2.6994569301605225
1785278946.4694135,6813,2.417009115219116
1785278946.6739511,6814,2.1086227893829346
1785278946.891512,6815,2.2031421661376953
1785278947.0970857,6816,1.4950283765792847
1785278947.3083706,6817,1.4714782238006592
1785278947.522992,6818,1.7948665618896484
1785278947.740087,6819,1.713716983795166
1785278947.9463975,6820,1.6229320764541626
1785278948.1842334,6821,2.311577320098877
1785278948.3894076,6822,1.7459585666656494
1785278948.6040757,6823,1.818403959274292
1785278948.8276842,6824,1.3469719886779785
1785278949.0335581,6825,2.581221580505371
1785278949.254793,6826,1.4608540534973145
1785278949.4824295,6827,1.7042205333709717
1785278949.718691,6828,2.3701133728027344
1785278950.1024356,6829,1.976050853729248
1785278950.503407,6830,3.224465847015381
1785278950.8891108,6831,1.2981334924697876
1785278951.3235662,6832,2.274378776550293
1785278951.713519,6833,2.219367027282715
1785278951.9324024,6834,2.8905189037323
1785278952.1575058,6835,2.1827335357666016
1785278952.3612008,6836,1.6914783716201782
1785278952.5701504,6837,1.4210822582244873
1785278952.7817245,6838,1.9856345653533936
1785278952.9935417,6839,1.971057653427124
1785278953.2047987,6840,2.2109785079956055
1785278953.4114866,6841,1.6746330261230469
1785278953.6174653,6842,2.4298675060272217
1785278953.8268752,6843,1.4499852657318115
1785278954.044127,6844,2.325260877609253
1785278954.2505958,6845,1.61836838722229
1785278954.4588814,6846,1.7739641666412354
1785278954.675661,6847,1.5598301887512207
1785278954.8881152,6848,1.6025702953338623
1785278955.1101222,6849,1.8454055786132812
1785278955.3200204,6850,2.4261722564697266
1785278955.5335085,6851,1.7823424339294434
1785278955.751573,6852,1.5066932439804077
1785278955.9614449,6853,2.1174569129943848
1785278956.1845627,6854,2.5264344215393066
1785278956.395024,6855,1.4733717441558838
1785278956.604364,6856,2.99137544631958
1785278956.823746,6857,1.586857795715332
1785278957.0319443,6858,1.9208402633666992
1785278957.2471666,6859,1.721407175064087
1785278957.4605737,6860,1.4646660089492798
1785278957.668467,6861,1.3564456701278687
1785278957.885107,6862,1.9834086894989014
1785278958.0947194,6863,2.3751916885375977
1785278958.3217583,6864,1.6421469449996948
1785278958.5370967,6865,1.708868145942688
1785278958.8393452,6866,2.0991315841674805
1785278959.2315629,6867,2.182594060897827
1785278959.6339428,6868,1.9251312017440796
1785278960.0387971,6869,2.417442560195923
1785278960.418552,6870,1.8889787197113037
1785278960.6331508,6871,1.8680737018585205
1785278960.838679,6872,1.3547998666763306
1785278961.0708869,6873,1.5135587453842163
1785278961.2826762,6874,1.6578627824783325
1785278961.492825,6875,2.2977957725524902
1785278961.6980927,6876,1.4137287139892578
1785278961.907194,6877,1.509053349494934
1785278962.1180856,6878,1.8594608306884766
1785278962.3247352,6879,1.7889885902404785
1785278962.5371628,6880,2.4363861083984375
1785278962.7525382,6881,2.3074769973754883
1785278962.9653933,6882,1.7939372062683105
1785278963.187934,6883,1.4119943380355835
1785278963.4056952,6884,1.4080867767333984
1785278963.6168184,6885,2.2038414478302
1785278963.8294067,6886,2.2221055030822754
1785278964.0592182,6887,1.4228745698928833
1785278964.2694995,6888,1.428036093711853
1785278964.4765103,6889,2.0620388984680176
1785278964.6902895,6890,2.2496702671051025
1785278964.9024303,6891,2.219371795654297
1785278965.1101809,6892,2.531954765319824
1785278965.3274305,6893,1.63875412940979
1785278965.5387745,6894,1.7817827463150024
1785278965.7524772,6895,1.9678034782409668
1785278965.959147,6896,1.5145753622055054
1785278966.180047,6897,2.50985050201416
1785278966.3908522,6898,1.8324167728424072
1785278966.6087189,6899,1.9810874462127686
1785278966.8177416,6900,1.3740099668502808
1785278967.0252616,6901,3.883477210998535
1785278967.2437756,6902,1.5779829025268555
1785278967.464201,6903,3.01597261428833
1785278967.8099341,6904,1.755880355834961
1785278968.218584,6905,1.672001600265503
1785278968.644167,6906,1.8052263259887695
1785278969.0299742,6907,1.4860694408416748
1785278969.4396377,6908,1.9784955978393555
1785278969.8089662,6909,2.6432013511657715
1785278970.018901,6910,1.3553777933120728
1785278970.2243128,6911,2.363051414489746
1785278970.432696,6912,1.870018482208252
1785278970.6544607,6913,2.5915944576263428
1785278970.861223,6914,1.5109468698501587
1785278971.0751407,6915,1.7758891582489014
1785278971.2872581,6916,1.719204068183899
1785278971.4938927,6917,1.8964582681655884
1785278971.7029467,6918,2.1476969718933105
1785278971.912264,6919,2.4357452392578125
1785278972.1287913,6920,1.6987066268920898
1785278972.3445568,6921,1.4375759363174438
1785278972.5787356,6922,1.6976577043533325
1785278972.788214,6923,2.214785099029541
1785278972.9940453,6924,1.5360440015792847
1785278973.2021976,6925,1.6093651056289673
1785278973.4452775,6926,1.3883392810821533
1785278973.650502,6927,1.5231801271438599
1785278973.8732018,6928,1.89286470413208
1785278974.0790222,6929,1.528518557548523
1785278974.2882397,6930,1.9897103309631348
1785278974.4979959,6931,1.7248716354370117
1785278974.7122257,6932,1.9067487716674805
1785278975.1083984,6933,1.6844053268432617
1785278975.512954,6934,2.584749221801758
1785278975.9005737,6935,1.4030412435531616
1785278976.304245,6936,1.4985370635986328
1785278976.5298145,6937,1.721798062324524
1785278976.738237,6938,1.4362308979034424
1785278976.9552677,6939,1.527302861213684
1785278977.1701,6940,2.3307461738586426
1785278977.3798099,6941,2.2895421981811523
1785278977.6083047,6942,2.2345657348632812
1785278977.8226488,6943,3.007297992706299
1785278978.0304778,6944,2.1021742820739746
1785278978.2460864,6945,1.5304322242736816
1785278978.4756052,6946,3.2357840538024902
1785278978.682053,6947,1.9855563640594482
1785278978.8919086,6948,1.5609655380249023
1785278979.0970283,6949,2.5680789947509766
1785278979.3124375,6950,3.6235601902008057
1785278979.5501852,6951,1.415325403213501
1785278979.7601876,6952,1.6768923997879028
1785278979.9860945,6953,1.2901856899261475
1785278980.2201006,6954,2.1939213275909424
1785278980.4314241,6955,1.4341031312942505
1785278980.6550782,6956,2.095513105392456
1785278980.8608763,6957,3.38796329498291
1785278981.0982938,6958,2.0215601921081543
1785278981.3039062,6959,1.5744216442108154
1785278981.5160725,6960,1.980749487876892
1785278981.7276177,6961,3.1137166023254395
1785278981.9359107,6962,3.1062045097351074
1785278982.1497755,6963,2.1255836486816406
1785278982.3571136,6964,1.7080769538879395
1785278982.5705497,6965,2.618074417114258
1785278982.7837625,6966,1.49736750125885
1785278983.006101,6967,2.050048828125
1785278983.2409227,6968,1.5679199695587158
1785278983.4465322,6969,2.093494415283203
1785278983.6533403,6970,2.0589325428009033
1785278983.8805847,6971,1.5321544408798218
1785278984.0920253,6972,1.5079621076583862
1785278984.3138852,6973,2.297281265258789
1785278984.532028,6974,1.3893184661865234
1785278984.73811,6975,1.4236301183700562
1785278984.9442017,6976,2.9689040184020996
1785278985.1978488,6977,2.2540555000305176
1785278985.5752132,6978,1.2932853698730469
1785278985.9669633,6979,1.7699073553085327
1785278986.347753,6980,2.682468891143799
1785278986.7536004,6981,2.5611066818237305
1785278987.1507268,6982,2.352222442626953
1785278987.42769,6983,2.217197895050049
1785278987.640412,6984,1.696016550064087
1785278987.853888,6985,2.3472900390625
1785278988.0737808,6986,1.7780259847640991
1785278988.27953,6987,1.68123459815979
1785278988.4843245,6988,1.8006256818771362
1785278988.6948788,6989,2.228520393371582
1785278988.9138064,6990,2.1644911766052246
1785278989.1401553,6991,1.7424405813217163
1785278989.3538647,6992,1.3913766145706177
1785278989.5744407,6993,2.542095422744751
1785278989.7904754,6994,3.2210488319396973
1785278989.9960654,6995,1.6031062602996826
1785278990.2046888,6996,2.2686593532562256
1785278990.413784,6997,2.1573715209960938
1785278990.6201138,6998,1.8993091583251953
1785278990.8256168,6999,2.092503547668457
1785278991.0359025,7000,1.5315930843353271
1785278991.24381,7001,2.2860450744628906
1785278991.4694154,7002,1.4162627458572388
1785278991.674029,7003,1.7905009984970093
1785278991.9040935,7004,2.042414426803589
1785278992.117217,7005,2.3209996223449707
1785278992.33938,7006,2.9020142555236816
1785278992.5658746,7007,1.7690297365188599
1785278992.776969,7008,1.6232422590255737
1785278992.993559,7009,2.363402843475342
1785278993.2161045,7010,2.096712350845337
1785278993.441314,7011,1.8063349723815918
1785278993.6539316,7012,1.9158951044082642
1785278994.0314817,7013,1.5791370868682861
1785278994.489968,7014,1.6237568855285645
1785278994.9379156,7015,1.6250941753387451
1785278995.325108,7016,3.716620445251465
1785278995.699802,7017,2.150456190109253
1785278995.9148686,7018,2.24853515625
1785278996.1257346,7019,2.833770275115967
1785278996.3367178,7020,1.7189362049102783
1785278996.5486615,7021,1.5825859308242798
1785278996.7730815,7022,2.203639030456543
1785278997.0191705,7023,3.3396475315093994
1785278997.233914,7024,1.71176278591156
1785278997.43708,7025,2.443264961242676
1785278997.6467187,7026,1.808593988418579
1785278997.8775492,7027,1.3866273164749146
1785278998.0881279,7028,2.060527801513672
1785278998.2967188,7029,1.534260869026184
1785278998.5078733,7030,1.8595845699310303
1785278998.717004,7031,1.3775854110717773
1785278998.9265456,7032,1.70573890209198
1785278999.17539,7033,2.6085803508758545
1785278999.3819678,7034,1.6371241807937622
1785278999.5861902,7035,1.5985547304153442
1785278999.8230715,7036,1.4751758575439453
1785279000.0377007,7037,2.4775359630584717
1785279000.2407906,7038,1.5195791721343994
1785279000.443919,7039,2.769773006439209
1785279000.668429,7040,1.362825870513916
1785279000.908749,7041,1.479838490486145
1785279001.25727,7042,1.7248014211654663
1785279001.7132843,7043,2.0050244331359863
1785279002.1590014,7044,2.4675042629241943
1785279002.5996995,7045,2.8307628631591797
1785279003.038411,7046,1.4756617546081543
1785279003.3477643,7047,1.913283109664917
1785279003.574364,7048,1.8423643112182617
1785279003.814447,7049,1.8795030117034912
1785279004.0578532,7050,2.590129852294922
1785279004.2912433,7051,1.5975134372711182
1785279004.5194626,7052,1.7566075325012207
1785279004.7828176,7053,1.4160326719284058
1785279005.0107102,7054,1.572481632232666
1785279005.2397614,7055,2.3667845726013184
1785279005.4598644,7056,1.5110033750534058
1785279005.6752572,7057,1.288845419883728
1785279005.8980043,7058,1.5608896017074585
1785279006.1168125,7059,2.6962242126464844
1785279006.3291838,7060,1.8414796590805054
1785279006.5421786,7061,2.122943878173828
1785279006.7671106,7062,1.3402577638626099
1785279007.003634,7063,1.5231906175613403
1785279007.2122872,7064,2.2837796211242676
1785279007.4267185,7065,2.727757215499878
1785279007.644644,7066,1.562785029411316
1785279007.9755583,7067,1.3493200540542603
1785279008.3543546,7068,1.4657374620437622
1785279008.79546,7069,1.6679174900054932
1785279009.2273455,7070,1.766869306564331
1785279009.6216743,7071,2.3935070037841797
1785279009.891401,7072,2.9848592281341553
1785279010.1123586,7073,1.839979887008667
1785279010.3479707,7074,2.924420118331909
1785279010.5504296,7075,1.4254670143127441
1785279010.7612755,7076,2.315232753753662
1785279010.968446,7077,2.3413538932800293
1785279011.175681,7078,2.0626978874206543
1785279011.378439,7079,2.2887794971466064
1785279011.5810814,7080,2.3929834365844727
1785279011.7864478,7081,1.5317397117614746
1785279011.9929318,7082,1.7695258855819702
1785279012.1963243,7083,2.2996573448181152
1785279012.4044287,7084,1.6079895496368408
1785279012.6083272,7085,2.8930044174194336
1785279012.8342736,7086,1.8684110641479492
1785279013.0383499,7087,2.309464454650879
1785279013.2439373,7088,3.132903575897217
1785279013.4647691,7089,2.0004076957702637
1785279013.6756506,7090,1.710218906402588
1785279013.8834624,7091,2.0842082500457764
1785279014.1189022,7092,2.337472438812256
1785279014.329736,7093,1.5498367547988892
1785279014.536319,7094,1.6201629638671875
1785279014.7555797,7095,1.709043264389038
1785279015.1707177,7096,1.6195474863052368
1785279015.5898645,7097,1.94156014919281
1785279016.0173368,7098,1.4662954807281494
1785279016.4332924,7099,2.6509876251220703
1785279016.7925968,7100,1.7153875827789307
1785279017.0216737,7101,1.784029483795166
1785279017.2330012,7102,2.5110034942626953
1785279017.4557967,7103,1.686680555343628
1785279017.661313,7104,2.254276752471924
1785279017.8821044,7105,2.2439935207366943
1785279018.0924718,7106,1.4912141561508179
1785279018.3294778,7107,1.726073980331421
1785279018.5397263,7108,1.457819938659668
1785279018.7447214,7109,2.0985090732574463
1785279018.9519606,7110,2.6356210708618164
1785279019.1633961,7111,1.6857211589813232
1785279019.3723106,7112,1.751882791519165
1785279019.5777967,7113,1.406633734703064
1785279019.7894483,7114,1.6973044872283936
1785279020.0056837,7115,1.793259859085083
1785279020.210351,7116,1.6615538597106934
1785279020.4197,7117,2.010244369506836
1785279020.630346,7118,1.4423127174377441
1785279020.8387551,7119,1.5018199682235718
1785279021.0759642,7120,2.204362392425537
1785279021.2814586,7121,1.4826889038085938
1785279021.512336,7122,1.6808347702026367
1785279021.7244856,7123,1.9116997718811035
1785279021.9420457,7124,1.8553792238235474
1785279022.1659253,7125,1.5538069009780884
1785279022.371901,7126,1.3030016422271729
1785279022.5810463,7127,1.8839168548583984
1785279022.8594398,7128,2.101889133453369
1785279023.273039,7129,1.6111171245574951
1785279023.6941864,7130,1.672957420349121
1785279024.097778,7131,1.5643737316131592
1785279024.4907587,7132,1.6872501373291016
1785279024.7941332,7133,1.6210565567016602
1785279024.9982698,7134,1.766059398651123
1785279025.2095573,7135,1.6223621368408203
1785279025.426075,7136,1.6481462717056274
1785279025.6574676,7137,1.6001402139663696
1785279025.8768938,7138,2.0307812690734863
1785279026.0826652,7139,1.5525224208831787
1785279026.291901,7140,1.4204707145690918
1785279026.514894,7141,1.5642423629760742
1785279026.7181764,7142,1.8606501817703247
1785279026.932339,7143,1.4638028144836426
1785279027.138742,7144,1.8247969150543213
1785279027.3457615,7145,2.2191085815429688
1785279027.5527818,7146,2.0746231079101562
1785279027.7591157,7147,1.7698158025741577
1785279027.963328,7148,2.8209266662597656
1785279028.1862216,7149,1.622023344039917
1785279028.4107623,7150,1.3429832458496094
1785279028.622502,7151,1.4838011264801025
1785279028.8461645,7152,1.5546663999557495
1785279029.0594404,7153,1.7558414936065674
1785279029.2702022,7154,1.935422658920288
1785279029.48108,7155,1.7980685234069824
1785279029.778905,7156,1.5542662143707275
1785279030.1860955,7157,2.302807092666626
1785279030.608268,7158,1.8771560192108154
1785279031.040943,7159,1.5862585306167603
1785279031.4684124,7160,1.3258273601531982
1785279031.8450565,7161,1.407376766204834
1785279032.054906,7162,2.2768287658691406
1785279032.2812612,7163,2.0394716262817383
1785279032.5044825,7164,2.1546173095703125
1785279032.7231083,7165,2.260673999786377
1785279032.9419832,7166,1.862600326538086
1785279033.1505873,7167,1.7327934503555298
1785279033.364833,7168,2.2351698875427246
1785279033.587207,7169,1.366102695465088
1785279033.800098,7170,1.6565496921539307
1785279034.0412087,7171,1.5426607131958008
1785279034.272554,7172,1.6328002214431763
1785279034.47875,7173,1.8796799182891846
1785279034.712276,7174,1.4342575073242188
1785279034.9187279,7175,1.2904503345489502
1785279035.1410677,7176,2.0645205974578857
1785279035.3717752,7177,2.436082124710083
1785279035.5824785,7178,2.311549186706543
1785279035.7891757,7179,1.9950647354125977
1785279036.0005546,7180,1.3631242513656616
1785279036.2130907,7181,2.248586893081665
1785279036.4250479,7182,1.9233283996582031
1785279036.6566973,7183,2.16266131401062
1785279036.864615,7184,2.1122078895568848
1785279037.1051435,7185,1.423442006111145
1785279037.329196,7186,1.4518537521362305
1785279037.6211183,7187,1.9937803745269775
1785279038.0103426,7188,1.8951101303100586
1785279038.4008317,7189,1.3214333057403564
1785279038.784664,7190,3.1287426948547363
1785279039.1739178,7191,2.4334750175476074
1785279039.448587,7192,1.575120449066162
1785279039.6726775,7193,1.3174545764923096
1785279039.8780565,7194,1.3789055347442627
1785279040.0940392,7195,1.7884585857391357
1785279040.3234005,7196,1.4919483661651611
1785279040.5337386,7197,1.899088978767395
1785279040.7399566,7198,1.8288111686706543
1785279040.9503393,7199,1.7453912496566772
1785279041.1653337,7200,1.52647066116333
1785279041.3766253,7201,1.576364278793335
1785279041.5874825,7202,2.0864696502685547
1785279041.8181534,7203,3.0667338371276855
1785279042.026963,7204,2.0357182025909424
1785279042.236836,7205,1.888828992843628
1785279042.4507766,7206,2.697864532470703
1785279042.6725276,7207,1.658661127090454
1785279042.8862877,7208,2.056713581085205
1785279043.12973,7209,1.832946538925171
1785279043.3360965,7210,1.4159631729125977
1785279043.5479429,7211,2.13936710357666
1785279043.7813704,7212,2.9747140407562256
1785279043.9966226,7213,1.6576693058013916
1785279044.2056327,7214,2.151383876800537
1785279044.411245,7215,2.7596569061279297
1785279044.6178524,7216,1.3498492240905762
1785279044.8371105,7217,1.612273097038269
1785279045.061328,7218,1.6395297050476074
1785279045.2768757,7219,1.7516374588012695
1785279045.4915595,7220,1.7494392395019531
1785279045.6989474,7221,1.83121919631958
1785279046.0829852,7222,1.8983992338180542
1785279046.465413,7223,1.8595043420791626
1785279046.8601315,7224,1.3609124422073364
1785279047.2425096,7225,1.780941128730774
1785279047.6273694,7226,1.3927054405212402
1785279047.8350844,7227,1.4336674213409424
1785279048.0566535,7228,1.433422565460205
1785279048.2610865,7229,1.5816376209259033
1785279048.47307,7230,2.0845015048980713
1785279048.6952386,7231,1.5031124353408813
1785279048.920517,7232,1.9128127098083496
1785279049.127369,7233,2.2726969718933105
1785279049.333798,7234,1.7155675888061523
1785279049.5430274,7235,1.5505218505859375
1785279049.7548294,7236,2.221324920654297
1785279049.9717999,7237,1.5912461280822754
1785279050.1784518,7238,2.6067891120910645
1785279050.3856583,7239,1.398805856704712
1785279050.606107,7240,1.9312384128570557
1785279050.832906,7241,1.5193862915039062
1785279051.0403798,7242,1.4233460426330566
1785279051.2505548,7243,2.5125133991241455
1785279051.4607632,7244,1.4484314918518066
1785279051.6852248,7245,1.8785979747772217
1785279051.9085915,7246,2.2621850967407227
1785279052.1287425,7247,2.094193696975708
1785279052.338925,7248,1.5106672048568726
1785279052.5492392,7249,3.095223903656006
1785279052.7597437,7250,1.838418960571289
1785279052.9748268,7251,2.588468074798584
1785279053.1851137,7252,1.46620774269104
1785279053.405245,7253,1.3706704378128052
1785279053.6118817,7254,1.5918209552764893
1785279053.8190296,7255,1.6649842262268066
1785279054.024175,7256,1.7070658206939697
1785279054.235498,7257,1.4369181394577026
1785279054.4474626,7258,1.5452110767364502
1785279054.656266,7259,1.4530236721038818
1785279054.8628619,7260,1.5708762407302856
1785279055.0706565,7261,1.3802205324172974
1785279055.3076932,7262,1.849136233329773
1785279055.5169747,7263,1.3870998620986938
1785279055.722788,7264,1.4748406410217285
1785279055.931049,7265,1.7027866840362549
1785279056.1433928,7266,1.8282618522644043
1785279056.3516507,7267,1.5620635747909546
1785279056.5622568,7268,1.6973817348480225
1785279056.778708,7269,1.540987253189087
1785279057.079687,7270,1.8647185564041138
1785279057.464347,7271,1.3146607875823975
1785279057.8550024,7272,2.3105764389038086
1785279058.2400718,7273,1.7235431671142578
1785279058.627486,7274,1.7457276582717896
1785279058.931015,7275,1.5446312427520752
1785279059.1373017,7276,2.1151089668273926
1785279059.350699,7277,2.1786489486694336
1785279059.5607524,7278,2.2010488510131836
1785279059.7803864,7279,1.6648696660995483
1785279059.9862628,7280,1.7373732328414917
1785279060.1936586,7281,1.712202548980713
1785279060.4194777,7282,1.4163856506347656
1785279060.625736,7283,1.7003929615020752
1785279060.876538,7284,2.4810049533843994
1785279061.0833597,7285,1.5115023851394653
1785279061.2897651,7286,3.0287539958953857
1785279061.499247,7287,1.8550536632537842
1785279061.7176287,7288,2.028075933456421
1785279061.943387,7289,1.7189717292785645
1785279062.1643484,7290,2.122587203979492
1785279062.3826213,7291,1.7486170530319214
1785279062.5905664,7292,2.118579864501953
1785279062.801375,7293,1.8614249229431152
1785279063.0097227,7294,1.7956759929656982
1785279063.251133,7295,1.321336269378662
1785279063.4601767,7296,2.1002197265625
1785279063.6689253,7297,1.6154494285583496
1785279063.8980849,7298,1.5464414358139038
1785279064.102468,7299,1.633047342300415
1785279064.3086693,7300,1.440029263496399
1785279064.5173113,7301,2.5026557445526123
1785279064.7353358,7302,1.850496768951416
1785279064.9479876,7303,1.4289581775665283
1785279065.1639426,7304,1.4166676998138428
1785279065.3772337,7305,1.9506313800811768
1785279065.6063945,7306,2.1803078651428223
1785279065.8263013,7307,1.6886513233184814
1785279066.0413315,7308,1.3776404857635498
1785279066.4412034,7309,1.9998524188995361
1785279066.8286684,7310,1.6199085712432861
1785279067.2178178,7311,1.3342268466949463
1785279067.65666,7312,2.0106589794158936
1785279067.9374049,7313,1.4472819566726685
1785279068.172467,7314,2.5528645515441895
1785279068.3847055,7315,2.5475523471832275
1785279068.5981553,7316,2.6463890075683594
1785279068.8038263,7317,1.7676000595092773
1785279069.0120573,7318,1.4744410514831543
1785279069.243984,7319,2.7788376808166504
1785279069.4495592,7320,1.7561290264129639
1785279069.6557763,7321,1.461211919784546
1785279069.864425,7322,1.2940720319747925
1785279070.0765207,7323,1.9540287256240845
1785279070.2892928,7324,1.3681387901306152
1785279070.5014565,7325,2.0918357372283936
1785279070.7067413,7326,1.844866394996643
1785279070.9387274,7327,2.3752312660217285
1785279071.1465404,7328,1.6482532024383545
1785279071.356577,7329,1.8216263055801392
1785279071.5639946,7330,1.575964331626892
1785279071.7690234,7331,1.8673897981643677
1785279071.9864564,7332,1.5882593393325806
1785279072.2080674,7333,1.7516804933547974
1785279072.4333913,7334,1.834162950515747
1785279072.6520336,7335,2.083907127380371
1785279072.8751698,7336,2.6200931072235107
1785279073.0878835,7337,1.2692664861679077
1785279073.298012,7338,1.856029748916626
1785279073.5046506,7339,1.7643996477127075
1785279073.7114012,7340,2.4526009559631348
1785279073.9267402,7341,2.286102771759033
1785279074.1384544,7342,1.7011778354644775
1785279074.3557696,7343,1.672170639038086
1785279074.5639565,7344,2.120102882385254
1785279074.7716782,7345,2.52032732963562
1785279074.9837143,7346,2.396245002746582
1785279075.1893213,7347,2.1182260513305664
1785279075.3998382,7348,1.3822927474975586
1785279075.7007213,7349,1.7594268321990967
1785279076.1088607,7350,1.3685736656188965
1785279076.5483923,7351,1.7402300834655762
1785279076.9467413,7352,2.0568878650665283
1785279077.366137,7353,1.5676718950271606
1785279077.6053615,7354,2.0323519706726074
1785279077.8187194,7355,2.309762954711914
1785279078.0265403,7356,1.6931140422821045
1785279078.2473826,7357,2.4303746223449707
1785279078.462084,7358,2.2563862800598145
1785279078.6767383,7359,1.7037553787231445
1785279078.885647,7360,1.6837058067321777
1785279079.098564,7361,1.3273192644119263
1785279079.3037124,7362,2.0986828804016113
1785279079.523052,7363,3.2202024459838867
1785279079.7347496,7364,2.0705747604370117
1785279079.9667287,7365,1.7326431274414062
1785279080.174881,7366,2.033099412918091
1785279080.3895738,7367,1.4848601818084717
1785279080.6002195,7368,1.5109763145446777
1785279080.8187933,7369,1.8243701457977295
1785279081.0317733,7370,2.0028724670410156
1785279081.2383447,7371,1.577077031135559
1785279081.4469223,7372,2.557035446166992
1785279081.6536434,7373,1.6896982192993164
1785279081.870843,7374,1.2821478843688965
1785279082.0953639,7375,1.3612494468688965
1785279082.3207533,7376,2.0403499603271484
1785279082.5316062,7377,1.9808380603790283
1785279082.7545679,7378,1.4889788627624512
1785279082.9645717,7379,1.284267783164978
1785279083.196625,7380,1.4786351919174194
1785279083.401429,7381,1.3160604238510132
1785279083.6217031,7382,1.8556855916976929
1785279083.8427427,7383,2.650287628173828
1785279084.0531905,7384,1.473828911781311
1785279084.2678525,7385,1.8491806983947754
1785279084.4891555,7386,1.3020365238189697
1785279084.7007728,7387,1.7414653301239014
1785279084.9096482,7388,2.2689714431762695
1785279085.1185021,7389,1.8405702114105225
1785279085.3443294,7390,1.6437193155288696
1785279085.5707293,7391,2.0588340759277344
1785279085.9606652,7392,1.3603928089141846
1785279086.3457615,7393,1.6578302383422852
1785279086.7324057,7394,1.6857236623764038
1785279087.2022521,7395,2.25300931930542
1785279087.4888458,7396,1.9788975715637207
1785279087.6932695,7397,1.5563714504241943
1785279087.9161358,7398,2.065419912338257
1785279088.1263423,7399,1.54866623878479
1785279088.3361716,7400,1.640268087387085
1785279088.5439267,7401,1.9309369325637817
1785279088.7559187,7402,1.5121761560440063
1785279088.96328,7403,2.305596351623535
1785279089.1684244,7404,1.3788506984710693
1785279089.3813252,7405,1.5518710613250732
1785279089.5903585,7406,1.7239080667495728
1785279089.8285806,7407,1.6426588296890259
1785279090.0412178,7408,1.6809403896331787
1785279090.2492604,7409,1.4544756412506104
1785279090.4756162,7410,1.582287073135376
1785279090.6830645,7411,2.1768977642059326
1785279090.8926947,7412,1.3655169010162354
1785279091.101166,7413,1.9607398509979248
1785279091.3207498,7414,1.9872832298278809
1785279091.5456085,7415,1.7659584283828735
1785279091.7588336,7416,1.5307475328445435
1785279091.9755194,7417,2.044121742248535
1785279092.1820998,7418,3.0534965991973877
1785279092.399413,7419,2.832087755203247
1785279092.6062129,7420,1.7430994510650635
1785279092.8164785,7421,1.481096625328064
1785279093.0273619,7422,1.9665169715881348
1785279093.2474523,7423,1.3659451007843018
1785279093.4896038,7424,1.7960474491119385
1785279093.7182996,7425,1.6898071765899658
1785279093.9510572,7426,1.4163339138031006
1785279094.1636224,7427,2.226581335067749
1785279094.3703604,7428,1.6703144311904907
1785279094.5787137,7429,2.3291420936584473
1785279094.7949111,7430,1.2762129306793213
1785279095.0160692,7431,2.0957727432250977
1785279095.2246103,7432,1.505657434463501
1785279095.4481351,7433,2.146233558654785
1785279095.6573668,7434,1.844919204711914
1785279095.9754395,7435,1.3943489789962769
1785279096.3614323,7436,1.4719383716583252
1785279096.7436702,7437,1.4551101922988892
1785279097.1434343,7438,3.5066351890563965
1785279097.5723372,7439,1.422086238861084
1785279097.952607,7440,1.9129605293273926
1785279098.157767,7441,1.481589913368225
1785279098.3667893,7442,1.5506422519683838
1785279098.600885,7443,2.260188102722168
1785279098.8210785,7444,2.7366573810577393
1785279099.0306094,7445,1.379656434059143
1785279099.2534428,7446,2.4184210300445557
1785279099.4701648,7447,2.0026092529296875
1785279099.6926894,7448,2.921147346496582
1785279099.903383,7449,2.205002784729004
1785279100.1394033,7450,1.5279757976531982
1785279100.3696017,7451,2.557220458984375
1785279100.5877953,7452,1.687532901763916
1785279100.8055222,7453,1.4692317247390747
1785279101.0142379,7454,2.6876022815704346
1785279101.222446,7455,1.7648158073425293
1785279101.4462528,7456,3.124403476715088
1785279101.6641378,7457,1.82555091381073
1785279101.8889346,7458,1.4494235515594482
1785279102.1080456,7459,2.025028705596924
1785279102.3195653,7460,1.9356770515441895
1785279102.5405107,7461,2.1266748905181885
1785279102.7663186,7462,1.903836965560913
1785279102.9909706,7463,1.5777440071105957
1785279103.2025406,7464,1.8841410875320435
1785279103.4244833,7465,1.929316520690918
1785279103.7118633,7466,1.3208941221237183
1785279104.1062047,7467,1.6521564722061157
1785279104.514291,7468,1.7961127758026123
1785279104.8957195,7469,1.6367192268371582
1785279105.2791455,7470,1.4622316360473633
1785279105.710024,7471,1.7656633853912354
1785279105.917253,7472,1.7902004718780518
1785279106.1258094,7473,1.408732533454895
1785279106.3400817,7474,1.6507099866867065
1785279106.5463345,7475,1.821751594543457
1785279106.7625837,7476,1.512427568435669
1785279106.981743,7477,2.912609577178955
1785279107.187708,7478,2.021545648574829
1785279107.4079676,7479,1.9793682098388672
1785279107.6367269,7480,2.3857812881469727
1785279107.8478594,7481,1.6206787824630737
1785279108.0749795,7482,1.6128027439117432
1785279108.294276,7483,1.6875
1785279108.5154185,7484,1.3983144760131836
1785279108.741657,7485,1.9876667261123657
1785279108.9485483,7486,1.6859532594680786
1785279109.1558743,7487,1.8937908411026
1785279109.3680072,7488,1.309456706047058
1785279109.5782838,7489,1.7862259149551392
1785279109.7902393,7490,1.578869104385376
1785279110.005822,7491,1.5592939853668213
1785279110.2242177,7492,1.6420238018035889
1785279110.4284542,7493,1.3099515438079834
1785279110.6382232,7494,1.40095055103302
1785279110.8439415,7495,1.3934980630874634
1785279111.0639806,7496,1.3740769624710083
1785279111.2812786,7497,2.3957481384277344
1785279111.488377,7498,1.3120548725128174
1785279111.7027447,7499,1.9226088523864746
1785279111.9114063,7500,1.533501148223877
1785279112.1191447,7501,2.6509287357330322
1785279112.3381288,7502,2.049487590789795
1785279112.5654552,7503,2.275010585784912
1785279112.806063,7504,2.643782138824463
1785279113.0207558,7505,1.770709753036499
1785279113.2275302,7506,1.4764074087142944
1785279113.4334931,7507,1.4329317808151245
1785279113.6444921,7508,1.3857260942459106
1785279113.8547883,7509,2.1256256103515625
1785279114.063915,7510,1.906066656112671
1785279114.4506407,7511,2.519026756286621
1785279114.8411615,7512,1.6667025089263916
1785279115.2311203,7513,1.3662617206573486
1785279115.6235747,7514,2.2272133827209473
1785279115.977694,7515,2.302793502807617
1785279116.1880496,7516,1.803717851638794
1785279116.3948712,7517,2.3279457092285156
1785279116.6047373,7518,1.5661340951919556
1785279116.8189652,7519,1.4753903150558472
1785279117.0237875,7520,2.1373581886291504
1785279117.2334354,7521,1.3505785465240479
1785279117.4483426,7522,1.9123568534851074
1785279117.656138,7523,1.5942829847335815
1785279117.8776984,7524,2.1856560707092285
1785279118.0964227,7525,1.3931159973144531
1785279118.301392,7526,1.6529979705810547
1785279118.521735,7527,1.7298675775527954
1785279118.7329938,7528,1.8559104204177856
1785279118.9535336,7529,1.5168009996414185
1785279119.1602046,7530,1.915833592414856
1785279119.3683553,7531,1.830803394317627
1785279119.6107185,7532,2.0843005180358887
1785279119.8221579,7533,1.602525234222412
1785279120.0424986,7534,1.5734866857528687
1785279120.250839,7535,2.04145884513855
1785279120.4614666,7536,1.9791018962860107
1785279120.6692348,7537,1.3495841026306152
1785279120.8928602,7538,2.179655075073242
1785279121.1196518,7539,2.7346646785736084
1785279121.3294404,7540,2.1079201698303223
1785279121.5538845,7541,1.8914036750793457
1785279121.7681053,7542,1.4940440654754639
1785279121.9765022,7543,1.6672320365905762
1785279122.1978514,7544,3.0554864406585693
1785279122.4041803,7545,1.4246430397033691
1785279122.6114,7546,1.28641676902771
1785279122.8202956,7547,1.6053149700164795
1785279123.029435,7548,1.9142720699310303
1785279123.2454174,7549,1.5593314170837402
1785279123.4523187,7550,1.4098681211471558
1785279123.659295,7551,1.9683794975280762
1785279123.8881886,7552,2.0371804237365723
1785279124.2728574,7553,2.385028839111328
1785279124.6506588,7554,2.184215784072876
1785279125.0516446,7555,1.5810805559158325
1785279125.4461157,7556,1.5242172479629517
1785279125.8395405,7557,1.3995370864868164
1785279126.044038,7558,1.5818949937820435
1785279126.262078,7559,2.1026699542999268
1785279126.471887,7560,2.177086353302002
1785279126.6911232,7561,2.1940505504608154
1785279126.8979824,7562,1.9473259449005127
1785279127.1057408,7563,2.4062256813049316
1785279127.317114,7564,1.7593084573745728
1785279127.541411,7565,1.5405607223510742
1785279127.750737,7566,2.849832534790039
1785279127.9635937,7567,1.4670593738555908
1785279128.1744058,7568,2.2078452110290527
1785279128.3994577,7569,2.5364975929260254
1785279128.6310356,7570,2.0824923515319824
1785279128.8484714,7571,1.8600801229476929
1785279129.0578644,7572,1.3391059637069702
1785279129.264722,7573,2.456479549407959
1785279129.4835405,7574,1.473010540008545
1785279129.7022512,7575,1.8371124267578125
1785279129.9447753,7576,4.095254898071289
1785279130.1632962,7577,1.8770852088928223
1785279130.3756866,7578,3.0523884296417236
1785279130.584584,7579,1.3554744720458984
1785279130.7932847,7580,1.3264341354370117
1785279131.0110402,7581,2.6197586059570312
1785279131.2280078,7582,1.4440193176269531
1785279131.4362268,7583,1.5062716007232666
1785279131.64519,7584,1.8344371318817139
1785279131.8532438,7585,1.8382216691970825
1785279132.0698678,7586,1.3634977340698242
1785279132.284594,7587,1.8723347187042236
1785279132.4942641,7588,1.4044841527938843
1785279132.703678,7589,1.552415132522583
1785279132.9251132,7590,2.2063167095184326
1785279133.1462517,7591,2.62955379486084
1785279133.3559692,7592,1.4106935262680054
1785279133.565567,7593,2.0437088012695312
1785279133.7878234,7594,2.063122034072876
1785279134.0289695,7595,1.9456357955932617
1785279134.3523533,7596,1.5811073780059814
1785279134.7592437,7597,1.4772188663482666
1785279135.2253213,7598,2.82314133644104
1785279135.6862044,7599,1.4850125312805176
1785279136.1120245,7600,2.3699951171875
1785279136.3329608,7601,1.7100567817687988
1785279136.5659938,7602,2.215010404586792
1785279136.7741954,7603,2.0296783447265625
1785279136.9889789,7604,1.606792688369751
1785279137.2278397,7605,1.6497026681900024
1785279137.4664292,7606,2.2478978633880615
1785279137.6849856,7607,1.3422269821166992
1785279137.902927,7608,2.2376084327697754
1785279138.1096163,7609,1.5053248405456543
1785279138.3191395,7610,1.7113823890686035
1785279138.5307758,7611,1.7456938028335571
1785279138.7425878,7612,1.8108854293823242
1785279138.9949987,7613,1.805847406387329
1785279139.2177732,7614,1.6184251308441162
1785279139.4300923,7615,2.402468681335449
1785279139.6456013,7616,1.599216341972351
1785279139.8994482,7617,1.9295002222061157
1785279140.1204464,7618,2.147653579711914
1785279140.3542411,7619,1.548936128616333
1785279140.57211,7620,2.004368782043457
1785279140.8067095,7621,2.0352797508239746
1785279141.0227928,7622,2.809174060821533
1785279141.2378838,7623,1.845689058303833
1785279141.4572642,7624,1.4556703567504883
1785279141.692963,7625,1.365695595741272
1785279142.157149,7626,1.6876709461212158
1785279142.5946069,7627,1.3887776136398315
1785279143.0036054,7628,1.8545509576797485
1785279143.4560952,7629,4.243886947631836
1785279143.735621,7630,1.8605351448059082
1785279143.950088,7631,1.4418201446533203
1785279144.16416,7632,1.435504674911499
1785279144.3821518,7633,2.3997998237609863
1785279144.5960996,7634,2.443373918533325
1785279144.8250146,7635,2.5889060497283936
1785279145.044706,7636,1.4170706272125244
1785279145.2733977,7637,1.5978516340255737
1785279145.4946418,7638,2.0914878845214844
1785279145.709737,7639,1.4273483753204346
1785279145.925952,7640,1.9647433757781982
1785279146.1390054,7641,1.5693655014038086
1785279146.3471696,7642,1.8529574871063232
1785279146.5607111,7643,2.5472922325134277
1785279146.774597,7644,1.8116909265518188
1785279146.988643,7645,1.9703919887542725
1785279147.1990626,7646,2.9073071479797363
1785279147.4064388,7647,1.790942668914795
1785279147.625692,7648,1.3803274631500244
1785279147.8379347,7649,2.115828037261963
1785279148.2618494,7650,2.348388671875
1785279148.6872146,7651,2.6301867961883545
1785279149.0833821,7652,1.5401324033737183
1785279149.4751122,7653,1.9559612274169922
1785279149.857996,7654,1.8691072463989258
1785279150.0671391,7655,1.9260976314544678
1785279150.2719355,7656,2.183772563934326
1785279150.4791093,7657,1.6702830791473389
1785279150.6872838,7658,1.6172878742218018
1785279150.900379,7659,1.6763370037078857
1785279151.1077323,7660,1.8891396522521973
1785279151.3153834,7661,2.222555160522461
1785279151.5306504,7662,1.3759607076644897
1785279151.742414,7663,1.9894096851348877
1785279151.9634745,7664,2.409191608428955
1785279152.1716175,7665,2.7454819679260254
1785279152.38001,7666,1.5283726453781128
1785279152.5925457,7667,2.44948148727417
1785279152.8048315,7668,1.8024730682373047
1785279153.0173507,7669,3.25734806060791
1785279153.2223425,7670,2.1035919189453125
1785279153.432355,7671,2.99837327003479
1785279153.660099,7672,1.55616295337677
1785279153.8730254,7673,2.5645267963409424
1785279154.0944986,7674,1.8425889015197754
1785279154.3097286,7675,2.227851390838623
1785279154.521938,7676,2.2241578102111816
1785279154.7296603,7677,2.3143835067749023
1785279154.9471796,7678,1.8052690029144287
1785279155.1509788,7679,1.3603951930999756
1785279155.3611302,7680,1.9944164752960205
1785279155.5763128,7681,1.5661191940307617
1785279155.783195,7682,1.5766093730926514
1785279155.989756,7683,1.6899406909942627
1785279156.2128685,7684,1.5397313833236694
1785279156.421194,7685,2.5863399505615234
1785279156.6317093,7686,3.3499155044555664
1785279156.848866,7687,2.2370572090148926
1785279157.135887,7688,1.6851685047149658
1785279157.5506725,7689,2.7764968872070312
1785279157.9371607,7690,1.3756616115570068
1785279158.3287106,7691,1.4468448162078857
1785279158.717818,7692,1.3284661769866943
1785279158.978512,7693,1.9831092357635498
1785279159.1964664,7694,2.5337061882019043
1785279159.40494,7695,2.148803949356079
1785279159.6150312,7696,1.7323418855667114
1785279159.8262799,7697,2.3712124824523926
1785279160.0753028,7698,2.0565385818481445
1785279160.284951,7699,2.4012069702148438
1785279160.4897497,7700,1.7520874738693237
1785279160.6954017,7701,1.9618693590164185
1785279160.9030504,7702,1.762191653251648
1785279161.1067593,7703,1.8137247562408447
1785279161.3246663,7704,1.6893070936203003
1785279161.5431764,7705,1.3704264163970947
1785279161.7728336,7706,1.411834478378296
1785279161.9865582,7707,1.8986396789550781
1785279162.2080112,7708,1.6138453483581543
1785279162.4154506,7709,2.309178352355957
1785279162.6239116,7710,1.8059260845184326
1785279162.8308716,7711,1.4648555517196655
1785279163.0337226,7712,1.822527527809143
1785279163.2380521,7713,2.4600892066955566
1785279163.448455,7714,1.502268671989441
1785279163.6528091,7715,1.4817707538604736
1785279163.8797157,7716,1.5173969268798828
1785279164.2623482,7717,3.7240779399871826
1785279164.6875072,7718,2.1000478267669678
1785279165.0781813,7719,2.158573627471924
1785279165.4933197,7720,1.8959558010101318
1785279165.946645,7721,2.19317626953125
1785279166.1925228,7722,1.5165553092956543
1785279166.4054177,7723,1.6456799507141113
1785279166.6164887,7724,2.7268869876861572
1785279166.8261302,7725,1.8264894485473633
1785279167.0474195,7726,2.1099653244018555
1785279167.2666082,7727,2.0062756538391113
1785279167.4759781,7728,1.5119305849075317
1785279167.6868367,7729,1.5773952007293701
1785279167.8990352,7730,2.1589913368225098
1785279168.1174383,7731,1.6905409097671509
1785279168.3506598,7732,1.562436819076538
1785279168.5664675,7733,1.5527489185333252
1785279168.7924151,7734,1.9207086563110352
1785279169.019768,7735,2.3428592681884766
1785279169.246631,7736,1.7924611568450928
1785279169.4748838,7737,1.367427945137024
1785279169.695364,7738,1.8363661766052246
1785279169.921364,7739,1.6097537279129028
1785279170.148522,7740,1.80314040184021
1785279170.377339,7741,2.0063278675079346
1785279170.588714,7742,1.4346154928207397
1785279170.7996304,7743,2.304102897644043
1785279171.0085278,7744,1.4136487245559692
1785279171.3288252,7745,1.4300085306167603
1785279171.7485995,7746,1.8047277927398682
1785279172.162625,7747,1.959352970123291
1785279172.5807433,7748,1.9493067264556885
1785279173.0063994,7749,1.7040529251098633
1785279173.2785304,7750,2.717770576477051
1785279173.499791,7751,1.6720707416534424
1785279173.7304466,7752,1.6955642700195312
1785279173.9701836,7753,2.3690695762634277
1785279174.1836135,7754,1.4467295408248901
1785279174.4006214,7755,1.6144710779190063
1785279174.6225753,7756,1.6067545413970947
1785279174.8347428,7757,1.9128661155700684
1785279175.0470562,7758,2.170271873474121
1785279175.2721496,7759,1.3348196744918823
1785279175.4790273,7760,1.437239170074463
1785279175.7010934,7761,1.2834984064102173
1785279175.9284046,7762,1.8118252754211426
1785279176.1406217,7763,1.8993380069732666
1785279176.3715215,7764,1.5791505575180054
1785279176.5880497,7765,1.976905107498169
1785279176.8022945,7766,1.5403861999511719
1785279177.0206327,7767,1.345121145248413
1785279177.2436059,7768,1.416447639465332
1785279177.4647598,7769,1.466629981994629
1785279177.6814237,7770,2.372819423675537
1785279177.9304032,7771,1.4131654500961304
1785279178.3701394,7772,2.0534627437591553
1785279178.770625,7773,1.357297420501709
1785279179.1837232,7774,1.6199662685394287
1785279179.6115732,7775,1.6922543048858643
1785279179.9257126,7776,1.3709220886230469
1785279180.1379747,7777,2.3508141040802
1785279180.3520164,7778,1.795992136001587
1785279180.5715415,7779,1.3944429159164429
1785279180.784749,7780,3.0917716026306152
1785279180.9905527,7781,1.9718856811523438
1785279181.2131712,7782,1.6675114631652832
1785279181.4215739,7783,1.855931282043457
1785279181.639373,7784,1.6758887767791748
1785279181.8551486,7785,1.3111228942871094
1785279182.064184,7786,1.6641947031021118
1785279182.2756455,7787,2.137871265411377
1785279182.4821064,7788,1.2947957515716553
1785279182.6920366,7789,1.9123377799987793
1785279182.9180598,7790,1.6897274255752563
1785279183.1361206,7791,1.3358958959579468
1785279183.359906,7792,1.410723090171814
1785279183.5886955,7793,2.304807186126709
1785279183.7983723,7794,1.489113211631775
1785279184.0310364,7795,1.2871811389923096
1785279184.246956,7796,2.1230411529541016
1785279184.4583676,7797,2.207362174987793
1785279184.6744173,7798,1.7767655849456787
1785279184.893446,7799,1.2926232814788818
1785279185.2866824,7800,2.2165489196777344
1785279185.7030065,7801,1.7435059547424316
1785279186.0993567,7802,1.5549434423446655
1785279186.5144923,7803,1.3662598133087158
1785279186.926724,7804,1.3967407941818237
1785279187.182965,7805,1.6785117387771606
1785279187.391664,7806,1.4580265283584595
1785279187.6020725,7807,1.4023725986480713
1785279187.819076,7808,1.9118781089782715
1785279188.0334694,7809,1.3271551132202148
1785279188.2578084,7810,1.8460170030593872
1785279188.4680464,7811,1.6678740978240967
1785279188.6816456,7812,1.4731125831604004
1785279188.8924634,7813,1.5967944860458374
1785279189.1016448,7814,2.1135125160217285
1785279189.3066673,7815,1.9387807846069336
1785279189.5130403,7816,1.3418956995010376
1785279189.7236347,7817,1.9991493225097656
1785279189.9352498,7818,1.8555104732513428
1785279190.150384,7819,1.4133319854736328
1785279190.3598862,7820,1.3035738468170166
1785279190.5820973,7821,2.682828426361084
1785279190.7905152,7822,1.6447923183441162
1785279190.9982114,7823,1.3880457878112793
1785279191.204966,7824,1.8435845375061035
1785279191.4270856,7825,1.76444411277771
1785279191.6706305,7826,1.7901389598846436
1785279191.89115,7827,1.4879679679870605
1785279192.1086116,7828,1.8585209846496582
1785279192.330284,7829,1.5517499446868896
1785279192.5434864,7830,1.3363109827041626
1785279192.7728608,7831,2.4234957695007324
1785279192.9818428,7832,1.534494161605835
1785279193.2057729,7833,1.4332301616668701
1785279193.4137535,7834,2.051143169403076
1785279193.622131,7835,1.7059789896011353
1785279193.830752,7836,1.3805540800094604
1785279194.0430653,7837,1.451005220413208
1785279194.2780578,7838,1.6402266025543213
1785279194.5160913,7839,3.380533456802368
1785279194.7315254,7840,1.9311034679412842
1785279195.1554925,7841,1.708738923072815
1785279195.6165564,7842,1.5131241083145142
1785279196.071498,7843,2.392073631286621
1785279196.5151649,7844,1.3140130043029785
1785279196.7229302,7845,1.5862188339233398
1785279196.94021,7846,1.5575613975524902
1785279197.1518724,7847,2.0261669158935547
1785279197.3716552,7848,1.6474965810775757
1785279197.588514,7849,1.3873885869979858
1785279197.7969,7850,1.3583766222000122
1785279198.020385,7851,1.5070250034332275
1785279198.231606,7852,1.4680697917938232
1785279198.4409876,7853,1.5460598468780518
1785279198.6526172,7854,1.4687203168869019
1785279198.8670142,7855,1.454024076461792
1785279199.0765615,7856,1.6034828424453735
1785279199.2841818,7857,1.7614681720733643
1785279199.4948251,7858,1.522437334060669
1785279199.7221022,7859,1.338363766670227
1785279199.9490767,7860,2.70450496673584
1785279200.1907558,7861,2.1420481204986572
1785279200.421067,7862,2.2283265590667725
1785279200.6380944,7863,1.2830926179885864
1785279200.8483224,7864,1.9383912086486816
1785279201.0589402,7865,1.4905822277069092
1785279201.2713518,7866,1.3506742715835571
1785279201.4806101,7867,2.4950854778289795
1785279201.697626,7868,1.9640229940414429
1785279202.0467346,7869,1.520585298538208
1785279202.4682934,7870,1.6265616416931152
1785279202.9062388,7871,2.4519248008728027
1785279203.3302736,7872,1.8919880390167236
1785279203.7542324,7873,1.8757845163345337
1785279204.0282931,7874,1.5026044845581055
1785279204.2382498,7875,1.866389513015747
1785279204.4469688,7876,2.548224925994873
1785279204.6640801,7877,2.081887722015381
1785279204.885599,7878,1.4612195491790771
1785279205.123123,7879,1.6375229358673096
1785279205.336585,7880,1.8169862031936646
1785279205.5505605,7881,1.9037226438522339
1785279205.8012269,7882,2.3275413513183594
1785279206.018831,7883,1.5017746686935425
1785279206.2334642,7884,1.8860981464385986
1785279206.445515,7885,1.5319404602050781
1785279206.657332,7886,1.3303005695343018
1785279206.8658767,7887,2.090055465698242
1785279207.0794718,7888,1.3570294380187988
1785279207.2889438,7889,1.5852646827697754
1785279207.5005133,7890,1.8147727251052856
1785279207.7201269,7891,1.6093473434448242
1785279207.9433887,7892,1.66123366355896
1785279208.1566548,7893,1.7590694427490234
1785279208.3768806,7894,2.2079660892486572
1785279208.5833695,7895,2.678194046020508
1785279208.8980753,7896,1.7412080764770508
1785279209.2803986,7897,1.7842824459075928
1785279209.7093349,7898,2.0355260372161865
1785279210.0989547,7899,1.6772193908691406
1785279210.4922597,7900,1.552741289138794
1785279210.7485666,7901,2.7007741928100586
1785279210.9626834,7902,2.3217287063598633
1785279211.183173,7903,1.9749410152435303
1785279211.4037209,7904,1.3335069417953491
1785279211.6149242,7905,3.440293312072754
1785279211.8508754,7906,1.5115623474121094
1785279212.0814285,7907,1.769923210144043
1785279212.2994149,7908,1.6213492155075073
1785279212.506916,7909,1.5366381406784058
1785279212.7384222,7910,1.8836365938186646
1785279212.9865122,7911,1.5730375051498413
1785279213.2234046,7912,2.2547812461853027
1785279213.436593,7913,1.6734851598739624
1785279213.6732197,7914,2.037017583847046
1785279213.8930147,7915,2.0165998935699463
1785279214.106172,7916,2.111250400543213
1785279214.318659,7917,2.1374032497406006
1785279214.547975,7918,2.5206897258758545
1785279214.763747,7919,2.100605010986328
1785279215.021966,7920,1.6093673706054688
1785279215.5017242,7921,1.4584388732910156
1785279215.9361298,7922,1.7962801456451416
1785279216.3437634,7923,1.3338451385498047
1785279216.7618122,7924,2.4648587703704834
1785279217.0272322,7925,1.7389581203460693
1785279217.2482126,7926,1.981433629989624
1785279217.454917,7927,1.3275002241134644
1785279217.667531,7928,2.1137094497680664
1785279217.8764544,7929,1.7268725633621216
1785279218.108061,7930,1.8660578727722168
1785279218.3172266,7931,2.6836354732513428
1785279218.5267699,7932,1.6893227100372314
1785279218.7547266,7933,1.4646813869476318
1785279218.9869862,7934,2.429058074951172
1785279219.2790766,7935,1.5808632373809814
1785279219.5856252,7936,1.8863847255706787
1785279219.9403672,7937,1.7579480409622192
1785279220.543624,7938,1.3590840101242065
1785279221.1447034,7939,1.4004693031311035
1785279221.7993605,7940,2.6684114933013916
1785279222.3064377,7941,2.0132715702056885
1785279222.8765206,7942,1.750624656677246
1785279223.384821,7943,1.5054352283477783
1785279223.8632777,7944,1.7604234218597412
1785279224.3655555,7945,1.4240058660507202
1785279224.9713461,7946,1.54581880569458
1785279225.3174648,7947,1.5356577634811401
1785279225.719025,7948,1.63274085521698
1785279226.0041518,7949,1.9594862461090088
1785279226.2861955,7950,1.788878083229065
1785279226.5957322,7951,1.3472347259521484
1785279226.9300106,7952,1.7371129989624023
1785279227.400978,7953,2.3922805786132812
1785279227.960439,7954,1.8476362228393555
1785279228.4629936,7955,1.8975000381469727
1785279229.0251598,7956,1.3298583030700684
1785279229.5072062,7957,1.6540992259979248
1785279229.825876,7958,2.3843393325805664
1785279230.0707853,7959,1.5206725597381592
1785279230.3387725,7960,2.050433874130249
1785279230.6028097,7961,1.4623241424560547
1785279230.8763025,7962,1.5798320770263672
1785279231.195694,7963,1.28328275680542
1785279231.5019445,7964,1.4092069864273071
1785279231.7892098,7965,1.3639981746673584
1785279232.062599,7966,1.3421971797943115
1785279232.3079863,7967,1.6547737121582031
1785279232.7470589,7968,1.70521879196167
1785279233.1927958,7969,2.218508243560791
1785279233.6596618,7970,2.039485216140747
1785279234.1541805,7971,2.1813955307006836
1785279234.610256,7972,1.5199713706970215
1785279234.9511235,7973,1.5233275890350342
1785279235.1797166,7974,1.689239501953125
1785279235.4394548,7975,1.5607508420944214
1785279235.686677,7976,1.5255365371704102
1785279235.9292586,7977,1.5668420791625977
1785279236.194923,7978,1.762742280960083
1785279236.4413955,7979,1.6923295259475708
1785279236.69236,7980,1.6475657224655151
1785279236.9306965,7981,1.863898515701294
1785279237.2076263,7982,1.455890417098999
1785279237.4629602,7983,1.6611292362213135
1785279237.721708,7984,1.623491644859314
1785279237.9750278,7985,2.3761675357818604
1785279238.2186043,7986,1.9584791660308838
1785279238.553851,7987,2.107572078704834
1785279239.047175,7988,2.318617343902588
1785279239.5245323,7989,1.4215948581695557
1785279239.9573915,7990,2.4185526371002197
1785279240.3360088,7991,1.407859444618225
1785279240.5614917,7992,1.9765117168426514
1785279240.7887034,7993,1.8453195095062256
1785279241.0016968,7994,2.39918851852417
1785279241.2207766,7995,1.3350976705551147
1785279241.4512675,7996,1.555429458618164
1785279241.6692555,7997,1.4440973997116089
1785279241.8795125,7998,1.4139972925186157
1785279242.0984316,7999,2.6861793994903564
1785279242.3124595,8000,2.4395194053649902
1785279242.531105,8001,1.308669924736023
1785279242.7368371,8002,2.003314971923828
1785279242.951609,8003,1.411850929260254
1785279243.1674278,8004,1.9157156944274902
1785279243.388706,8005,2.594514846801758
1785279243.5994766,8006,1.4885783195495605
1785279243.8049405,8007,2.155517578125
1785279244.0359957,8008,1.4612144231796265
1785279244.243165,8009,1.995044231414795
1785279244.4565444,8010,1.3925241231918335
1785279244.6674778,8011,1.4163053035736084
1785279244.8754954,8012,2.4295873641967773
1785279245.084099,8013,2.0539627075195312
1785279245.2927458,8014,1.8821322917938232
1785279245.5081232,8015,1.3474234342575073
1785279245.715304,8016,2.395285129547119
1785279245.9212117,8017,2.385061264038086
1785279246.1268878,8018,1.7381653785705566
1785279246.381119,8019,1.710618495941162
1785279246.5971234,8020,3.434481620788574
1785279246.8171523,8021,1.8693592548370361
1785279247.048081,8022,2.2198312282562256
1785279247.2663672,8023,1.5194283723831177
1785279247.4861856,8024,1.772788166999817
1785279247.692623,8025,1.516046404838562
1785279247.9083064,8026,2.160137176513672
1785279248.1155858,8027,1.9184691905975342
1785279248.3249729,8028,1.733811378479004
1785279248.533103,8029,1.622612476348877
1785279248.740392,8030,1.8860037326812744
1785279248.9735768,8031,1.9163932800292969
1785279249.1827707,8032,2.492434501647949
1785279249.3896976,8033,2.196376323699951
1785279249.645277,8034,1.3034836053848267
1785279250.0841303,8035,1.3668510913848877
1785279250.4847913,8036,2.2004482746124268
1785279250.8987343,8037,1.6239759922027588
1785279251.3003669,8038,1.667718768119812
1785279251.7377207,8039,1.615355134010315
1785279251.9507189,8040,1.5795451402664185
1785279252.1750796,8041,1.8552395105361938
1785279252.389432,8042,2.099736452102661
1785279252.5969152,8043,2.44077205657959
1785279252.8178132,8044,1.5964927673339844
1785279253.0231347,8045,1.8176859617233276
1785279253.2314835,8046,1.4636383056640625
1785279253.4366176,8047,1.37032949924469
1785279253.6476412,8048,1.680790662765503
1785279253.8614795,8049,2.2099356651306152
1785279254.0707774,8050,1.3246057033538818
1785279254.2840726,8051,1.6858322620391846
1785279254.5000193,8052,1.3498079776763916
1785279254.711595,8053,1.9473724365234375
1785279254.9237502,8054,1.3562580347061157
1785279255.1380396,8055,1.5699431896209717
1785279255.3680468,8056,1.7562527656555176
1785279255.5753672,8057,1.5871715545654297
1785279255.7816827,8058,2.7396469116210938
1785279255.990913,8059,1.4977113008499146
1785279256.2054677,8060,1.2947111129760742
1785279256.4097357,8061,2.243574619293213
1785279256.6165287,8062,1.53670334815979
1785279256.8410983,8063,2.6186108589172363
1785279257.0621374,8064,1.6023533344268799
1785279257.292701,8065,1.6233242750167847
1785279257.5032833,8066,1.7577009201049805
1785279257.7202754,8067,1.4738469123840332
1785279257.9817302,8068,1.626542568206787
1785279258.2099931,8069,1.4496314525604248
1785279258.4783285,8070,1.787380337715149
1785279258.9004447,8071,1.6912604570388794
1785279259.2947369,8072,1.8081214427947998
1785279259.7639456,8073,2.1465606689453125
1785279260.2666862,8074,1.5580382347106934
1785279260.5459578,8075,1.4344648122787476
1785279260.772378,8076,1.7801299095153809
1785279260.9828925,8077,2.009859561920166
1785279261.221753,8078,1.9827158451080322
1785279261.4314005,8079,1.7199091911315918
1785279261.6611757,8080,1.7489204406738281
1785279261.8664696,8081,1.671807050704956
1785279262.0836604,8082,1.4907724857330322
1785279262.2975447,8083,2.9050099849700928
1785279262.5151336,8084,2.038438081741333
1785279262.7379117,8085,1.9723142385482788
1785279262.9699278,8086,1.4472062587738037
1785279263.188552,8087,2.087681531906128
1785279263.4086337,8088,1.985316276550293
1785279263.6156528,8089,1.7247345447540283
1785279263.832284,8090,1.8683435916900635
1785279264.0598009,8091,1.6542314291000366
1785279264.2773724,8092,1.4772299528121948
1785279264.5003724,8093,1.7592207193374634
1785279264.7105148,8094,2.0364327430725098
1785279264.9271846,8095,1.3087694644927979
1785279265.245785,8096,1.5973423719406128
1785279265.6727197,8097,1.5198636054992676
1785279266.0839252,8098,1.5116972923278809
1785279266.5827935,8099,1.9349074363708496
1785279267.0197062,8100,1.3316625356674194
1785279267.363679,8101,1.44343900680542
1785279267.5961094,8102,3.9123687744140625
1785279267.8126519,8103,1.3522922992706299
1785279268.0303936,8104,2.0074286460876465
1785279268.24561,8105,1.2743000984191895
1785279268.4525433,8106,1.7004992961883545
1785279268.6781895,8107,1.459259033203125
1785279268.8923664,8108,2.0921883583068848
1785279269.1080167,8109,1.8610154390335083
1785279269.3212428,8110,2.765320301055908
1785279269.5389688,8111,1.6996088027954102
1785279269.7529306,8112,1.8391079902648926
1785279269.9683635,8113,1.6729801893234253
1785279270.233528,8114,1.3836979866027832
1785279270.497257,8115,1.864531397819519
1785279270.7134318,8116,1.4355000257492065
1785279270.9447415,8117,1.983842134475708
1785279271.1684422,8118,1.806532859802246
1785279271.4948506,8119,1.64910888671875
1785279271.8964932,8120,3.817502737045288
1785279272.3669534,8121,1.33140230178833
1785279272.8460174,8122,1.7322604656219482
1785279273.2890677,8123,2.147850751876831
1785279273.7237241,8124,1.445768117904663
1785279273.9783041,8125,2.4915530681610107
1785279274.193159,8126,1.3941572904586792
1785279274.4568217,8127,1.398209571838379
1785279274.7098124,8128,2.1679043769836426
1785279274.9281213,8129,2.078643560409546
1785279275.1643858,8130,1.6448756456375122
1785279275.4090347,8131,1.316658854484558
1785279275.6850119,8132,2.145862102508545
1785279275.939189,8133,1.5495339632034302
1785279276.1879816,8134,2.076935291290283
1785279276.4523814,8135,1.5874836444854736
1785279276.898994,8136,1.4856265783309937
1785279277.3541756,8137,1.32718026638031
1785279277.7644546,8138,2.0553293228149414
1785279278.2154388,8139,1.8713669776916504
1785279278.576445,8140,1.6928796768188477
1785279278.8100455,8141,1.4846820831298828
1785279279.0861623,8142,1.4960370063781738
1785279279.3412583,8143,1.5790295600891113
1785279279.5932121,8144,1.4638829231262207
1785279279.8167558,8145,1.328226923942566
1785279280.0627003,8146,1.8819619417190552
1785279280.3053992,8147,2.3722236156463623
1785279280.547324,8148,1.948289155960083
1785279280.8821795,8149,1.3479033708572388
1785279281.3340118,8150,1.6963905096054077
1785279281.8562095,8151,2.555349349975586
1785279282.3087144,8152,1.817854642868042
1785279282.8052316,8153,1.5531543493270874
1785279283.1179152,8154,1.3413935899734497
1785279283.3216293,8155,1.8932757377624512
1785279283.5407867,8156,3.146245002746582
1785279283.8659132,8157,1.5056463479995728
1785279284.0985296,8158,1.8493348360061646
1785279284.3295135,8159,1.789276123046875
1785279284.5568225,8160,1.6988489627838135
1785279284.7945054,8161,2.3907077312469482
1785279285.0370524,8162,1.3815875053405762
1785279285.3240926,8163,2.4732699394226074
1785279285.8090696,8164,1.85514497756958
1785279286.2364266,8165,1.8585268259048462
1785279286.6743042,8166,3.4962730407714844
1785279287.121481,8167,1.299399733543396
1785279287.6116807,8168,1.755886435508728
1785279287.9308953,8169,1.9469633102416992
1785279288.1624177,8170,2.3667685985565186
1785279288.4401336,8171,2.0218427181243896
1785279288.6926777,8172,2.955998182296753
1785279288.906424,8173,1.3209984302520752
1785279289.159311,8174,2.0101284980773926
1785279289.386655,8175,1.742476463317871
1785279289.6330059,8176,1.4448251724243164
1785279289.8609219,8177,1.46271812915802
1785279290.0904725,8178,1.9314005374908447
1785279290.3258612,8179,3.755478858947754
1785279290.5914335,8180,2.5072243213653564
1785279290.9540737,8181,1.2713993787765503
1785279291.3881066,8182,1.8725576400756836
1785279291.8623967,8183,1.5535025596618652
1785279292.2773497,8184,2.016381025314331
1785279292.6775253,8185,1.444343090057373
1785279293.0591187,8186,1.3749641180038452
1785279293.2713892,8187,2.0993947982788086
1785279293.507735,8188,1.6735222339630127
1785279293.7395391,8189,1.528263807296753
1785279293.951471,8190,1.9599612951278687
1785279294.1835809,8191,1.479797124862671
1785279294.434786,8192,1.8043513298034668
1785279294.6559289,8193,2.003321886062622
1785279294.8812451,8194,2.2448348999023438
1785279295.095645,8195,1.8052998781204224
1785279295.3227751,8196,1.3663526773452759
1785279295.537815,8197,1.9696040153503418
1785279295.7520916,8198,1.9170836210250854
1785279295.9736621,8199,1.583153486251831
1785279296.1787195,8200,1.6326180696487427
1785279296.3975806,8201,1.5623552799224854
1785279296.6063895,8202,2.5627150535583496
1785279296.8172917,8203,1.4297579526901245
1785279297.1227813,8204,1.451514482498169
1785279297.5495257,8205,2.041411876678467
1785279297.9575255,8206,1.809954285621643
1785279298.381591,8207,2.7107954025268555
1785279298.8826709,8208,1.3576167821884155
1785279299.3348463,8209,1.2993111610412598
1785279299.6479053,8210,1.6153956651687622
1785279299.9156344,8211,1.683759331703186
1785279300.131524,8212,1.380231499671936
1785279300.3433423,8213,1.906944751739502
1785279300.5728912,8214,2.746190071105957
1785279300.8290756,8215,1.841304063796997
1785279301.0804777,8216,2.11153507232666
1785279301.427406,8217,1.3230445384979248
1785279301.9563067,8218,1.717668056488037
1785279302.402261,8219,1.538165807723999
1785279302.8708541,8220,1.3359980583190918
1785279303.335162,8221,1.3059756755828857
1785279303.7444224,8222,1.3488671779632568
1785279304.1888144,8223,2.3069238662719727
1785279304.6104403,8224,1.6058082580566406
1785279305.047307,8225,1.4317485094070435
1785279305.4641693,8226,1.7921695709228516
1785279305.7870052,8227,1.9123969078063965
1785279306.0148954,8228,2.4445242881774902
1785279306.2408679,8229,1.522976040840149
1785279306.4977193,8230,2.139469861984253
1785279306.7257433,8231,1.6268707513809204
1785279306.9661171,8232,2.009345531463623
1785279307.2037473,8233,1.3565888404846191
1785279307.5411396,8234,2.2023611068725586
1785279307.9803913,8235,1.9848508834838867
1785279308.4104602,8236,1.8051948547363281
1785279308.8547847,8237,1.8861291408538818
1785279309.3126888,8238,2.1279263496398926
1785279309.741788,8239,1.4575200080871582
1785279310.1976738,8240,2.047137975692749
1785279310.7180104,8241,2.3035125732421875
1785279311.1874983,8242,1.348319411277771
1785279311.672838,8243,3.4324352741241455
1785279312.126118,8244,1.4702590703964233
1785279312.620935,8245,1.7011446952819824
1785279313.117795,8246,1.4732537269592285
1785279313.606613,8247,3.4241089820861816
1785279314.0664158,8248,1.869267225265503
1785279314.600202,8249,2.511881113052368
1785279315.149073,8250,1.7589688301086426
1785279315.6312542,8251,1.7372733354568481
1785279316.1871626,8252,1.661453127861023
1785279316.7157655,8253,2.792849063873291
1785279317.2227197,8254,1.72349214553833
1785279317.7193222,8255,1.4285849332809448
1785279318.256782,8256,1.9735360145568848
1785279318.714041,8257,1.7815747261047363
1785279319.253847,8258,1.725968837738037
1785279319.7883172,8259,1.6837204694747925
1785279320.2705321,8260,1.3498497009277344
1785279320.7551956,8261,2.1096296310424805
1785279321.25175,8262,1.5300862789154053
1785279321.7772696,8263,2.950932502746582
1785279322.2922645,8264,2.3303534984588623
1785279322.8102448,8265,2.3131744861602783
1785279323.3440895,8266,1.513869285583496
1785279323.889982,8267,1.489469289779663
1785279324.4212618,8268,1.72110116481781
1785279324.9439874,8269,3.916229009628296
1785279325.4099336,8270,1.8199496269226074
1785279325.858089,8271,2.155414581298828
1785279326.2857115,8272,2.0520730018615723
1785279326.7996833,8273,2.925686836242676
1785279327.294559,8274,3.2541937828063965
1785279327.7612786,8275,2.0582027435302734
1785279328.1765091,8276,1.4901173114776611
1785279328.618172,8277,1.7926297187805176
1785279329.052495,8278,1.4510414600372314
1785279329.53696,8279,2.3825440406799316
1785279330.208242,8280,1.4387203454971313
1785279332.3585966,8281,1.524882435798645
1785279333.720602,8282,1.738356351852417
1785279334.1337922,8283,2.0501790046691895
1785279334.5340238,8284,1.3516281843185425
1785279334.949149,8285,1.4678471088409424
1785279336.6086228,8286,1.4988207817077637
1785279338.731181,8287,1.5387327671051025
1785279341.0071774,8288,1.4105422496795654
1785279343.4759314,8289,2.0810070037841797
1785279346.014511,8290,1.5631077289581299
1785279348.7909143,8291,2.350234031677246
1785279351.3812058,8292,1.8610234260559082
1785279353.8637865,8293,1.7735981941223145
1785279356.5093567,8294,1.719647765159607
1785279358.883897,8295,1.7292332649230957
1785279361.3028424,8296,1.6689268350601196
1785279363.5969481,8297,1.3487889766693115
1785279366.201899,8298,2.5287246704101562
1785279368.4709682,8299,1.6937081813812256
1785279371.2540712,8300,1.6829302310943604
1785279373.9874597,8301,3.0752124786376953
1785279376.6564052,8302,1.7077338695526123
1785279379.22369,8303,1.665688157081604
1785279382.1908276,8304,2.700542449951172
1785279384.640351,8305,1.3292171955108643
1785279387.184053,8306,1.4149900674819946
1785279389.343365,8307,1.4233425855636597
1785279391.4054816,8308,1.708327054977417
1785279393.564208,8309,1.8744548559188843
1785279395.6956174,8310,1.4183309078216553
1785279397.7527885,8311,1.7812752723693848
1785279399.8151941,8312,1.7542970180511475
1785279401.9108212,8313,1.3503148555755615
1785279404.1620955,8314,1.6533763408660889
1785279406.306262,8315,1.2712225914001465
1785279408.3733113,8316,1.6648099422454834
1785279410.4744983,8317,1.7850230932235718
1785279413.081835,8318,1.3299362659454346
1785279415.7057106,8319,2.2976016998291016
1785279417.7514634,8320,1.3649498224258423
1785279419.7567716,8321,1.6316105127334595
1785279421.8012533,8322,1.2847360372543335
1785279423.891082,8323,1.3712197542190552
1785279425.9340084,8324,1.8021790981292725
1785279428.0871503,8325,1.475498914718628
1785279428.8249083,8326,1.6415700912475586
1785279429.2874043,8327,1.2730770111083984
1785279429.792746,8328,2.3669183254241943
1785279430.2537746,8329,1.7564735412597656
1785279430.7143795,8330,2.4250094890594482
1785279431.1817093,8331,1.426991581916809
1785279431.686021,8332,2.0119316577911377
1785279432.0751586,8333,2.620107889175415
1785279432.4650064,8334,1.5886890888214111
1785279432.8484695,8335,1.3527183532714844
1785279433.2483766,8336,1.9931294918060303
1785279433.6445005,8337,1.9227619171142578
1785279434.070684,8338,1.7713325023651123
1785279434.4613214,8339,1.3234516382217407
1785279434.8609467,8340,1.9250428676605225
1785279435.257743,8341,3.118989944458008
1785279435.6888404,8342,1.3648532629013062
1785279436.0852768,8343,1.9146968126296997
1785279436.5143452,8344,1.4739278554916382
1785279436.9080226,8345,1.4276043176651
1785279437.3327475,8346,2.1544127464294434
1785279437.784643,8347,1.5310096740722656
1785279438.2161055,8348,1.9338631629943848
1785279438.6504176,8349,1.8069427013397217
1785279439.1189163,8350,1.740278720855713
1785279439.5512342,8351,1.3641566038131714
1785279439.901598,8352,1.5696866512298584
1785279440.1237159,8353,1.8405693769454956
1785279440.3428128,8354,2.3345799446105957
1785279440.5464315,8355,1.9510610103607178
1785279440.750759,8356,2.4663469791412354
1785279440.962243,8357,1.3941065073013306
1785279441.1739326,8358,1.5543498992919922
1785279441.382689,8359,1.8329060077667236
1785279441.600495,8360,1.6149810552597046
1785279441.809845,8361,1.3896888494491577
1785279442.1280758,8362,1.3850255012512207
1785279442.5432503,8363,2.188021183013916
1785279442.9593043,8364,1.7149548530578613
1785279443.410069,8365,1.6731023788452148
1785279443.8375146,8366,1.6840965747833252
1785279444.2476053,8367,1.6631957292556763
1785279444.7023442,8368,2.2066497802734375
1785279445.1213534,8369,1.7914360761642456
1785279445.415102,8370,1.7858458757400513
1785279445.6233792,8371,2.0118448734283447
1785279445.8299859,8372,1.3154252767562866
1785279446.044833,8373,2.647791862487793
1785279446.2865853,8374,1.6259870529174805
1785279446.498427,8375,2.5801267623901367
1785279446.7124767,8376,1.4518755674362183
1785279446.9317043,8377,1.7222157716751099
1785279447.149492,8378,1.4132410287857056
1785279447.356784,8379,1.8576335906982422
1785279447.567042,8380,2.3412015438079834
1785279447.7744577,8381,1.3232340812683105
1785279447.9824154,8382,1.6385494470596313
1785279448.3737712,8383,1.266983985900879
1785279448.7674742,8384,1.620529055595398
1785279449.1777887,8385,2.594109058380127
1785279449.5859847,8386,1.8144683837890625
1785279449.9922004,8387,1.3628859519958496
1785279450.4043567,8388,1.560340166091919
1785279450.816545,8389,3.248706579208374
1785279451.1044629,8390,1.4650483131408691
1785279451.3089607,8391,2.3303942680358887
1785279451.519258,8392,1.9209051132202148
1785279451.7461433,8393,1.535438060760498
1785279451.952095,8394,1.771430492401123
1785279452.1579506,8395,1.505660891532898
1785279452.3656578,8396,1.6217511892318726
1785279452.5773675,8397,1.5377784967422485
1785279452.7980766,8398,2.3768343925476074
1785279453.20621,8399,2.3166370391845703
1785279453.4194262,8400,1.3444545269012451
1785279453.6240149,8401,1.9264450073242188
1785279453.8370347,8402,1.6016876697540283
1785279454.0573022,8403,1.6155650615692139
1785279454.2653377,8404,1.4053032398223877
1785279454.5592284,8405,1.600746989250183
1785279454.9647205,8406,2.1488828659057617
1785279455.3543959,8407,1.3579986095428467
1785279455.757269,8408,1.5106675624847412
1785279456.1887867,8409,1.697282075881958
1785279456.612,8410,1.6891037225723267
1785279456.834737,8411,1.6592786312103271
1785279457.089668,8412,1.7597897052764893
1785279457.3005013,8413,1.6215050220489502
1785279457.5162506,8414,1.5324351787567139
1785279457.7328248,8415,1.9146645069122314
1785279457.9584823,8416,1.8360836505889893
1785279458.1867685,8417,1.4075881242752075
1785279458.4031668,8418,1.8650200366973877
1785279458.6137683,8419,2.518465280532837
1785279458.8250759,8420,1.408216118812561
1785279459.0356648,8421,2.028165578842163
1785279459.2506948,8422,1.838221788406372
1785279459.484741,8423,1.4251391887664795
1785279459.8948112,8424,1.6109840869903564
1785279460.3034213,8425,2.5936059951782227
1785279460.716271,8426,1.2797393798828125
1785279461.1138945,8427,1.686941385269165
1785279461.5255468,8428,1.4993000030517578
1785279461.9274173,8429,1.2927387952804565
1785279462.23796,8430,1.5573948621749878
1785279462.4637685,8431,1.302008032798767
1785279462.6842642,8432,2.20481014251709
1785279462.8917465,8433,1.3570901155471802
1785279463.1078625,8434,1.3969666957855225
1785279463.313703,8435,1.4980319738388062
1785279463.5217159,8436,1.4864742755889893
1785279463.7439814,8437,2.1422219276428223
1785279463.9679692,8438,1.2802284955978394
1785279464.2001677,8439,1.5827674865722656
1785279464.4118466,8440,1.3043965101242065
1785279464.6203516,8441,2.0202348232269287
1785279464.832437,8442,1.6521811485290527
1785279465.1737669,8443,1.5107849836349487
1785279465.65179,8444,1.6860883235931396
1785279466.175972,8445,2.9876208305358887
1785279466.6018014,8446,1.5231144428253174
1785279467.0172336,8447,1.4440944194793701
1785279467.3770087,8448,1.396176815032959
1785279467.612349,8449,1.3590432405471802
1785279467.8290417,8450,1.6707344055175781
1785279468.048614,8451,1.669698715209961
1785279468.2654839,8452,1.5437581539154053
1785279468.476358,8453,1.5570482015609741
1785279468.692874,8454,1.3429467678070068
1785279468.912286,8455,1.9494463205337524
1785279469.1226163,8456,1.3875796794891357
1785279469.340189,8457,1.6442692279815674
1785279469.5547779,8458,1.7365450859069824
1785279469.765639,8459,1.60991370677948
1785279469.977435,8460,1.833003044128418
1785279470.1969886,8461,1.3074181079864502
1785279470.4053347,8462,1.6633765697479248
1785279470.6167521,8463,1.6921331882476807
1785279470.8276925,8464,1.801154375076294
1785279471.1274457,8465,1.3649089336395264
1785279471.5415077,8466,1.7331085205078125
1785279471.9275036,8467,1.9297699928283691
1785279472.3284075,8468,1.5680962800979614
1785279472.7644422,8469,1.460907220840454
1785279473.1883485,8470,1.8580974340438843
1785279473.521848,8471,2.2837257385253906
1785279473.728393,8472,1.3380447626113892
1785279473.9372296,8473,1.9501583576202393
1785279474.1619346,8474,1.6109108924865723
1785279474.4047425,8475,1.5564342737197876
1785279474.6305335,8476,1.559692621231079
1785279474.838819,8477,1.787198543548584
1785279475.049626,8478,1.5706411600112915
1785279475.2561536,8479,1.5307191610336304
1785279475.4604151,8480,1.9240548610687256
1785279475.6673896,8481,1.7824894189834595
1785279475.8751009,8482,1.3919726610183716
1785279476.0800064,8483,1.838115930557251
1785279476.28519,8484,1.3558921813964844
1785279476.5009472,8485,1.3688762187957764
1785279476.736987,8486,2.3366549015045166
1785279476.9461877,8487,1.3292458057403564
1785279477.1517072,8488,1.4811049699783325
1785279477.4539902,8489,1.6674180030822754
1785279477.83735,8490,1.5308316946029663
1785279478.2362642,8491,1.7309560775756836
1785279478.6217113,8492,2.0954787731170654
1785279479.0315313,8493,2.751927137374878
1785279479.410553,8494,1.4252490997314453
1785279479.7958558,8495,1.7459770441055298
1785279480.0280604,8496,1.343585729598999
1785279480.2315543,8497,1.7782081365585327
1785279480.4456742,8498,1.3438304662704468
1785279480.6739821,8499,1.7466118335723877
1785279480.8801045,8500,1.4718557596206665
1785279481.0926394,8501,1.3122963905334473
1785279481.3091438,8502,1.372842788696289
1785279481.5313585,8503,2.239990234375
1785279481.7568002,8504,1.489479660987854
1785279481.9624996,8505,2.006263256072998
1785279482.1769788,8506,1.349311113357544
1785279482.3891938,8507,1.8682405948638916
1785279482.599663,8508,1.5922036170959473
1785279482.8226256,8509,2.3943514823913574
1785279483.034533,8510,1.4433667659759521
1785279483.2407796,8511,1.8390110731124878
1785279483.4552824,8512,1.4975980520248413
1785279483.6692526,8513,1.4220222234725952
1785279483.88844,8514,1.9215447902679443
1785279484.1707065,8515,1.3809168338775635
1785279484.5669487,8516,1.6495832204818726
1785279484.9765248,8517,2.015819787979126
1785279485.4555292,8518,1.4557960033416748
1785279485.8830504,8519,1.646217703819275
1785279486.2581873,8520,1.2753353118896484
1785279486.4651563,8521,1.8111464977264404
1785279486.69596,8522,1.9526348114013672
1785279486.9391367,8523,1.7445197105407715
1785279487.1490412,8524,1.6831514835357666
1785279487.3665953,8525,2.1975576877593994
1785279487.5940056,8526,2.272864580154419
1785279487.8068097,8527,1.7754590511322021
1785279488.0138202,8528,1.5203484296798706
1785279488.224065,8529,1.9300603866577148
1785279488.456736,8530,1.2789603471755981
1785279488.6706674,8531,1.563310146331787
1785279488.8951683,8532,1.8152623176574707
1785279489.1110947,8533,1.5263564586639404
1785279489.3226237,8534,2.2286829948425293
1785279489.5474854,8535,1.8896143436431885
1785279489.7541876,8536,1.6059467792510986
1785279490.084058,8537,2.0134356021881104
1785279490.4944851,8538,2.1036086082458496
1785279490.9005003,8539,1.4387590885162354
1785279491.3267124,8540,1.507564902305603
1785279491.7445536,8541,1.8555188179016113
1785279492.1418176,8542,1.7469971179962158
1785279492.439053,8543,1.4328908920288086
1785279492.6435623,8544,2.4786829948425293
1785279492.8490357,8545,1.2994464635849
1785279493.0536368,8546,1.7021902799606323
1785279493.2653575,8547,1.3551210165023804
1785279493.4733183,8548,1.311650276184082
1785279493.683257,8549,1.2952611446380615
1785279493.9187477,8550,1.3067042827606201
1785279494.1242454,8551,2.1628003120422363
1785279494.339793,8552,1.38359797000885
1785279494.546245,8553,1.5911719799041748
1785279494.751923,8554,1.3762085437774658
1785279494.9622738,8555,1.4598610401153564
1785279495.178022,8556,1.5263962745666504
1785279495.3899705,8557,1.6595404148101807
1785279495.59475,8558,1.3495149612426758
1785279495.8062458,8559,2.4112231731414795
1785279496.0361116,8560,2.396454334259033
1785279496.2569025,8561,3.046931266784668
1785279496.4794245,8562,1.5919382572174072
1785279496.86373,8563,1.4868470430374146
1785279497.2550414,8564,1.2977877855300903
1785279497.662659,8565,1.433241367340088
1785279498.0832725,8566,1.293402075767517
1785279498.4820638,8567,1.6144763231277466
1785279498.69848,8568,1.9517571926116943
1785279498.9168177,8569,2.480515956878662
1785279499.1224542,8570,2.1250057220458984
1785279499.3331764,8571,1.6128830909729004
1785279499.5470974,8572,1.368804931640625
1785279499.7661142,8573,1.7243518829345703
1785279499.979356,8574,1.3014276027679443
1785279500.20684,8575,1.544109582901001
1785279500.4148915,8576,1.6470571756362915
1785279500.6322136,8577,1.773897647857666
1785279500.8415942,8578,1.4565569162368774
1785279501.0469255,8579,1.408312201499939
1785279501.2707562,8580,1.3441520929336548
1785279501.4841592,8581,1.7126166820526123
1785279501.69462,8582,1.6860787868499756
1785279501.9090436,8583,1.340029001235962
1785279502.1189854,8584,1.7583380937576294
1785279502.3279552,8585,1.3107032775878906
1785279502.5347526,8586,1.3383618593215942
1785279502.7402716,8587,2.610962390899658
1785279503.035905,8588,1.9979803562164307
1785279503.3217208,8589,2.304042339324951
1785279503.5269282,8590,1.484094500541687
1785279503.7403624,8591,1.473175287246704
1785279503.9496298,8592,2.676448106765747
1785279504.3351154,8593,1.2994322776794434
1785279504.7924707,8594,1.6975489854812622
1785279505.2172022,8595,1.336450219154358
1785279505.600741,8596,1.3377188444137573
1785279506.013665,8597,1.4905877113342285
1785279506.3011382,8598,1.8724801540374756
1785279506.5211627,8599,1.475845217704773
1785279506.7274559,8600,1.2992503643035889
1785279506.938601,8601,1.4192049503326416
1785279507.1584225,8602,1.4412095546722412
1785279507.3661928,8603,1.6806485652923584
1785279507.575881,8604,1.952333927154541
1785279507.7898393,8605,1.3659075498580933
1785279507.9940774,8606,1.629664659500122
1785279508.2065911,8607,1.3033040761947632
1785279508.414378,8608,1.3214995861053467
1785279508.6543705,8609,2.9414851665496826
1785279508.866377,8610,1.834185004234314
1785279509.078715,8611,1.355934739112854
1785279509.2859817,8612,1.5316801071166992
1785279509.5211983,8613,1.4702014923095703
1785279509.7338448,8614,1.2949020862579346
1785279509.962851,8615,2.157416820526123
1785279510.1679177,8616,1.5443634986877441
1785279510.3891459,8617,1.6656473875045776
1785279510.6875947,8618,1.3967466354370117
1785279511.1175585,8619,1.5674688816070557
1785279511.5186377,8620,1.871863842010498
1785279511.9210584,8621,1.5103930234909058
1785279512.3071883,8622,1.2957838773727417
1785279512.622425,8623,1.6438441276550293
1785279512.8314896,8624,1.7032902240753174
1785279513.0410624,8625,1.3723214864730835
1785279513.273228,8626,1.9110738039016724
1785279513.4788208,8627,1.8777332305908203
1785279513.682543,8628,1.5678216218948364
1785279513.8907764,8629,1.566620945930481
1785279514.0953112,8630,1.488078236579895
1785279514.299573,8631,1.301092267036438
1785279514.5060713,8632,1.8085503578186035
1785279514.7117915,8633,1.8536677360534668
1785279514.9161804,8634,1.4680898189544678
1785279515.121448,8635,1.883284568786621
1785279515.3316462,8636,1.9611730575561523
1785279515.5359023,8637,1.9418308734893799
1785279515.749759,8638,1.6787207126617432
1785279515.9562922,8639,1.4648884534835815
1785279516.1677547,8640,2.269136428833008
1785279516.3782709,8641,1.9357062578201294
1785279516.5943513,8642,1.4659762382507324
1785279516.8461387,8643,1.6451876163482666
1785279517.0548754,8644,2.109910011291504
1785279517.4506283,8645,1.3289902210235596
1785279517.8455899,8646,1.5026776790618896
1785279518.2684836,8647,2.3214921951293945
1785279518.6931722,8648,1.8215516805648804
1785279519.0152035,8649,1.4963247776031494
1785279519.2184663,8650,1.8828059434890747
1785279519.4262142,8651,2.4101366996765137
1785279519.6599622,8652,2.065570831298828
1785279519.8646483,8653,1.4222657680511475
1785279520.0777953,8654,1.3190679550170898
1785279520.2968242,8655,1.539150357246399
1785279520.5163763,8656,1.4323551654815674
1785279520.7255952,8657,1.890336036682129
1785279520.9408543,8658,1.2847172021865845
1785279521.147799,8659,1.6918262243270874
1785279521.3606277,8660,1.8221346139907837
1785279521.5664935,8661,1.4206187725067139
1785279521.7859423,8662,2.152194023132324
1785279521.992116,8663,1.7398567199707031
1785279522.1994963,8664,1.5101583003997803
1785279522.407446,8665,1.3699147701263428
1785279522.6116345,8666,1.718665599822998
1785279522.8162398,8667,1.360710620880127
1785279523.0208387,8668,1.5358458757400513
1785279523.2339587,8669,2.184502124786377
1785279523.6277401,8670,3.4398674964904785
1785279524.0158992,8671,2.027285099029541
1785279524.4228117,8672,1.9369856119155884
1785279524.811186,8673,1.282475471496582
1785279525.1983092,8674,1.662816047668457
1785279525.5971518,8675,2.356656551361084
1785279525.8093572,8676,1.7703776359558105
1785279526.028291,8677,1.3243530988693237
1785279526.2332423,8678,1.765932321548462
1785279526.436766,8679,2.066013813018799
1785279526.6664033,8680,1.3277342319488525
1785279526.899975,8681,1.94112229347229
1785279527.1102486,8682,1.5125858783721924
1785279527.319749,8683,1.8709452152252197
1785279527.5253732,8684,1.5275497436523438
1785279527.737403,8685,2.218674898147583
1785279527.952249,8686,1.963362455368042
1785279528.1600862,8687,1.501008152961731
1785279528.3658466,8688,1.4724485874176025
1785279528.573942,8689,1.5205235481262207
1785279528.7833536,8690,1.3140652179718018
1785279529.0033998,8691,1.4147781133651733
1785279529.2219381,8692,1.706235647201538
1785279529.4600658,8693,1.7660093307495117
1785279529.6677196,8694,1.6391611099243164
1785279529.8811529,8695,1.6031509637832642
1785279530.1691968,8696,1.479988932609558
1785279530.5959382,8697,1.8286972045898438
1785279530.992958,8698,1.3186235427856445
1785279531.3972561,8699,2.0247254371643066
1785279531.7963965,8700,1.4891133308410645
1785279532.180993,8701,1.5146896839141846
1785279532.397157,8702,1.3840035200119019
1785279532.6022105,8703,1.4142242670059204
1785279532.8211439,8704,2.2770965099334717
1785279533.0480874,8705,1.352868676185608
1785279533.2562742,8706,2.237527370452881
1785279533.4848933,8707,1.3287031650543213
1785279533.6982603,8708,2.480583429336548
1785279533.9092746,8709,1.2897683382034302
1785279534.1273677,8710,1.3537473678588867
1785279534.3556824,8711,1.3136018514633179
1785279534.5603287,8712,1.3229796886444092
1785279534.7760632,8713,1.3969204425811768
1785279534.99361,8714,1.9219223260879517
1785279535.203328,8715,1.538874864578247
1785279535.4195957,8716,1.7756812572479248
1785279535.6286523,8717,1.3848612308502197
1785279535.8406763,8718,1.580284595489502
1785279536.057164,8719,1.6733758449554443
1785279536.2718089,8720,2.2277414798736572
1785279536.5609362,8721,2.115046501159668
1785279536.9564698,8722,2.271678924560547
1785279537.3636816,8723,1.4474016427993774
1785279537.7681735,8724,2.128023386001587
1785279538.1709738,8725,1.6412864923477173
1785279538.382687,8726,1.7232892513275146
1785279538.591279,8727,1.9460031986236572
1785279538.7954469,8728,1.945483684539795
1785279539.0075784,8729,1.3715115785598755
1785279539.2157326,8730,1.358219027519226
1785279539.4257948,8731,1.6998766660690308
1785279539.6472237,8732,2.350180149078369
1785279539.8570223,8733,1.2968803644180298
1785279540.0619817,8734,1.567408800125122
1785279540.268207,8735,2.541696071624756
1785279540.4862604,8736,1.341733455657959
1785279540.6930223,8737,1.55233633518219
1785279540.898416,8738,1.7231438159942627
1785279541.1174948,8739,2.0762734413146973
1785279541.3219981,8740,2.152304172515869
1785279541.5353656,8741,1.4599295854568481
1785279541.7424653,8742,1.3623507022857666
1785279541.9645927,8743,1.8689080476760864
1785279542.1721864,8744,1.3275816440582275
1785279542.3842707,8745,1.4459118843078613
1785279542.6034322,8746,1.7280843257904053
1785279542.9651215,8747,1.398198127746582
1785279543.365517,8748,2.3460843563079834
1785279543.7746506,8749,1.9094390869140625
1785279544.1573443,8750,2.668708324432373
1785279544.5349417,8751,1.4672235250473022
1785279544.8644164,8752,1.412397861480713
1785279545.1037304,8753,1.4600305557250977
1785279545.320043,8754,1.7542815208435059
1785279545.5264716,8755,1.753570556640625
1785279545.733641,8756,1.734940528869629
1785279545.942147,8757,1.8431425094604492
1785279546.1472733,8758,1.8984119892120361
1785279546.3619797,8759,1.8286306858062744
1785279546.5768445,8760,2.0096893310546875
1785279546.7846727,8761,1.4634144306182861
1785279546.989715,8762,1.5453070402145386
1785279547.2039874,8763,1.7628878355026245
1785279547.4221597,8764,2.376089572906494
1785279547.6619618,8765,1.4023572206497192
1785279547.87467,8766,1.9606428146362305
1785279548.0828357,8767,1.7632570266723633
1785279548.2968605,8768,1.6161653995513916
1785279548.5251696,8769,1.5603581666946411
1785279548.738327,8770,1.3284173011779785
1785279548.9454052,8771,2.2089319229125977
1785279549.1606636,8772,1.4048123359680176
1785279549.3805094,8773,1.393417477607727
1785279549.5946062,8774,1.5021438598632812
1785279549.8034549,8775,1.4269797801971436
1785279550.1160247,8776,1.3825609683990479
1785279550.5359101,8777,2.409752130508423
1785279550.9372802,8778,1.8561336994171143
1785279551.3493905,8779,1.6621782779693604
1785279551.7825193,8780,1.7304015159606934
1785279552.169121,8781,1.3471938371658325
1785279552.3960426,8782,1.3857144117355347
1785279552.619997,8783,1.9467291831970215
1785279552.8279524,8784,1.3106698989868164
1785279553.0474863,8785,1.7090001106262207
1785279553.2616177,8786,1.384179711341858
1785279553.4730678,8787,1.8611969947814941
1785279553.6865005,8788,1.4781371355056763
1785279553.8955948,8789,1.4816397428512573
1785279554.111858,8790,1.43994140625
1785279554.3262923,8791,1.57707679271698
1785279554.53544,8792,1.9497736692428589
1785279554.7435586,8793,1.534665584564209
1785279554.95751,8794,1.4280507564544678
1785279555.1754558,8795,1.3542954921722412
1785279555.3803892,8796,1.8887821435928345
1785279555.5923831,8797,2.1588101387023926
1785279555.8056698,8798,1.424466848373413
1785279556.0185096,8799,1.3628054857254028
1785279556.2450194,8800,1.4848978519439697
1785279556.4573548,8801,2.543828248977661
1785279556.6787102,8802,1.5914467573165894
1785279556.8875618,8803,1.4409215450286865
1785279557.1057281,8804,2.149460792541504
1785279557.3274531,8805,1.614316701889038
1785279557.636008,8806,1.4220219850540161
1785279558.0853565,8807,1.409485936164856
1785279558.4811966,8808,2.400953769683838
1785279558.8996067,8809,1.9146990776062012
1785279559.2877038,8810,1.2978856563568115
1785279559.498664,8811,1.4734214544296265
1785279559.7247078,8812,1.7880955934524536
1785279559.9396322,8813,1.9907374382019043
1785279560.1480947,8814,1.3078240156173706
1785279560.361474,8815,1.36094069480896
1785279560.5699897,8816,1.479712724685669
1785279560.784839,8817,1.3606562614440918
1785279561.0540247,8818,2.16231369972229
1785279561.2703962,8819,1.8433728218078613
1785279561.4780726,8820,1.4807653427124023
1785279561.6975605,8821,1.6374986171722412
1785279561.910092,8822,1.428659200668335
1785279562.1361363,8823,1.6230192184448242
1785279562.3475308,8824,1.5949928760528564
1785279562.5638802,8825,1.6051181554794312
1785279562.7792926,8826,1.28711998462677
1785279562.997559,8827,1.656256079673767
1785279563.2096713,8828,2.2431960105895996
1785279563.4335225,8829,2.163839340209961
1785279563.6489651,8830,1.6067088842391968
1785279563.8572664,8831,1.8917934894561768
1785279564.0665073,8832,1.4821531772613525
1785279564.273639,8833,1.6915394067764282
1785279564.495848,8834,1.812411904335022
1785279564.713779,8835,1.5619288682937622
1785279564.9447408,8836,1.9450888633728027
1785279565.1845517,8837,2.016663074493408
1785279565.4114816,8838,1.6382778882980347
1785279565.6347973,8839,2.1220293045043945
1785279565.843932,8840,1.4479073286056519
1785279566.0574942,8841,1.5529433488845825
1785279566.2685206,8842,2.0590829849243164
1785279566.4740493,8843,1.5996408462524414
1785279566.682193,8844,1.3842185735702515
1785279566.8907995,8845,1.3864802122116089
1785279567.107003,8846,2.066267490386963
1785279567.3485126,8847,2.3815600872039795
1785279567.6425,8848,2.2967700958251953
1785279568.0253425,8849,1.4314029216766357
1785279568.42629,8850,1.4688748121261597
1785279568.8173609,8851,1.6128932237625122
1785279569.2174664,8852,1.6693928241729736
1785279569.536451,8853,1.8571410179138184
1785279569.7628489,8854,1.4479680061340332
1785279569.9778368,8855,1.536399483680725
1785279570.1967196,8856,1.4245171546936035
1785279570.4214506,8857,1.823080062866211
1785279570.6245413,8858,1.8975728750228882
1785279570.831123,8859,1.8358601331710815
1785279571.0483387,8860,1.7939105033874512
1785279571.2540798,8861,1.5059982538223267
1785279571.4568965,8862,2.1112680435180664
1785279571.6673253,8863,1.5155789852142334
1785279571.8934379,8864,1.2813305854797363
1785279572.1014068,8865,1.312108039855957
1785279572.3084972,8866,1.5899360179901123
1785279572.5184724,8867,1.5633119344711304
1785279572.7328396,8868,1.3784902095794678
1785279572.9464176,8869,1.423265814781189
1785279573.190002,8870,1.679351568222046
1785279573.4079707,8871,2.0495476722717285
1785279573.6392043,8872,1.7390693426132202
1785279573.8671713,8873,1.6753140687942505
1785279574.078054,8874,1.7786760330200195
1785279574.288167,8875,1.7704575061798096
1785279574.5007763,8876,2.1261396408081055
1785279574.7063274,8877,1.567652702331543
1785279574.9129858,8878,1.3095428943634033
1785279575.1229215,8879,1.512089490890503
1785279575.333832,8880,1.4950028657913208
1785279575.545291,8881,1.387641429901123
1785279575.7557092,8882,1.3942420482635498
1785279576.0573063,8883,1.3546960353851318
1785279576.4581373,8884,2.080233573913574
1785279576.8804758,8885,1.3503878116607666
1785279577.279337,8886,1.7534881830215454
1785279577.6720037,8887,1.8869948387145996
1785279578.058978,8888,1.357550859451294
1785279578.2777998,8889,1.4543395042419434
1785279578.5100038,8890,1.619725227355957
1785279578.7238958,8891,2.0043156147003174
1785279578.9323037,8892,1.669677972793579
1785279579.1573768,8893,2.6117501258850098
1785279579.3823025,8894,1.608106017112732
1785279579.6009912,8895,1.6387720108032227
1785279579.8128393,8896,2.1101107597351074
1785279580.0300963,8897,1.274142861366272
1785279580.2508194,8898,2.0184707641601562
1785279580.4601798,8899,1.2795298099517822
1785279580.6716347,8900,2.3343825340270996
1785279580.877611,8901,2.193112850189209
1785279581.109446,8902,1.9647729396820068
1785279581.321162,8903,2.561272382736206
1785279581.5320475,8904,1.799622654914856
1785279581.7523618,8905,1.3524326086044312
1785279581.9655502,8906,1.4889168739318848
1785279582.1936996,8907,1.8544955253601074
1785279582.4013588,8908,1.859037160873413
1785279582.6072726,8909,1.5129008293151855
1785279582.8234746,8910,2.564131021499634
1785279583.0364354,8911,2.0323712825775146
1785279583.2524216,8912,1.4550635814666748
1785279583.4661033,8913,2.3723037242889404
1785279583.8550093,8914,1.7931571006774902
1785279584.2471447,8915,1.9447726011276245
1785279584.6461284,8916,1.6513344049453735
1785279585.0427608,8917,1.9665982723236084
1785279585.4379194,8918,2.0568313598632812
1785279585.6584013,8919,1.6476213932037354
1785279585.8650188,8920,2.2854301929473877
1785279586.0752842,8921,1.4544672966003418
1785279586.3160083,8922,1.8039255142211914
1785279586.5516815,8923,1.829848289489746
1785279586.7707975,8924,1.613450288772583
1785279586.98065,8925,2.061797857284546
1785279587.1866262,8926,1.4628976583480835
1785279587.396254,8927,1.5581064224243164
1785279587.6075826,8928,1.9023517370224
1785279587.8163822,8929,2.0988454818725586
1785279588.037562,8930,1.9695755243301392
1785279588.2441916,8931,1.9748777151107788
1785279588.4603329,8932,1.947637915611267
1785279588.6750274,8933,1.2935620546340942
1785279588.8951173,8934,1.8186681270599365
1785279589.1054623,8935,1.2979819774627686
1785279589.3149087,8936,1.3793001174926758
1785279589.5243435,8937,1.5980943441390991
1785279589.7331443,8938,1.6917743682861328
1785279589.9470162,8939,2.3323683738708496
1785279590.156392,8940,1.927038550376892
1785279590.3698702,8941,1.8250787258148193
1785279590.5850544,8942,1.3765766620635986
1785279590.795631,8943,2.143583059310913
1785279591.0031736,8944,1.314826488494873
1785279591.2167292,8945,1.4232213497161865
1785279591.4362729,8946,1.3076766729354858
1785279591.6444402,8947,1.4869024753570557
1785279591.8542016,8948,3.7385969161987305
1785279592.0629585,8949,2.3583168983459473
1785279592.2723644,8950,2.0398545265197754
1785279592.47795,8951,1.3973863124847412
1785279592.8757923,8952,2.2434520721435547
1785279593.3155656,8953,1.3881397247314453
1785279593.6989696,8954,1.635545015335083
1785279594.0993445,8955,1.6628623008728027
1785279594.4729111,8956,2.3855273723602295
1785279594.6774936,8957,1.662886381149292
1785279594.8949342,8958,1.3089256286621094
1785279595.105596,8959,2.0837106704711914
1785279595.3242893,8960,1.7169532775878906
1785279595.5458045,8961,1.624334692955017
1785279595.7552288,8962,1.370850920677185
1785279595.974322,8963,1.4321932792663574
1785279596.1921265,8964,2.211158275604248
1785279596.3973317,8965,1.7519137859344482
1785279596.6037707,8966,1.8056470155715942
1785279596.8258033,8967,1.2764675617218018
1785279597.0336628,8968,1.652640461921692
1785279597.2504635,8969,1.4033904075622559
1785279597.461833,8970,1.5207679271697998
1785279597.672564,8971,1.4481836557388306
1785279597.8937395,8972,1.404091477394104
1785279598.103368,8973,2.0470545291900635
1785279598.317844,8974,1.3763066530227661
1785279598.5250218,8975,2.31595778465271
1785279598.7353878,8976,1.5295675992965698
1785279598.9442723,8977,1.5976686477661133
1785279599.1599286,8978,1.6226521730422974
1785279599.3630228,8979,1.8471646308898926
1785279599.5695674,8980,2.286914825439453
1785279599.8644145,8981,1.7487866878509521
1785279600.2488003,8982,1.378049612045288
1785279600.6341853,8983,2.2070188522338867
1785279601.0509858,8984,1.555773138999939
1785279601.44624,8985,1.3754901885986328
1785279601.833453,8986,2.303675651550293
1785279602.065291,8987,1.80216646194458
1785279602.2701604,8988,1.9841773509979248
1785279602.4971004,8989,1.6658759117126465
1785279602.7095313,8990,2.015470504760742
1785279602.917168,8991,1.2827197313308716
1785279603.1418648,8992,2.2324838638305664
1785279603.3505244,8993,2.405731678009033
1785279603.5565295,8994,1.4510254859924316
1785279603.7671883,8995,1.3664758205413818
1785279603.9763978,8996,1.3065698146820068
1785279604.207135,8997,1.6584081649780273
1785279604.4252408,8998,1.5521376132965088
1785279604.6325953,8999,1.3431180715560913
1785279604.850788,9000,1.703075647354126
1785279605.0805266,9001,2.0240049362182617
1785279605.3005276,9002,1.4504567384719849
1785279605.520887,9003,1.3313913345336914
1785279605.7338443,9004,1.3573018312454224
1785279605.9413943,9005,1.5382826328277588
1785279606.1575236,9006,1.8111047744750977
1785279606.3785596,9007,1.3737728595733643
1785279606.5838292,9008,1.6939488649368286
1785279606.7963583,9009,1.8280658721923828
1785279607.0070045,9010,1.9844759702682495
1785279607.2148802,9011,1.5945417881011963
1785279607.42968,9012,1.402218222618103
1785279607.8269212,9013,2.1607697010040283
1785279608.216106,9014,1.6528490781784058
1785279608.6176627,9015,1.6757359504699707
1785279609.014089,9016,1.9667859077453613
1785279609.4232583,9017,1.5254298448562622
1785279609.749518,9018,1.459360957145691
1785279609.9555001,9019,1.5438255071640015
1785279610.1835024,9020,1.3010950088500977
1785279610.4496567,9021,1.3305871486663818
1785279610.6555097,9022,1.8435391187667847
1785279610.8782496,9023,2.2162156105041504
1785279611.0876439,9024,1.387367844581604
1785279611.3204749,9025,1.4008281230926514
1785279611.5396621,9026,1.546083688735962
1785279611.7500525,9027,1.4426779747009277
1785279611.9615848,9028,1.3746871948242188
1785279612.1951704,9029,1.2952332496643066
1785279612.4073484,9030,1.4424225091934204
1785279612.6201327,9031,2.5527219772338867
1785279612.8393903,9032,1.8351056575775146
1785279613.0703979,9033,1.4037352800369263
1785279613.2923787,9034,1.4982815980911255
1785279613.505042,9035,2.06088924407959
1785279613.7141845,9036,1.6658002138137817
1785279613.922144,9037,1.988709807395935
1785279614.1327949,9038,1.5248298645019531
1785279614.345121,9039,2.2033708095550537
1785279614.5709074,9040,2.2473061084747314
1785279614.802383,9041,1.8445852994918823
1785279615.0188334,9042,2.1374120712280273
1785279615.2460608,9043,1.771746277809143
1785279615.6614697,9044,1.9673659801483154
1785279616.1375864,9045,1.3319414854049683
1785279616.5529678,9046,1.2835198640823364
1785279616.9532938,9047,1.5439256429672241
1785279617.3096824,9048,1.5430110692977905
1785279617.5248268,9049,1.3643988370895386
1785279617.739285,9050,1.2977564334869385
1785279617.9511542,9051,1.345066785812378
1785279618.1682522,9052,1.3195499181747437
1785279618.384734,9053,1.4192390441894531
1785279618.6245296,9054,1.2952913045883179
1785279618.834131,9055,1.351994514465332
1785279619.0506675,9056,2.0325751304626465
1785279619.2617428,9057,1.3903814554214478
1785279619.4863505,9058,2.059687852859497
1785279619.7077932,9059,1.9935798645019531
1785279619.9220114,9060,1.5600169897079468
1785279620.1464937,9061,2.133212089538574
1785279620.3559022,9062,1.3973557949066162
1785279620.5690916,9063,2.4945991039276123
1785279620.7850153,9064,1.4787499904632568
1785279621.013685,9065,1.3914134502410889
1785279621.4194188,9066,1.5388123989105225
1785279621.827699,9067,1.626489281654358
1785279622.2552898,9068,1.392480492591858
1785279622.7193618,9069,1.4594210386276245
1785279623.1087852,9070,2.514430046081543
1785279623.3293877,9071,1.4703972339630127
1785279623.5651057,9072,1.9329614639282227
1785279623.818385,9073,1.4095585346221924
1785279624.0379558,9074,1.5696920156478882
1785279624.2486432,9075,1.9804530143737793
1785279624.4588616,9076,1.6510252952575684
1785279624.6708314,9077,1.4298150539398193
1785279624.9014406,9078,1.3615474700927734
1785279625.12069,9079,1.3203370571136475
1785279625.3332512,9080,1.850263237953186
1785279625.5588617,9081,1.9047565460205078
1785279625.7787397,9082,1.5378904342651367
1785279625.9920974,9083,2.262681484222412
1785279626.2068546,9084,1.3733365535736084
1785279626.4105444,9085,1.5576283931732178
1785279626.6333122,9086,1.454917311668396
1785279626.8496642,9087,1.6130608320236206
1785279627.0697782,9088,1.7530966997146606
1785279627.2829742,9089,2.558990955352783
1785279627.798846,9090,2.2424187660217285
1785279628.196297,9091,2.3685731887817383
1785279628.593967,9092,1.6447272300720215
1785279628.9834418,9093,1.535608172416687
1785279629.2070398,9094,1.5690712928771973
1785279629.4177902,9095,1.9230992794036865
1785279629.6462533,9096,1.5188475847244263
1785279629.8517985,9097,1.503916621208191
1785279630.0596192,9098,1.4349544048309326
1785279630.2664123,9099,1.6366019248962402
1785279630.4752998,9100,1.3372372388839722
1785279630.6822562,9101,1.42410409450531
1785279630.8969598,9102,1.4894928932189941
1785279631.115779,9103,2.5160393714904785
1785279631.326393,9104,1.2951710224151611
1785279631.5420463,9105,1.6759926080703735
1785279631.7690392,9106,2.1501622200012207
1785279631.9824202,9107,1.746842622756958
1785279632.1938186,9108,2.1060292720794678
1785279632.4025815,9109,1.6224966049194336
1785279632.6120126,9110,1.6243654489517212
1785279632.8406043,9111,1.3899222612380981
1785279633.0548358,9112,1.4102603197097778
1785279633.2726667,9113,1.747195839881897
1785279633.4874573,9114,1.7324705123901367
1785279633.6957595,9115,1.366614818572998
1785279633.901733,9116,1.5456526279449463
1785279634.1191158,9117,1.6376792192459106
1785279634.3280745,9118,1.6113580465316772
1785279634.5340252,9119,2.0773932933807373
1785279634.7431135,9120,1.612194538116455
1785279634.9515107,9121,1.7004168033599854
1785279635.1575112,9122,1.6845707893371582
1785279635.3731642,9123,1.829765796661377
1785279635.7838285,9124,2.4119505882263184
1785279636.1747673,9125,1.4165024757385254
1785279636.5654147,9126,1.3660798072814941
1785279636.9766026,9127,1.4399648904800415
1785279637.3566337,9128,1.5447542667388916
1785279637.5626173,9129,1.6218132972717285
1785279637.7704895,9130,1.3511881828308105
1785279637.9845176,9131,1.7780463695526123
1785279638.1935782,9132,2.7377164363861084
1785279638.4122965,9133,1.7818472385406494
1785279638.625879,9134,1.8153724670410156
1785279638.835606,9135,1.4470925331115723
1785279639.04376,9136,1.2888938188552856
1785279639.2506573,9137,1.6897013187408447
1785279639.4572358,9138,1.5170137882232666
1785279639.6783528,9139,1.554574966430664
1785279639.8998864,9140,1.8521819114685059
1785279640.1127753,9141,2.5145182609558105
1785279640.3241622,9142,1.9697951078414917
1785279640.5368075,9143,1.9068659543991089
1785279640.7535756,9144,1.443530797958374
1785279640.9642851,9145,1.383492112159729
1785279641.1746364,9146,1.4230399131774902
1785279641.3798501,9147,1.3475515842437744
1785279641.5934582,9148,1.3417428731918335
1785279641.8073199,9149,1.4557883739471436
1785279642.0319934,9150,1.9677588939666748
1785279642.2487156,9151,1.8936748504638672
1785279642.4745226,9152,1.2955349683761597
1785279642.700951,9153,1.3715050220489502
1785279642.9101996,9154,1.9713006019592285
1785279643.1153073,9155,1.3759723901748657
1785279643.327694,9156,1.7235984802246094
1785279643.5390732,9157,1.4607207775115967
1785279643.7488647,9158,1.262953281402588
1785279643.9566045,9159,1.3180211782455444
1785279644.1805177,9160,2.122081756591797
1785279644.3875253,9161,1.516232967376709
1785279644.5987973,9162,1.3909326791763306
1785279644.8035102,9163,1.3455865383148193
1785279645.2038453,9164,1.562340259552002
1785279645.5891757,9165,1.390770673751831
1785279646.0556412,9166,1.3263778686523438
1785279646.4350846,9167,1.5239489078521729
1785279646.8231635,9168,1.7342967987060547
1785279647.0345414,9169,1.5783181190490723
1785279647.2598672,9170,1.3290451765060425
1785279647.4762213,9171,2.4505577087402344
1785279647.696323,9172,1.626695156097412
1785279647.9306982,9173,1.310542106628418
1785279648.1459875,9174,1.3151543140411377
1785279648.3560665,9175,1.77543044090271
1785279648.559595,9176,1.4058154821395874
1785279648.782637,9177,1.3669030666351318
1785279648.992854,9178,1.3338148593902588
1785279649.2031276,9179,1.6468899250030518
1785279649.421293,9180,1.7154541015625
1785279649.6359136,9181,1.7760910987854004
1785279649.86046,9182,1.9857388734817505
1785279650.0718322,9183,1.6598665714263916
1785279650.2904348,9184,1.2772663831710815
1785279650.514991,9185,1.3400274515151978
1785279650.7186365,9186,1.4851551055908203
1785279650.9270175,9187,1.401813268661499
1785279651.1433566,9188,1.3524665832519531
1785279651.3530796,9189,1.8218681812286377
1785279651.6631696,9190,1.4826414585113525
1785279652.079324,9191,1.384052038192749
1785279652.4701893,9192,1.4898321628570557
1785279652.8774955,9193,2.4344732761383057
1785279653.3415701,9194,1.3980852365493774
1785279653.5918787,9195,1.5603535175323486
1785279653.8040476,9196,2.3467822074890137
1785279654.0175831,9197,1.5927653312683105
1785279654.2322624,9198,2.3536224365234375
1785279654.4545026,9199,1.6126807928085327
1785279654.6638107,9200,3.439603567123413
1785279654.885634,9201,1.4324684143066406
1785279655.0937662,9202,1.3049992322921753
1785279655.3480883,9203,1.6677987575531006
1785279655.5740814,9204,1.5611400604248047
1785279655.792761,9205,1.5161492824554443
1785279656.0140526,9206,2.1003270149230957
1785279656.2277896,9207,1.491835117340088
1785279656.4424756,9208,2.1497297286987305
1785279656.660678,9209,1.5117031335830688
1785279656.8766718,9210,1.861717700958252
1785279657.0916348,9211,1.656556487083435
1785279657.3019907,9212,1.678511619567871
1785279657.5206225,9213,1.320797085762024
1785279657.965844,9214,2.1516973972320557
1785279658.3584347,9215,1.7553799152374268
1785279658.7566543,9216,1.8578941822052002
1785279659.1975994,9217,1.3481836318969727
1785279659.60536,9218,1.612890601158142
1785279659.8300846,9219,1.4741336107254028
1785279660.0388792,9220,1.4663822650909424
1785279660.2671437,9221,1.4939042329788208
1785279660.4937143,9222,1.2960491180419922
1785279660.711311,9223,1.3298815488815308
1785279660.9227343,9224,1.7505507469177246
1785279661.1438746,9225,1.4470452070236206
1785279661.3503084,9226,3.6542911529541016
1785279661.5673923,9227,1.3899765014648438
1785279661.7763796,9228,2.0186469554901123
1785279661.9903562,9229,1.3664335012435913
1785279662.1941724,9230,2.475276470184326
1785279662.4036677,9231,1.7509856224060059
1785279662.6110306,9232,1.5997045040130615
1785279662.8157356,9233,1.5116792917251587
1785279663.0306563,9234,1.4044883251190186
1785279663.2404075,9235,2.035552501678467
1785279663.4684231,9236,1.716461181640625
1785279663.675945,9237,1.9372655153274536
1785279663.8805544,9238,1.867049217224121
1785279664.0862458,9239,1.4899933338165283
1785279664.311283,9240,1.4481635093688965
1785279664.521329,9241,1.4491260051727295
1785279664.906085,9242,1.4310691356658936
1785279665.2873182,9243,1.655552864074707
1785279665.684261,9244,2.177858352661133
1785279666.0932837,9245,1.792276382446289
1785279666.462846,9246,1.3133902549743652
1785279666.6684587,9247,1.2779459953308105
1785279666.8794887,9248,1.4557150602340698
1785279667.0957224,9249,1.6463260650634766
1785279667.303412,9250,1.5441676378250122
1785279667.5104,9251,1.7068239450454712
1785279667.7136912,9252,1.4558207988739014
1785279667.9251,9253,1.6497905254364014
1785279668.1297922,9254,2.124497413635254
1785279668.3404,9255,1.3913873434066772
1785279668.5576057,9256,1.6431435346603394
1785279668.7637906,9257,1.6941126585006714
1785279668.9853075,9258,1.3945139646530151
1785279669.2322304,9259,1.5092359781265259
1785279669.4449098,9260,1.3650387525558472
1785279669.6513686,9261,1.300921082496643
1785279669.8579106,9262,1.6116340160369873
1785279670.0686045,9263,2.109170913696289
1785279670.2794344,9264,1.669877529144287
1785279670.4859235,9265,1.7111294269561768
1785279670.6935859,9266,2.028165340423584
1785279670.9257696,9267,1.608082890510559
1785279671.130741,9268,1.5086612701416016
1785279671.5180771,9269,1.518707513809204
1785279671.9030228,9270,1.3502676486968994
1785279672.2892015,9271,1.72505784034729
1785279672.7029288,9272,1.4956148862838745
1785279673.084098,9273,1.3631985187530518
1785279673.2944653,9274,1.6813061237335205
1785279673.5004103,9275,1.3889704942703247
1785279673.717997,9276,1.7787060737609863
1785279673.922193,9277,1.3980324268341064
1785279674.1320443,9278,2.214120626449585
1785279674.3913152,9279,1.43429696559906
1785279674.617168,9280,1.7016446590423584
1785279674.825228,9281,1.43802011013031
1785279675.049547,9282,1.6362172365188599
1785279675.2574298,9283,1.9269399642944336
1785279675.4629457,9284,1.600922703742981
1785279675.6729338,9285,1.602264404296875
1785279675.884392,9286,1.6053807735443115
1785279676.1081798,9287,1.4970660209655762
1785279676.3370874,9288,1.620768427848816
1785279676.5450792,9289,3.399768352508545
1785279676.768454,9290,1.2821311950683594
1785279676.9771447,9291,1.8094148635864258
1785279677.1949372,9292,1.5969403982162476
1785279677.4077475,9293,1.7253587245941162
1785279677.6248412,9294,1.4885179996490479
1785279677.8338077,9295,1.3073416948318481
1785279678.0404162,9296,2.0413007736206055
1785279678.2513404,9297,1.7091984748840332
1785279678.5594258,9298,1.4595938920974731
1785279678.9548812,9299,2.318626880645752
1785279679.3462374,9300,1.3539966344833374
1785279679.7264853,9301,1.8626601696014404
1785279680.1229575,9302,2.1712727546691895
1785279680.4508815,9303,1.4471616744995117
1785279680.6813364,9304,1.8896942138671875
1785279680.8851936,9305,1.6151835918426514
1785279681.1094098,9306,1.3902441263198853
1785279681.3225443,9307,1.3583054542541504
1785279681.5282829,9308,1.663461685180664
1785279681.7476902,9309,1.382102370262146
1785279681.953322,9310,1.2772996425628662
1785279682.162188,9311,1.4502383470535278
1785279682.378013,9312,1.660672664642334
1785279682.5835032,9313,1.7701616287231445
1785279682.788985,9314,1.314210057258606
1785279683.0152335,9315,1.4500408172607422
1785279683.2381284,9316,2.1224136352539062
1785279683.4499683,9317,1.969407558441162
1785279683.656296,9318,1.2783753871917725
1785279683.8598735,9319,1.3920317888259888
1785279684.0723617,9320,1.2808046340942383
1785279684.2800376,9321,1.7908923625946045
1785279684.4898384,9322,1.3386728763580322
1785279684.7106473,9323,1.3575798273086548
1785279684.9438882,9324,1.5854499340057373
1785279685.154376,9325,1.43290376663208
1785279685.3661628,9326,1.383955955505371
1785279685.576624,9327,1.7493351697921753
1785279685.7894924,9328,2.0323386192321777
1785279686.1821527,9329,1.9358277320861816
1785279686.5603924,9330,1.417574405670166
1785279686.9465842,9331,1.3628084659576416
1785279687.3413558,9332,1.589582920074463
1785279687.7165291,9333,2.5099921226501465
1785279687.9261181,9334,1.5828213691711426
1785279688.150074,9335,1.4485255479812622
1785279688.3713264,9336,2.173917055130005
1785279688.5770957,9337,1.4149374961853027
1785279688.789307,9338,1.7138928174972534
1785279688.9937253,9339,1.4467341899871826
1785279689.220239,9340,1.7796342372894287
1785279689.4258902,9341,1.4842785596847534
1785279689.6365042,9342,1.3613102436065674
1785279689.840334,9343,1.4945883750915527
1785279690.056336,9344,1.3687870502471924
1785279690.2594645,9345,1.449614405632019
1785279690.4648316,9346,1.648327350616455
1785279690.681481,9347,2.090848922729492
1785279690.8910973,9348,1.5816055536270142
1785279691.1061537,9349,1.401935338973999
1785279691.3263059,9350,1.5301172733306885
1785279691.5398788,9351,1.4953868389129639
1785279691.7475095,9352,1.339752197265625
1785279691.9750972,9353,1.437869906425476
1785279692.206577,9354,1.388064980506897
1785279692.503444,9355,1.3772082328796387
1785279692.8978705,9356,1.3844597339630127
1785279693.3254309,9357,1.5811775922775269
1785279693.757433,9358,1.7358007431030273
1785279694.227166,9359,1.519423007965088
1785279694.5843146,9360,2.2781076431274414
1785279694.827859,9361,1.4384206533432007
1785279695.0763702,9362,1.3431528806686401
1785279695.3027017,9363,1.4560781717300415
1785279695.5118268,9364,1.2979196310043335
1785279695.7238503,9365,1.6450693607330322
1785279695.968812,9366,1.6004148721694946
1785279696.2200494,9367,1.6147942543029785
1785279696.430302,9368,1.9730371236801147
1785279696.6766968,9369,1.8505680561065674
1785279696.897755,9370,1.3299305438995361
1785279697.1262653,9371,1.4838032722473145
1785279697.3535335,9372,1.5912585258483887
1785279697.5875564,9373,1.4449176788330078
1785279697.824771,9374,1.5606052875518799
1785279698.0726511,9375,2.1211464405059814
1785279698.3133712,9376,1.9921891689300537
1785279698.5457554,9377,1.8317983150482178
1785279698.7823884,9378,2.4749956130981445
1785279698.9920757,9379,1.3211013078689575
1785279699.2110972,9380,3.3563528060913086
1785279699.5534577,9381,2.0581135749816895
1785279699.9948206,9382,1.407702922821045
1785279700.4427686,9383,2.2166647911071777
1785279700.8706572,9384,1.819293737411499
1785279701.1979892,9385,1.2963619232177734
1785279701.4118094,9386,1.2792929410934448
1785279701.6285431,9387,1.329590082168579
1785279701.844802,9388,1.4784460067749023
1785279702.056134,9389,1.3613011837005615
1785279702.2724855,9390,1.69794499874115
1785279702.4806116,9391,1.3633953332901
1785279702.7261817,9392,2.3403520584106445
1785279702.9355702,9393,2.3548777103424072
1785279703.15054,9394,1.9854519367218018
1785279703.3571463,9395,1.5207959413528442
1785279703.574353,9396,1.4824817180633545
1785279703.8067913,9397,1.4115411043167114
1785279704.0128992,9398,1.4008697271347046
1785279704.22273,9399,1.5187735557556152
1785279704.4427266,9400,1.6587421894073486
1785279704.6717396,9401,1.9111523628234863
1785279704.8810408,9402,1.503267765045166
1785279705.0978954,9403,1.7608451843261719
1785279705.3380833,9404,1.8964643478393555
1785279705.5496597,9405,2.2998433113098145
1785279705.756863,9406,2.5591211318969727
1785279705.9621875,9407,1.3495579957962036
1785279706.18553,9408,1.3829145431518555
1785279706.3970294,9409,2.183718681335449
1785279706.6283119,9410,2.68375301361084
1785279706.8359985,9411,1.588239073753357
1785279707.043631,9412,2.1819636821746826
1785279707.2721162,9413,1.818432092666626
1785279707.4843864,9414,1.296222448348999
1785279707.7062624,9415,1.6908196210861206
1785279707.9126828,9416,2.078662872314453
1785279708.1258929,9417,2.345404863357544
1785279708.3345795,9418,1.8223129510879517
1785279708.5621808,9419,1.354625940322876
1785279708.7716641,9420,1.7428457736968994
1785279708.9852157,9421,1.479168176651001
1785279709.3635004,9422,1.3967363834381104
1785279709.7446418,9423,1.3969453573226929
1785279710.1863635,9424,1.4620990753173828
1785279710.5759861,9425,1.4023640155792236
1785279710.8537111,9426,1.2898476123809814
1785279711.0953374,9427,1.3750805854797363
1785279711.3088202,9428,1.5688129663467407
1785279711.517036,9429,1.259756326675415
1785279711.7290707,9430,1.596078872680664
1785279711.9483132,9431,2.1598381996154785
1785279712.1544325,9432,1.2969967126846313
1785279712.3615422,9433,1.5635592937469482
1785279712.5896213,9434,1.431506633758545
1785279712.8317723,9435,2.9910614490509033
1785279713.0446916,9436,1.9425545930862427
1785279713.2601445,9437,1.486011028289795
1785279713.4693336,9438,1.6930530071258545
1785279713.6879847,9439,1.6494686603546143
1785279713.8928165,9440,1.472875952720642
1785279714.098192,9441,2.001574993133545
1785279714.3093553,9442,1.5615891218185425
1785279714.514707,9443,1.564190149307251
1785279714.7297354,9444,1.5707788467407227
1785279714.936791,9445,1.5788321495056152
1785279715.1476135,9446,1.3820937871932983
1785279715.3677468,9447,1.2732797861099243
1785279715.5798137,9448,1.3367680311203003
1785279715.818819,9449,1.4019520282745361
1785279716.0437448,9450,1.5108979940414429
1785279716.256225,9451,1.9441821575164795
1785279716.4678159,9452,1.6894903182983398
1785279716.6773555,9453,1.6488996744155884
1785279716.8863788,9454,1.3453843593597412
1785279717.0992677,9455,1.3614153861999512
1785279717.3121383,9456,1.3382339477539062
1785279717.5342064,9457,1.4160040616989136
1785279717.7607698,9458,2.1439592838287354
1785279717.970897,9459,1.9691671133041382
1785279718.1836605,9460,1.6096593141555786
1785279718.3920307,9461,1.3596724271774292
1785279718.5977328,9462,1.4602694511413574
1785279718.8149247,9463,1.557078242301941
1785279719.046425,9464,1.661025047302246
1785279719.2702208,9465,1.6369394063949585
1785279719.6839294,9466,1.9133691787719727
1785279720.0662148,9467,1.751031756401062
1785279720.4883153,9468,1.9666870832443237
1785279720.8776205,9469,1.5441280603408813
1785279721.2436352,9470,1.3109924793243408
1785279721.4530706,9471,1.6990225315093994
1785279721.6743886,9472,1.75296950340271
1785279721.9009602,9473,1.683910846710205
1785279722.116049,9474,2.209486722946167
1785279722.3247452,9475,2.036346197128296
1785279722.5365584,9476,2.068121910095215
1785279722.7545948,9477,1.4442752599716187
1785279722.9645622,9478,1.3886311054229736
1785279723.1698167,9479,1.4099406003952026
1785279723.4011495,9480,2.195439577102661
1785279723.6116548,9481,2.346510410308838
1785279723.8357809,9482,1.9771738052368164
1785279724.0629818,9483,1.5330275297164917
1785279724.2873127,9484,2.3160147666931152
1785279724.5163746,9485,1.3694548606872559
1785279724.7345555,9486,1.844991683959961
1785279724.9732242,9487,1.3873858451843262
1785279725.1812172,9488,1.4908515214920044
1785279725.3975794,9489,1.521979570388794
1785279725.606753,9490,1.630509614944458
1785279725.815522,9491,2.3923590183258057
1785279726.0203028,9492,1.323527216911316
1785279726.4584541,9493,1.772101640701294
1785279726.8804471,9494,1.9831438064575195
1785279727.2933168,9495,1.831730842590332
1785279727.7185497,9496,1.4284268617630005
1785279728.1577935,9497,1.5574710369110107
1785279728.3840268,9498,1.3406223058700562
1785279728.610588,9499,2.6109330654144287
1785279728.829459,9500,1.5995779037475586
1785279729.037376,9501,1.8720338344573975
1785279729.2435381,9502,1.3731409311294556
1785279729.4584043,9503,1.725184679031372
1785279729.675023,9504,1.526075839996338
1785279729.88476,9505,1.3027198314666748
1785279730.096769,9506,1.8679769039154053
1785279730.3056872,9507,1.7027428150177002
1785279730.5245821,9508,1.3524143695831299
1785279730.7353866,9509,1.3373663425445557
1785279730.9449713,9510,1.7834951877593994
1785279731.1525278,9511,1.5781047344207764
1785279731.373451,9512,1.695688009262085
1785279731.5895705,9513,1.6160387992858887
1785279731.804326,9514,2.40924334526062
1785279732.0143063,9515,1.3971750736236572
1785279732.2315686,9516,1.404023289680481
1785279732.4657037,9517,1.7352972030639648
1785279732.754394,9518,1.2773690223693848
1785279733.175833,9519,1.6221375465393066
1785279733.575458,9520,1.3156778812408447
1785279734.013699,9521,1.432710886001587
1785279734.4316444,9522,1.671507477760315
1785279734.6970537,9523,2.2151060104370117
1785279734.9179862,9524,1.3741062879562378
1785279735.1287029,9525,1.9366049766540527
1785279735.3377175,9526,1.5950467586517334
1785279735.555081,9527,1.5402357578277588
1785279735.7643383,9528,1.632037878036499
1785279735.9961011,9529,1.461422324180603
1785279736.205665,9530,1.542229413986206
1785279736.4297135,9531,1.787353277206421
1785279736.6418655,9532,1.497191071510315
1785279736.854375,9533,2.3931167125701904
1785279737.075039,9534,1.496675729751587
1785279737.2841866,9535,1.5328638553619385
1785279737.5074809,9536,1.5997097492218018
1785279737.7468536,9537,1.3391257524490356
1785279737.980815,9538,1.5952781438827515
1785279738.1972368,9539,1.7436929941177368
1785279738.40875,9540,1.4861819744110107
1785279738.6369843,9541,1.3939827680587769
1785279738.8510256,9542,1.3219804763793945
1785279739.060571,9543,1.3512539863586426
1785279739.2873156,9544,1.8029570579528809
1785279739.70762,9545,2.5112147331237793
1785279740.1503844,9546,1.3628841638565063
1785279740.570424,9547,1.306902527809143
1785279740.968364,9548,1.5667266845703125
1785279741.2838118,9549,1.7644606828689575
1785279741.4990761,9550,1.625643253326416
1785279741.7081766,9551,1.5837589502334595
1785279741.9418237,9552,1.4970117807388306
1785279742.156627,9553,1.434478998184204
1785279742.3940022,9554,1.4650156497955322
1785279742.6066036,9555,1.630496859550476
1785279742.8165154,9556,1.3867499828338623
1785279743.0553308,9557,1.906127691268921
1785279743.269025,9558,1.8385915756225586
1785279743.4767475,9559,2.3266611099243164
1785279743.6912165,9560,1.6176083087921143
1785279743.902311,9561,1.5394012928009033
1785279744.1403906,9562,1.5565627813339233
1785279744.34931,9563,1.4499647617340088
1785279744.5745776,9564,1.8711042404174805
1785279744.785368,9565,1.3893382549285889
1785279744.994018,9566,1.5209698677062988
1785279745.2143211,9567,1.7116661071777344
1785279745.4256968,9568,1.6834508180618286
1785279745.643224,9569,1.4521337747573853
1785279745.855995,9570,1.4710972309112549
1785279746.0644195,9571,2.2541704177856445
1785279746.274763,9572,1.5797042846679688
1785279746.4907122,9573,1.3220492601394653
1785279746.7000453,9574,1.7828280925750732
1785279746.9323566,9575,1.5152168273925781
1785279747.2345006,9576,1.484142541885376
1785279747.6509316,9577,1.9468002319335938
1785279748.0410266,9578,2.470794200897217
1785279748.432307,9579,1.3315002918243408
1785279748.6682026,9580,1.3425633907318115
1785279748.8799436,9581,2.5940418243408203
1785279749.1066322,9582,1.3094172477722168
1785279749.320286,9583,3.168855667114258
1785279749.5352538,9584,2.863067626953125
1785279749.7483118,9585,1.5847216844558716
1785279749.9537148,9586,1.9914557933807373
1785279750.1948235,9587,1.3266295194625854
1785279750.430315,9588,2.097078561782837
1785279750.6432402,9589,1.691007375717163
1785279750.851007,9590,1.9450002908706665
1785279751.0602636,9591,1.5900198221206665
1785279751.266696,9592,1.6476383209228516
1785279751.4754012,9593,1.6675633192062378
1785279751.6858733,9594,1.4296483993530273
1785279751.9261398,9595,1.9543077945709229
1785279752.1337495,9596,1.4300631284713745
1785279752.3709142,9597,1.8194550275802612
1785279752.5907435,9598,1.3182915449142456
1785279752.8032763,9599,1.8317821025848389
1785279753.0215168,9600,1.5911251306533813
1785279753.2387905,9601,1.9926047325134277
1785279753.478313,9602,2.4585537910461426
1785279753.6910055,9603,1.4421826601028442
1785279753.9020274,9604,1.4892568588256836
1785279754.108335,9605,1.3534376621246338
1785279754.3221874,9606,1.4942227602005005
1785279754.5376332,9607,1.6613174676895142
1785279754.7649934,9608,1.8616530895233154
1785279754.9855292,9609,1.7656561136245728
1785279755.1959617,9610,1.5365843772888184
1785279755.403538,9611,1.956984281539917
1785279755.612663,9612,1.3314369916915894
1785279755.825024,9613,2.3454360961914062
1785279756.044656,9614,1.994638442993164
1785279756.2517586,9615,1.5115094184875488
1785279756.4633052,9616,1.3333280086517334
1785279756.8484967,9617,1.5858432054519653
1785279757.2509387,9618,1.654797911643982
1785279757.6538815,9619,1.312149167060852
1785279758.092824,9620,1.586573600769043
1785279758.3044696,9621,1.9072558879852295
1785279758.5116792,9622,1.3803563117980957
1785279758.722687,9623,1.5390634536743164
1785279758.9358823,9624,1.7976603507995605
1785279759.1504068,9625,1.295492172241211
1785279759.3654969,9626,1.647477149963379
1785279759.5827162,9627,1.459189534187317
1785279759.7907665,9628,1.3659048080444336
1785279759.9955864,9629,1.3076027631759644
1785279760.2047603,9630,1.8630869388580322
1785279760.411432,9631,1.9180808067321777
1785279760.6222095,9632,1.5394532680511475
1785279760.8293757,9633,2.0900511741638184
1785279761.0386055,9634,1.522273063659668
1785279761.2526586,9635,2.013113498687744
1785279761.4892004,9636,2.0315723419189453
1785279761.697361,9637,1.50872004032135
1785279761.904185,9638,1.4288979768753052
1785279762.1121287,9639,1.826995611190796
1785279762.3400662,9640,1.395517110824585
1785279762.551405,9641,2.2276597023010254
1785279762.759272,9642,1.7564953565597534
1785279762.9729903,9643,1.8871381282806396
1785279763.1911805,9644,1.4250377416610718
1785279763.3985445,9645,1.6761177778244019
1785279763.612261,9646,1.833935260772705
1785279763.8246994,9647,1.3473987579345703
1785279764.0542321,9648,2.009843349456787
1785279764.269565,9649,1.2913199663162231
1785279764.4783578,9650,2.195216178894043
1785279764.6903157,9651,2.146566390991211
1785279764.8991508,9652,1.4725323915481567
1785279765.3113859,9653,1.4536875486373901
1785279765.7174,9654,1.6808853149414062
1785279766.099959,9655,2.4292187690734863
1785279766.5245073,9656,2.055312395095825
1785279766.8015983,9657,1.7936162948608398
1785279767.0052931,9658,1.323399305343628
1785279767.2198615,9659,1.3982964754104614
1785279767.4261627,9660,1.456024408340454
1785279767.6335204,9661,1.7531929016113281
1785279767.8464527,9662,2.403656482696533
1785279768.057903,9663,2.0462377071380615
1785279768.266804,9664,2.0542807579040527
1785279768.47595,9665,1.2862266302108765
1785279768.6871238,9666,1.8003513813018799
1785279768.8928185,9667,1.2929941415786743
1785279769.1038325,9668,1.4707388877868652
1785279769.3179626,9669,1.5036780834197998
1785279769.5315163,9670,1.6531891822814941
1785279769.742119,9671,3.386223316192627
1785279769.950838,9672,1.8653666973114014
1785279770.1602662,9673,1.4390158653259277
1785279770.3669453,9674,1.4667925834655762
1785279770.5730026,9675,2.2262487411499023
1785279770.8099809,9676,3.5503058433532715
1785279771.0127814,9677,1.3727703094482422
1785279771.2160509,9678,1.5514227151870728
1785279771.4211884,9679,1.7719669342041016
1785279771.6336062,9680,1.365671157836914
1785279771.8555198,9681,1.851917028427124
1785279772.084672,9682,1.6974146366119385
1785279772.3023095,9683,1.7709250450134277
1785279772.5067003,9684,2.049427032470703
1785279772.7092342,9685,1.353291630744934
1785279773.1306634,9686,1.7790367603302002
1785279773.5575216,9687,1.5203534364700317
1785279773.9404185,9688,1.326108694076538
1785279774.3528447,9689,1.546987771987915
1785279774.6533194,9690,1.348464846611023
1785279774.8871021,9691,1.344693660736084
1785279775.0956907,9692,1.6392253637313843
1785279775.3031476,9693,1.3532651662826538
1785279775.5202696,9694,1.285181999206543
1785279775.7308147,9695,1.4947748184204102
1785279775.9372628,9696,1.5574209690093994
1785279776.1424735,9697,1.3892501592636108
1785279776.361245,9698,1.9283004999160767
1785279776.5679657,9699,1.3037041425704956
1785279776.776156,9700,1.603053331375122
1785279776.992861,9701,1.777881145477295
1785279777.2045307,9702,1.466182827949524
1785279777.4198277,9703,1.3734996318817139
1785279777.6364202,9704,1.2799938917160034
1785279777.8436203,9705,1.836094856262207
1785279778.0685635,9706,1.6681442260742188
1785279778.2773483,9707,1.599810004234314
1785279778.4887292,9708,1.849407434463501
1785279778.7164903,9709,1.3828849792480469
1785279778.921502,9710,1.367684006690979
1785279779.1420052,9711,1.5056134462356567
1785279779.3600492,9712,1.714792251586914
1785279779.5801861,9713,1.5409448146820068
1785279779.8229015,9714,1.5338037014007568
1785279780.0348227,9715,1.7203011512756348
1785279780.2434103,9716,1.5078598260879517
1785279780.4533093,9717,1.3261076211929321
1785279780.6598425,9718,1.643416166305542
1785279780.9098077,9719,1.7976467609405518
1785279781.157131,9720,1.7850078344345093
1785279781.3646915,9721,1.387320876121521
1785279781.721248,9722,1.46832275390625
1785279782.1670947,9723,1.4663598537445068
1785279782.6433125,9724,1.3783304691314697
1785279783.0718732,9725,1.8211873769760132
1785279783.435783,9726,1.36789870262146
1785279783.6528513,9727,1.6193737983703613
1785279783.8616486,9728,1.3946537971496582
1785279784.0735714,9729,1.4459662437438965
1785279784.2867477,9730,1.7826569080352783
1785279784.5031893,9731,1.5620739459991455
1785279784.7133582,9732,1.4105579853057861
1785279784.9245498,9733,1.5172735452651978
1785279785.1495833,9734,1.4956421852111816
1785279785.4041033,9735,1.658659815788269
1785279785.6138191,9736,1.6277610063552856
1785279785.8405738,9737,1.4919214248657227
1785279786.0492556,9738,1.5565297603607178
1785279786.265345,9739,1.2905876636505127
1785279786.4793353,9740,1.9977900981903076
1785279786.6986184,9741,1.3282641172409058
1785279786.9082315,9742,1.2896711826324463
1785279787.1245475,9743,1.9887863397598267
1785279787.3787227,9744,1.3465434312820435
1785279787.604702,9745,1.8766939640045166
1785279787.8222208,9746,2.0120511054992676
1785279788.0325718,9747,1.4361419677734375
1785279788.250876,9748,1.42493736743927
1785279788.4736931,9749,1.3395154476165771
1785279788.7365913,9750,1.4865784645080566
1785279789.1732154,9751,1.6350455284118652
1785279789.6016297,9752,2.053600311279297
1785279790.0422843,9753,1.3308268785476685
1785279790.4450073,9754,1.5052366256713867
1785279790.6654482,9755,1.5232220888137817
1785279790.8797302,9756,1.9487378597259521
1785279791.100447,9757,1.3333368301391602
1785279791.3251917,9758,1.2946867942810059
1785279791.536744,9759,1.3657175302505493
1785279791.752858,9760,1.4536875486373901
1785279791.959849,9761,2.1052215099334717
1785279792.1708934,9762,1.4035307168960571
1785279792.3816168,9763,1.4227616786956787
1785279792.5925095,9764,2.192533016204834
1785279792.8166504,9765,1.4681365489959717
1785279793.0250971,9766,1.5882378816604614
1785279793.2686048,9767,1.37993586063385
1785279793.4797454,9768,1.2895587682724
1785279793.6927288,9769,1.4474780559539795
1785279793.9042056,9770,1.7184553146362305
1785279794.13934,9771,1.7963018417358398
1785279794.353978,9772,1.351273536682129
1785279794.5763366,9773,1.6227811574935913
1785279794.8007615,9774,1.6930670738220215
1785279795.1969168,9775,1.7070602178573608
1785279795.6038918,9776,1.4544053077697754
1785279796.0357506,9777,1.3104966878890991
1785279796.4520018,9778,2.2623369693756104
1785279796.8934085,9779,1.5874431133270264
1785279797.157511,9780,1.2854748964309692
1785279797.3757792,9781,1.437921166419983
1785279797.5925303,9782,1.3447972536087036
1785279797.8199234,9783,2.1171345710754395
1785279798.0297055,9784,1.6476736068725586
1785279798.2386477,9785,1.5377287864685059
1785279798.4731808,9786,1.4185622930526733
1785279798.6871042,9787,1.4949039220809937
1785279798.9096508,9788,1.2675997018814087
1785279799.1278238,9789,1.3052934408187866
1785279799.3355098,9790,1.6115251779556274
1785279799.5566227,9791,1.2774287462234497
1785279799.7799428,9792,1.4026106595993042
1785279800.0199752,9793,1.309425950050354
1785279800.238919,9794,1.3604438304901123
1785279800.4590223,9795,1.3639150857925415
1785279800.6756392,9796,2.6776041984558105
1785279800.919619,9797,1.6282126903533936
1785279801.3305588,9798,1.6327099800109863
1785279801.763626,9799,1.5534247159957886
1785279802.2586462,9800,1.4978625774383545
1785279802.6861506,9801,1.6998631954193115
1785279802.914899,9802,1.8861360549926758
1785279803.1324358,9803,1.6913220882415771
1785279803.349904,9804,1.5094497203826904
1785279803.5678346,9805,1.6285151243209839
1785279803.7776613,9806,1.3145631551742554
1785279804.0059445,9807,1.6269488334655762
1785279804.218768,9808,1.6303980350494385
1785279804.4564064,9809,1.411097526550293
1785279804.685792,9810,1.4548096656799316
1785279804.909148,9811,1.7140014171600342
1785279805.1204753,9812,1.3428215980529785
1785279805.334074,9813,1.4582923650741577
1785279805.5575075,9814,1.4013375043869019
1785279805.7755477,9815,1.3100135326385498
1785279805.9998634,9816,1.7909584045410156
1785279806.2481577,9817,2.4042930603027344
1785279806.4720333,9818,1.3501795530319214
1785279806.7148414,9819,1.746092677116394
1785279806.945361,9820,1.4069496393203735
1785279807.3227108,9821,1.2621757984161377
1785279807.7614658,9822,1.5702816247940063
1785279808.1946652,9823,1.5504961013793945
1785279808.6917305,9824,2.3311259746551514
1785279809.0464313,9825,1.336758017539978
1785279809.26952,9826,1.8568298816680908
1785279809.515075,9827,1.464674949645996
1785279809.7216456,9828,1.4504432678222656
1785279809.9690847,9829,1.506892204284668
1785279810.2026114,9830,1.440422773361206
1785279810.4390712,9831,1.3668962717056274
1785279810.692107,9832,1.3102095127105713
1785279810.9160433,9833,1.451668620109558
1785279811.141876,9834,1.6098670959472656
1785279811.3781097,9835,1.350327491760254
1785279811.6127565,9836,2.1265640258789062
1785279811.8453777,9837,1.5968562364578247
1785279812.0518234,9838,1.5629948377609253
1785279812.333765,9839,1.5413627624511719
1785279812.7522852,9840,1.3600273132324219
1785279813.1671562,9841,1.4751582145690918
1785279813.5620723,9842,2.7333974838256836
1785279813.9541154,9843,1.334648609161377
1785279814.167629,9844,1.5579001903533936
1785279814.3770065,9845,1.53521728515625
1785279814.5894036,9846,2.1976752281188965
1785279814.8105185,9847,1.7895694971084595
1785279815.0207584,9848,1.440945029258728
1785279815.2481165,9849,1.8551151752471924
1785279815.4632177,9850,1.4842756986618042
1785279815.6776602,9851,1.372081995010376
1785279815.9063141,9852,1.3307008743286133
1785279816.1173985,9853,1.8849453926086426
1785279816.3269382,9854,1.4032901525497437
1785279816.535508,9855,1.5500028133392334
1785279816.761664,9856,1.760176181793213
1785279816.9841292,9857,1.3793686628341675
1785279817.2130911,9858,1.270401954650879
1785279817.426639,9859,1.3423094749450684
1785279817.6487074,9860,2.275663137435913
1785279817.8788812,9861,2.3509140014648438
1785279818.0977583,9862,1.3282701969146729
1785279818.3223593,9863,1.6520732641220093
1785279818.7451346,9864,1.3401097059249878
1785279819.1763074,9865,1.7801246643066406
1785279819.60187,9866,1.8244577646255493
1785279820.022243,9867,1.3413282632827759
1785279820.234405,9868,1.674719214439392
1785279820.4457803,9869,1.5116145610809326
1785279820.6716135,9870,1.6930054426193237
1785279820.9044986,9871,1.621679663658142
1785279821.125985,9872,1.4760346412658691
1785279821.3377788,9873,1.3505709171295166
1785279821.5545738,9874,1.776719331741333
1785279821.7870736,9875,1.2864067554473877
1785279822.0156612,9876,1.8072266578674316
1785279822.2285712,9877,1.3883411884307861
1785279822.44141,9878,1.4625264406204224
1785279822.658189,9879,1.428957462310791
1785279822.8977237,9880,1.837335467338562
1785279823.124234,9881,1.7068036794662476
1785279823.3479788,9882,1.3243283033370972
1785279823.5628932,9883,1.3241629600524902
1785279823.875128,9884,1.4148372411727905
1785279824.3356793,9885,1.407204270362854
1785279824.8134925,9886,1.5226569175720215
1785279825.2528586,9887,3.2726306915283203
1785279825.5531964,9888,1.8844053745269775
1785279825.7626164,9889,1.3616390228271484
1785279825.9844651,9890,1.3340097665786743
1785279826.2052708,9891,1.562056064605713
1785279826.4357207,9892,1.5057709217071533
1785279826.6544945,9893,1.3241798877716064
1785279826.8899436,9894,1.6916258335113525
1785279827.1029625,9895,1.453511118888855
1785279827.3159177,9896,1.6288424730300903
1785279827.5233645,9897,1.986924409866333
1785279827.7403965,9898,1.7050002813339233
1785279827.9577556,9899,1.7307274341583252
1785279828.1816423,9900,1.4800899028778076
1785279828.4057057,9901,1.318499207496643
1785279828.6195285,9902,1.7205976247787476
1785279829.058405,9903,2.3151397705078125
1785279829.4856818,9904,1.4915403127670288
1785279829.9126198,9905,2.0372297763824463
1785279830.3292775,9906,1.4174346923828125
1785279830.7712996,9907,1.3882635831832886
1785279830.9868958,9908,2.149813652038574
1785279831.2045546,9909,2.151599645614624
1785279831.4236536,9910,1.5378342866897583
1785279831.6434727,9911,1.8056881427764893
1785279831.8673246,9912,1.4824256896972656
1785279832.0878098,9913,1.7608720064163208
1785279832.3211339,9914,1.5350334644317627
1785279832.5381064,9915,1.4675849676132202
1785279832.7649112,9916,1.589210033416748
1785279832.9811635,9917,1.5418477058410645
1785279833.195263,9918,1.804795742034912
1785279833.4436495,9919,1.5780714750289917
1785279833.6670835,9920,2.6408305168151855
1785279833.8904936,9921,1.459388256072998
1785279834.110021,9922,1.343285322189331
1785279834.343136,9923,1.5711957216262817
1785279834.5637798,9924,1.7822439670562744
1785279834.7820752,9925,1.670210599899292
1785279835.2079077,9926,1.4156017303466797
1785279835.6699255,9927,1.3854857683181763
1785279836.1007438,9928,1.293302297592163
1785279836.536774,9929,1.3086469173431396
1785279836.843462,9930,1.3868919610977173
1785279837.0550015,9931,2.523634910583496
1785279837.2723706,9932,1.474456548690796
1785279837.5037098,9933,1.774778127670288
1785279837.730235,9934,1.4585096836090088
1785279837.939796,9935,2.1040821075439453
1785279838.159881,9936,1.330488681793213
1785279838.3940883,9937,1.6271443367004395
1785279838.6209505,9938,1.4370076656341553
1785279839.0555294,9939,1.447371006011963
1785279839.5166032,9940,1.687838077545166
1785279839.9593124,9941,1.5217671394348145
1785279840.310081,9942,1.29476797580719
1785279840.539137,9943,1.5332930088043213
1785279840.7540407,9944,1.612416386604309
1785279840.98476,9945,1.4248456954956055
1785279841.2021642,9946,1.416372537612915
1785279841.417613,9947,1.9945802688598633
1785279841.650793,9948,1.7308831214904785
1785279841.8704638,9949,1.3997411727905273
1785279842.0943954,9950,1.3168100118637085
1785279842.3147578,9951,1.3079882860183716
1785279842.5271451,9952,1.6197606325149536
1785279842.739336,9953,1.2620007991790771
1785279842.9593685,9954,1.2864201068878174
1785279843.1823058,9955,1.7869575023651123
1785279843.4170547,9956,1.5796390771865845
1785279843.6606026,9957,1.7971619367599487
1785279843.8956752,9958,1.4007384777069092
1785279844.1162841,9959,1.3775529861450195
1785279844.340906,9960,1.4325543642044067
1785279844.5708952,9961,1.6908304691314697
1785279844.7957058,9962,1.6328359842300415
1785279845.2097516,9963,2.225477695465088
1785279845.649694,9964,2.0182290077209473
1785279846.1125324,9965,1.2954636812210083
1785279846.5572493,9966,1.6196035146713257
1785279846.889018,9967,1.4065656661987305
1785279847.1534595,9968,1.6850152015686035
1785279847.395907,9969,1.6193732023239136
1785279847.6268065,9970,1.6644625663757324
1785279847.8507488,9971,1.334116816520691
1785279848.070364,9972,1.3064038753509521
1785279848.2983258,9973,1.3060152530670166
1785279848.5444932,9974,1.4710785150527954
1785279848.7675421,9975,1.382124900817871
1785279849.0066724,9976,1.5538914203643799
1785279849.2238693,9977,1.4789073467254639
1785279849.4593236,9978,1.3485220670700073
1785279849.6756902,9979,1.5762399435043335
1785279849.8976443,9980,1.512686014175415
1785279850.1220722,9981,1.7153117656707764
1785279850.3460643,9982,1.4981263875961304
1785279850.5662825,9983,1.5028753280639648
1785279850.8008924,9984,1.5283976793289185
1785279851.031559,9985,3.575876235961914
1785279851.4850867,9986,1.6021556854248047
1785279851.919164,9987,2.5749831199645996
1785279852.3224328,9988,1.7025647163391113
1785279852.7581446,9989,2.16228985786438
1785279853.0920763,9990,1.6771976947784424
1785279853.3075247,9991,1.4993163347244263
1785279853.5210502,9992,1.6126353740692139
1785279853.760057,9993,1.27524995803833
1785279853.9829094,9994,1.647801399230957
1785279854.2310832,9995,1.9597792625427246
1785279854.4468782,9996,1.4932105541229248
1785279854.6689487,9997,1.271941900253296
1785279854.8886566,9998,1.827100157737732
1785279855.1027381,9999,1.4441306591033936
1785279855.3396506,10000,1.3749988079071045
1785279855.5516682,10001,1.60139799118042
1785279855.7953615,10002,1.360093355178833
1785279856.005276,10003,1.809952735900879
1785279856.2240057,10004,1.8552260398864746
1785279856.4379036,10005,1.9252768754959106
1785279856.6528888,10006,1.6593974828720093
1785279856.8717582,10007,1.3241103887557983
1785279857.180045,10008,1.2998486757278442
1785279857.649794,10009,1.570054054260254
1785279858.1242108,10010,1.4925010204315186
1785279858.5816793,10011,1.35554838180542
1785279858.9835088,10012,1.3350930213928223
1785279859.2189312,10013,1.819906234741211
1785279859.4371753,10014,1.4985806941986084
1785279859.6587367,10015,1.4964144229888916
1785279859.8946705,10016,1.7270171642303467
1785279860.123279,10017,1.8090577125549316
1785279860.3489518,10018,1.3974463939666748
1785279860.573256,10019,1.5951483249664307
1785279860.8045795,10020,1.4894965887069702
1785279861.0210412,10021,1.8382946252822876
1785279861.242805,10022,2.2038142681121826
1785279861.458169,10023,1.3496818542480469
1785279861.6823127,10024,1.9240219593048096
1785279861.900908,10025,1.330878496170044
1785279862.11036,10026,1.640907883644104
1785279862.3536427,10027,1.4314888715744019
1785279862.566741,10028,2.1145968437194824
1785279862.7738943,10029,1.92557954788208
1785279862.995927,10030,1.473602294921875
1785279863.2426383,10031,1.456345558166504
1785279863.4522905,10032,1.6109025478363037
1785279863.787107,10033,2.356706142425537
1785279864.1737025,10034,1.3755868673324585
1785279864.5986145,10035,1.294142246246338
1785279864.9882426,10036,1.4302492141723633
1785279865.317425,10037,1.4224052429199219
1785279865.524158,10038,1.3685959577560425
1785279865.7307427,10039,1.5252070426940918
1785279865.9515762,10040,2.1213696002960205
1785279866.164563,10041,1.8208271265029907
1785279866.3761284,10042,1.3185577392578125
1785279866.5936015,10043,2.1695971488952637
1785279866.8177185,10044,1.348584532737732
1785279867.0410283,10045,1.5025815963745117
1785279867.2498755,10046,1.9298597574234009
1785279867.4710977,10047,1.9065608978271484
1785279867.6868103,10048,1.393953561782837
1785279867.8992138,10049,1.6347298622131348
1785279868.1122506,10050,1.598777413368225
1785279868.3459892,10051,1.4601662158966064
1785279868.5570178,10052,1.5445951223373413
1785279868.7902505,10053,2.226388454437256
1785279869.005401,10054,1.5506322383880615
1785279869.2199738,10055,1.5586471557617188
1785279869.4358895,10056,1.3603081703186035
1785279869.6460006,10057,1.398603916168213
1785279869.8604102,10058,1.3211548328399658
1785279870.174901,10059,1.2833975553512573
1785279870.5886877,10060,1.3549751043319702
1785279871.0078661,10061,1.4357950687408447
1785279871.401616,10062,1.3369922637939453
1785279871.8027997,10063,2.068605899810791
1785279872.018469,10064,1.5462946891784668
1785279872.2403054,10065,1.4317452907562256
1785279872.4624758,10066,1.6829404830932617
1785279872.6851933,10067,1.3980793952941895
1785279872.899313,10068,1.3624615669250488
1785279873.1201453,10069,1.5256458520889282
1785279873.3321328,10070,1.398728609085083
1785279873.5562289,10071,1.5118203163146973
1785279873.7710555,10072,2.2124762535095215
1785279874.0017037,10073,1.3269996643066406
1785279874.2223456,10074,2.0776968002319336
1785279874.4628475,10075,1.4869728088378906
1785279874.6780872,10076,1.2776434421539307
1785279875.0130866,10077,1.8350467681884766
1785279875.3047845,10078,2.164340019226074
1785279875.7103884,10079,1.5219770669937134
1785279876.0980673,10080,2.0169167518615723
1785279876.51809,10081,1.3644965887069702
1785279876.9310386,10082,1.8940763473510742
1785279877.2297266,10083,1.3495023250579834
1785279877.441365,10084,1.3349201679229736
1785279877.651676,10085,1.5146173238754272
1785279877.86963,10086,1.3230829238891602
1785279878.0799096,10087,1.4005500078201294
1785279878.2935014,10088,1.6003742218017578
1785279878.5112092,10089,1.5157643556594849
1785279878.7206266,10090,1.365017294883728
1785279878.9354522,10091,1.3008008003234863
1785279879.1484466,10092,1.5918965339660645
1785279879.3853586,10093,1.3505451679229736
1785279879.5972645,10094,1.3980693817138672
1785279879.820798,10095,1.3341130018234253
1785279880.037591,10096,1.5539251565933228
1785279880.2484345,10097,1.3784769773483276
1785279880.4615467,10098,1.384750485420227
1785279880.6747577,10099,1.2736693620681763
1785279880.894516,10100,1.8063864707946777
1785279881.1090837,10101,1.7242608070373535
1785279881.3195276,10102,1.514147162437439
1785279881.5564744,10103,1.4193724393844604
1785279881.7737567,10104,1.7088667154312134
1785279881.9940038,10105,2.2859864234924316
1785279882.2178652,10106,1.4552524089813232
1785279882.4339523,10107,1.668839454650879
1785279882.6568093,10108,2.2584404945373535
1785279882.9447467,10109,2.124056816101074
1785279883.336912,10110,1.3242510557174683
1785279883.7454844,10111,1.3097599744796753
1785279884.1353045,10112,1.3316069841384888
1785279884.5245676,10113,2.0728211402893066
1785279884.8412387,10114,1.3977320194244385
1785279885.0615907,10115,1.4679710865020752
1785279885.2981343,10116,2.0929319858551025
1785279885.5120564,10117,1.6966238021850586
1785279885.7216918,10118,1.6645958423614502
1785279885.945247,10119,1.2888500690460205
1785279886.1629674,10120,1.503358244895935
1785279886.381277,10121,1.3285140991210938
1785279886.6112258,10122,1.4534492492675781
1785279886.8312466,10123,1.3749945163726807
1785279887.0459492,10124,1.4045716524124146
1785279887.267993,10125,1.3277980089187622
1785279887.4935985,10126,1.3491936922073364
1785279887.7045596,10127,1.4520487785339355
1785279887.930931,10128,1.8402342796325684
1785279888.1655989,10129,1.698085069656372
1785279888.3790312,10130,1.9107131958007812
1785279888.6029177,10131,1.7169833183288574
1785279888.836746,10132,1.6670949459075928
1785279889.0748458,10133,1.5780149698257446
1785279889.2887595,10134,1.750277042388916
1785279889.7475715,10135,1.647664189338684
1785279890.216852,10136,1.7831741571426392
1785279890.6342232,10137,1.434086561203003
1785279891.0337164,10138,1.2886145114898682
1785279891.2535524,10139,2.319049835205078
1785279891.4780486,10140,1.285865306854248
1785279891.7268512,10141,1.4680540561676025
1785279891.9362783,10142,1.552907943725586
1785279892.1482115,10143,1.6181012392044067
1785279892.3556402,10144,1.616927146911621
1785279892.5686262,10145,1.6554861068725586
1785279892.7765203,10146,1.3253710269927979
1785279892.9849308,10147,1.9432692527770996
1785279893.2011364,10148,1.359126329421997
1785279893.415492,10149,1.3044524192810059
1785279893.624823,10150,2.4348130226135254
1785279893.8344226,10151,1.3812386989593506
1785279894.045096,10152,1.3533706665039062
1785279894.2629368,10153,1.6538331508636475
1785279894.471586,10154,1.628595232963562
1785279894.7004411,10155,1.3098602294921875
1785279894.93675,10156,1.5846080780029297
1785279895.159432,10157,1.7893694639205933
1785279895.5821521,10158,1.3056117296218872
1785279895.9781291,10159,1.7555701732635498
1785279896.37316,10160,1.4465291500091553
1785279896.7819302,10161,1.2883267402648926
1785279897.155368,10162,1.5884182453155518
1785279897.367371,10163,1.3087869882583618
1785279897.5913188,10164,1.4254517555236816
1785279897.8039658,10165,1.562218189239502
1785279898.0145538,10166,1.3411589860916138
1785279898.2216384,10167,1.402000904083252
1785279898.4384706,10168,1.324864387512207
1785279898.6519756,10169,1.3437546491622925
1785279898.8595011,10170,1.4638473987579346
1785279899.0766532,10171,1.9665114879608154
1785279899.2938573,10172,3.0656323432922363
1785279899.5084314,10173,1.5096092224121094
1785279899.749013,10174,1.4328285455703735
1785279899.958275,10175,1.2806652784347534
1785279900.1726122,10176,1.5440864562988281
1785279900.3826575,10177,1.9533581733703613
1785279900.5980923,10178,2.237682580947876
1785279900.825259,10179,2.094043016433716
1785279901.0352495,10180,1.6293390989303589
1785279901.246425,10181,1.5002497434616089
1785279901.6664476,10182,1.6990411281585693
1785279902.1340144,10183,1.373344898223877
1785279902.5443087,10184,1.4500360488891602
1785279902.9663265,10185,1.4679571390151978
1785279903.3331678,10186,2.0082433223724365
1785279903.5552144,10187,2.2151498794555664
1785279903.7697473,10188,1.3959314823150635
1785279903.9806695,10189,1.4931285381317139
1785279904.1901786,10190,2.1157963275909424
1785279904.397312,10191,1.5422507524490356
1785279904.6099966,10192,1.5043152570724487
1785279904.8202798,10193,1.3148692846298218
1785279905.032566,10194,1.3695149421691895
1785279905.2456017,10195,1.3283958435058594
1785279905.453632,10196,1.480372667312622
1785279905.674982,10197,1.5075154304504395
1785279905.8899264,10198,1.7652924060821533
1785279906.1055336,10199,1.7298953533172607
1785279906.3205879,10200,2.0098538398742676
1785279906.530337,10201,1.4245649576187134
1785279906.7469985,10202,1.888730525970459
1785279906.9578278,10203,1.3812412023544312
1785279907.1657631,10204,1.4821813106536865
1785279907.391482,10205,1.295418620109558
1785279907.603454,10206,1.9606430530548096
1785279907.921208,10207,1.3423516750335693
1785279908.3273787,10208,1.4870200157165527
1785279908.7190175,10209,1.4167914390563965
1785279909.1093314,10210,1.450669765472412
1785279909.4957533,10211,1.7800644636154175
1785279909.7122297,10212,1.2968300580978394
1785279909.9354324,10213,2.10595440864563
1785279910.173049,10214,1.742968201637268
1785279910.3850174,10215,1.753103256225586
1785279910.628885,10216,1.5203324556350708
1785279910.8556798,10217,1.9550129175186157
1785279911.0666537,10218,1.4573174715042114
1785279911.2778852,10219,1.4999909400939941
1785279911.4901643,10220,1.3240764141082764
1785279911.72696,10221,1.365040898323059
1785279911.9398332,10222,1.5816199779510498
1785279912.1493042,10223,1.4998409748077393
1785279912.3584962,10224,1.8183683156967163
1785279912.5659285,10225,1.3383864164352417
1785279912.7784698,10226,1.7422759532928467
1785279912.9921682,10227,1.7093455791473389
1785279913.2102823,10228,1.696169137954712
1785279913.4426038,10229,1.3199348449707031
1785279913.6526911,10230,1.3099606037139893
1785279913.8619404,10231,1.7082455158233643
1785279914.2662103,10232,1.826830267906189
1785279914.6638973,10233,1.473168969154358
1785279915.0542662,10234,1.9183440208435059
1785279915.461854,10235,1.3473507165908813
1785279915.736611,10236,1.3980448246002197
1785279915.9697745,10237,1.4470797777175903
1785279916.182492,10238,1.3779090642929077
1785279916.4065,10239,1.4791603088378906
1785279916.623213,10240,2.5165040493011475
1785279916.8346148,10241,1.6383395195007324
1785279917.045776,10242,2.454403877258301
1785279917.2768633,10243,1.5007953643798828
1785279917.4884913,10244,1.5995045900344849
1785279917.7041433,10245,1.7376222610473633
1785279917.9315925,10246,1.3322721719741821
1785279918.1424963,10247,1.3728690147399902
1785279918.3636787,10248,1.3045626878738403
1785279918.5868182,10249,1.4002907276153564
1785279918.8052964,10250,1.4230767488479614
1785279919.0212238,10251,1.8056477308273315
1785279919.231082,10252,1.4858301877975464
1785279919.5806231,10253,1.290036916732788
1785279919.9708886,10254,1.515798568725586
1785279920.4055073,10255,1.3306174278259277
1785279920.8080735,10256,1.4070314168930054
1785279921.0966098,10257,1.350581407546997
1785279921.3065627,10258,1.3421714305877686
1785279921.5149007,10259,1.398888349533081
1785279921.7252405,10260,1.8249425888061523
1785279921.9360003,10261,1.3703556060791016
1785279922.143238,10262,1.9421932697296143
1785279922.3512254,10263,1.6221553087234497
1785279922.56248,10264,1.7604414224624634
1785279922.780243,10265,1.6453685760498047
1785279922.987485,10266,1.7242143154144287
1785279923.205056,10267,1.5185232162475586
1785279923.4295073,10268,1.4274029731750488
1785279923.6517472,10269,1.765784502029419
1785279923.8641493,10270,1.3923218250274658
1785279924.07344,10271,1.3715707063674927
1785279924.28275,10272,1.7883172035217285
1785279924.5199046,10273,1.3002221584320068
1785279924.8138607,10274,1.6408164501190186
1785279925.2214584,10275,1.4519712924957275
1785279925.621451,10276,1.3228623867034912
1785279926.0269952,10277,1.4174724817276
1785279926.430005,10278,1.3531652688980103
1785279926.6482003,10279,1.6828727722167969
1785279926.8950155,10280,1.6277390718460083
1785279927.1241171,10281,1.5142154693603516
1785279927.3328788,10282,2.000260829925537
1785279927.552501,10283,1.3033151626586914
1785279927.7647896,10284,1.4495322704315186
1785279927.9746482,10285,1.5314122438430786
1785279928.1881378,10286,1.5169451236724854
1785279928.3982167,10287,1.7178514003753662
1785279928.6082537,10288,1.4952771663665771
1785279928.8288403,10289,1.542151927947998
1785279929.064901,10290,1.9266183376312256
1785279929.2908583,10291,1.6371835470199585
1785279929.4997053,10292,1.5411865711212158
1785279929.712376,10293,1.5589619874954224
1785279929.9317412,10294,1.4254848957061768
1785279930.1536021,10295,1.3363741636276245
1785279930.3827925,10296,1.6685755252838135
1785279930.6121485,10297,1.891524076461792
1785279930.837918,10298,1.5819207429885864
1785279931.0665007,10299,2.0264291763305664
1785279931.2769594,10300,1.5257575511932373
1785279931.4882393,10301,1.4165927171707153
1785279931.8551707,10302,1.75574791431427
1785279932.2566245,10303,1.3242143392562866
1785279932.6566234,10304,1.5568997859954834
1785279933.05357,10305,1.4836900234222412
1785279933.457956,10306,1.8482717275619507
1785279933.8131394,10307,1.8223224878311157
1785279934.0280862,10308,1.482087254524231
1785279934.2550633,10309,1.5946979522705078
1785279934.4729688,10310,1.3731307983398438
1785279934.6820724,10311,1.4360324144363403
1785279934.890837,10312,1.866652488708496
1785279935.1208122,10313,2.0436789989471436
1785279935.3329139,10314,1.8121644258499146
1785279935.542013,10315,1.3961889743804932
1785279935.7509089,10316,1.712540864944458
1785279935.9676046,10317,2.346273422241211
1785279936.1810455,10318,1.5095833539962769
1785279936.3967113,10319,1.3738681077957153
1785279936.6180022,10320,1.333126425743103
1785279936.8338163,10321,1.8814222812652588
1785279937.0641866,10322,1.354893445968628
1785279937.2941241,10323,1.2793382406234741
1785279937.506793,10324,3.337132215499878
1785279937.7205222,10325,1.289421796798706
1785279937.971276,10326,1.616955280303955
1785279938.1847193,10327,1.4995055198669434
1785279938.3939545,10328,1.797802448272705
1785279938.737924,10329,1.422693133354187
1785279939.1614764,10330,1.4938254356384277
1785279939.6041338,10331,1.6422120332717896
1785279940.0037258,10332,1.4647035598754883
1785279940.4185169,10333,1.9824600219726562
1785279940.6723993,10334,1.8456493616104126
1785279940.906087,10335,1.8329715728759766
1785279941.1141376,10336,1.312982201576233
1785279941.3914218,10337,1.3256444931030273
1785279941.6889224,10338,1.444563388824463
1785279941.9001145,10339,1.5443962812423706
1785279942.1211054,10340,1.9654514789581299
1785279942.3398902,10341,1.313286542892456
1785279942.5607934,10342,1.4014750719070435
1785279942.7828894,10343,1.5173667669296265
1785279942.993764,10344,1.67771315574646
1785279943.2050903,10345,3.085846424102783
1785279943.4238114,10346,1.508333444595337
1785279943.631504,10347,1.4817839860916138
1785279943.8471215,10348,1.4337577819824219
1785279944.0657353,10349,1.5505640506744385
1785279944.2830226,10350,1.383629560470581
1785279944.4991968,10351,1.3108339309692383
1785279944.8486536,10352,1.291028380393982
1785279945.2727437,10353,1.443844199180603
1785279945.6874955,10354,1.3342993259429932
1785279946.0864906,10355,1.526862621307373
1785279946.4944324,10356,1.3302873373031616
1785279946.7063751,10357,1.5472873449325562
1785279946.9217994,10358,1.9226341247558594
1785279947.1399662,10359,1.7416369915008545
1785279947.3582098,10360,3.117023468017578
1785279947.5751421,10361,1.5144906044006348
1785279947.7889655,10362,2.052701950073242
1785279948.0155547,10363,1.2988921403884888
1785279948.2226691,10364,1.4349510669708252
1785279948.4307568,10365,1.8242908716201782
1785279948.6469386,10366,1.3056648969650269
1785279948.8593097,10367,1.4617230892181396
1785279949.0912085,10368,1.4238195419311523
1785279949.3081446,10369,1.690331220626831
1785279949.5328734,10370,1.7160911560058594
1785279949.740747,10371,1.4972169399261475
1785279949.9610648,10372,1.5162423849105835
1785279950.1734397,10373,1.313842535018921
1785279950.3826902,10374,1.3611938953399658
1785279950.785585,10375,1.4409235715866089
1785279951.1998765,10376,2.8206567764282227
1785279951.6068494,10377,1.556311011314392
1785279952.003275,10378,1.4648888111114502
1785279952.2871025,10379,1.402052640914917
1785279952.4975617,10380,1.6546775102615356
1785279952.7111073,10381,1.9124374389648438
1785279952.9210818,10382,1.399303913116455
1785279953.1329296,10383,1.6543824672698975
1785279953.3500395,10384,1.6549525260925293
1785279953.5703208,10385,1.4390392303466797
1785279953.7789545,10386,1.322311282157898
1785279953.9880111,10387,1.4747024774551392
1785279954.2425897,10388,1.3192483186721802
1785279954.4650068,10389,1.5791047811508179
1785279954.6923668,10390,1.6160074472427368
1785279954.9042168,10391,1.8050875663757324
1785279955.1151707,10392,1.4152839183807373
1785279955.3440053,10393,1.2763861417770386
1785279955.5657487,10394,1.3235503435134888
1785279955.7798371,10395,1.7003173828125
1785279955.9979715,10396,1.6903901100158691
1785279956.2813084,10397,1.8878672122955322
1785279956.7114294,10398,1.74219810962677
1785279957.1422453,10399,1.5112460851669312
1785279957.530343,10400,1.4189717769622803
1785279957.8435788,10401,1.2963383197784424
1785279958.0746477,10402,1.8804569244384766
1785279958.2871149,10403,1.5969656705856323
1785279958.5003624,10404,1.432153582572937
1785279958.7532022,10405,1.2688732147216797
1785279959.0012035,10406,1.4911836385726929
1785279959.2155006,10407,1.6538740396499634
1785279959.453867,10408,1.5168938636779785
1785279959.66264,10409,1.3364131450653076
1785279959.8818822,10410,1.6550695896148682
1785279960.1133475,10411,1.4674690961837769
1785279960.3649054,10412,1.508384108543396
1785279960.588081,10413,1.2675002813339233
1785279960.835148,10414,1.6820271015167236
1785279961.0509925,10415,1.3219292163848877
1785279961.286335,10416,1.3270916938781738
1785279961.5055692,10417,1.282407522201538
1785279961.8020647,10418,1.466597557067871
1785279962.220859,10419,1.440358281135559
1785279962.649029,10420,1.665459156036377
1785279963.1009896,10421,1.7434358596801758
1785279963.5859463,10422,1.5245213508605957
1785279963.831486,10423,1.6309678554534912
1785279964.0477588,10424,1.5413439273834229
1785279964.2851923,10425,1.608184576034546
1785279964.4946837,10426,1.2956914901733398
1785279964.7236967,10427,2.264148712158203
1785279964.937212,10428,2.4207754135131836
1785279965.1524916,10429,1.591588020324707
1785279965.378067,10430,2.1340572834014893
1785279965.5958776,10431,1.8455718755722046
1785279965.8162458,10432,1.3298207521438599
1785279966.0436141,10433,1.3835077285766602
1785279966.2572708,10434,1.5322997570037842
1785279966.4763944,10435,1.791463851928711
1785279966.6944833,10436,1.2745287418365479
1785279966.9108915,10437,1.2985121011734009
1785279967.1273856,10438,1.525343894958496
1785279967.361767,10439,2.952650785446167
1785279967.578069,10440,2.7118382453918457
1785279967.9347572,10441,1.3412405252456665
1785279968.3631287,10442,1.7285232543945312
1785279968.8393972,10443,1.479630470275879
1785279969.3540473,10444,1.818612813949585
1785279969.6988018,10445,1.5719499588012695
1785279969.9491584,10446,1.5047944784164429
1785279970.1900759,10447,1.5643548965454102
1785279970.4573617,10448,1.619292974472046
1785279970.7012773,10449,1.3019330501556396
1785279970.953967,10450,1.476515531539917
1785279971.194159,10451,1.6614363193511963
1785279971.4242735,10452,1.3543407917022705
1785279971.6539805,10453,1.3738493919372559
1785279971.8866386,10454,1.9715107679367065
1785279972.1018217,10455,1.6510968208312988
1785279972.3308554,10456,1.787125587463379
1785279972.564709,10457,1.3446284532546997
1785279972.7994688,10458,1.960313081741333
1785279973.0117903,10459,1.4018889665603638
1785279973.2349238,10460,1.6509296894073486
1785279973.4406075,10461,1.300805926322937
1785279973.6598012,10462,1.2791818380355835
1785279973.87249,10463,1.515843152999878
1785279974.0941658,10464,1.2813974618911743
1785279974.4449708,10465,1.504354476928711
1785279974.882205,10466,1.5317232608795166
1785279975.3139431,10467,1.456571102142334
1785279975.7111301,10468,1.5541208982467651
1785279976.135796,10469,1.5785882472991943
1785279976.3842049,10470,1.289950966835022
1785279976.6132035,10471,1.3032476902008057
1785279976.822881,10472,1.6281485557556152
1785279977.0640717,10473,1.3393006324768066
1785279977.2776692,10474,1.299636960029602
1785279977.5061383,10475,1.3343079090118408
1785279977.7181418,10476,2.3216755390167236
1785279977.9453802,10477,1.3074705600738525
1785279978.1750157,10478,2.4918317794799805
1785279978.4051147,10479,1.4044073820114136
1785279978.6159542,10480,1.5522149801254272
1785279978.8308413,10481,1.297044038772583
1785279979.0437222,10482,1.4541349411010742
1785279979.2536242,10483,1.4178625345230103
1785279979.4722447,10484,2.221181631088257
1785279979.6881208,10485,1.4003417491912842
1785279979.8961222,10486,1.3763024806976318
1785279980.1071765,10487,1.5299526453018188
1785279980.316178,10488,1.621559977531433
1785279980.525528,10489,1.7705178260803223
1785279980.9365768,10490,1.5748119354248047
1785279981.3382502,10491,1.9546010494232178
1785279981.7637048,10492,1.4283485412597656
1785279982.21415,10493,2.3586370944976807
1785279982.5126326,10494,1.382724404335022
1785279982.740785,10495,1.6395823955535889
1785279982.958703,10496,2.0591177940368652
1785279983.1727843,10497,1.778937816619873
1785279983.4075623,10498,1.3425037860870361
1785279983.633516,10499,1.5645489692687988
1785279983.8446321,10500,1.524712085723877
1785279984.0739925,10501,1.4874171018600464
1785279984.286227,10502,1.9975945949554443
1785279984.4978096,10503,1.4617482423782349
1785279984.7113037,10504,1.5715056657791138
1785279984.9552197,10505,1.3535561561584473
1785279985.1809626,10506,1.7048709392547607
1785279985.4163897,10507,1.673015832901001
1785279985.6486847,10508,1.3159078359603882
1785279985.8766966,10509,1.4888356924057007
1785279986.1105418,10510,1.2942955493927002
1785279986.3381283,10511,1.2885936498641968
1785279986.5485444,10512,1.432044506072998
1785279986.8261015,10513,1.4474034309387207
1785279987.2603312,10514,1.3113625049591064
1785279987.7065744,10515,1.4092756509780884
1785279988.111371,10516,2.0182595252990723
1785279988.4653656,10517,1.2983275651931763
1785279988.6855881,10518,1.6298571825027466
1785279988.899185,10519,1.3278197050094604
1785279989.1078238,10520,1.5320910215377808
1785279989.3353357,10521,1.3193700313568115
1785279989.557504,10522,1.3016040325164795
1785279989.7812426,10523,1.8902435302734375
1785279989.997995,10524,1.8237888813018799
1785279990.320759,10525,1.6782512664794922
1785279990.5920415,10526,1.7639856338500977
1785279990.8009298,10527,1.503324270248413
1785279991.0226476,10528,1.6392407417297363
1785279991.273366,10529,1.284351110458374
1785279991.501263,10530,1.6795387268066406
1785279991.7350893,10531,1.4602019786834717
1785279992.1951964,10532,1.3295443058013916
1785279992.6150856,10533,1.31131911277771
1785279993.0689013,10534,1.4388068914413452
1785279993.5125818,10535,1.4759628772735596
1785279993.8972044,10536,1.3164594173431396
1785279994.1430771,10537,1.6807012557983398
1785279994.3623466,10538,1.4431744813919067
1785279994.5791938,10539,1.5855345726013184
1785279994.7918506,10540,1.4926729202270508
1785279995.0084488,10541,1.6995033025741577
1785279995.2212083,10542,1.3200496435165405
1785279995.4356058,10543,1.7350094318389893
1785279995.6620133,10544,1.7335920333862305
1785279995.9040985,10545,1.3836952447891235
1785279996.114799,10546,1.5352858304977417
1785279996.3349266,10547,1.3715860843658447
1785279996.5441728,10548,1.7544076442718506
1785279996.7550213,10549,1.909012794494629
1785279996.9644978,10550,1.3558121919631958
1785279997.186073,10551,1.3326842784881592
1785279997.4240339,10552,1.4300951957702637
1785279997.667449,10553,1.3787729740142822
1785279997.8938968,10554,1.3366477489471436
1785279998.239408,10555,1.3685821294784546
1785279998.6756928,10556,1.6149563789367676
1785279999.1102803,10557,1.6730939149856567
1785279999.5588074,10558,1.4011566638946533
1785279999.9467993,10559,1.8830585479736328
1785280000.17034,10560,1.3071730136871338
1785280000.4068396,10561,1.4971792697906494
1785280000.6472178,10562,1.319323182106018
1785280000.8657725,10563,1.5853512287139893
1785280001.090393,10564,1.6699320077896118
1785280001.3074677,10565,1.4559099674224854
1785280001.5237992,10566,1.3342792987823486
1785280001.7390518,10567,1.8902664184570312
1785280001.949379,10568,1.8476485013961792
1785280002.158278,10569,1.7961163520812988
1785280002.3726673,10570,2.3250997066497803
1785280002.5830245,10571,1.6075961589813232
1785280002.913233,10572,1.5150136947631836
1785280003.329203,10573,1.5754939317703247
1785280003.8126943,10574,2.003488540649414
1785280004.2434518,10575,1.3818812370300293
1785280004.509864,10576,1.3778750896453857
1785280004.730692,10577,1.3769739866256714
1785280004.95153,10578,1.7714056968688965
1785280005.168767,10579,1.6475369930267334
1785280005.3797894,10580,1.5383769273757935
1785280005.5958035,10581,1.3383386135101318
1785280005.8075407,10582,1.7535829544067383
1785280006.025585,10583,2.103893995285034
1785280006.2648284,10584,1.7951005697250366
1785280006.4810314,10585,2.3827428817749023
1785280006.717361,10586,1.8046648502349854
1785280006.95733,10587,1.45779287815094
1785280007.1860447,10588,1.3150771856307983
1785280007.415092,10589,1.8589575290679932
1785280007.629765,10590,1.40993332862854
1785280007.844035,10591,1.326625943183899
1785280008.2252567,10592,1.7279517650604248
1785280008.6678216,10593,1.3137561082839966
1785280009.1352248,10594,1.5112905502319336
1785280009.5597205,10595,1.7083491086959839
1785280009.8805895,10596,1.8823049068450928
1785280010.1306593,10597,1.9560575485229492
1785280010.3452172,10598,1.302097201347351
1785280010.580225,10599,2.052764892578125
1785280010.83404,10600,1.4903578758239746
1785280011.0562787,10601,1.2780241966247559
1785280011.2758453,10602,1.374700903892517
1785280011.5023823,10603,1.7062723636627197
1785280011.7431462,10604,1.3028600215911865
1785280011.9704847,10605,1.350605845451355
1785280012.1979816,10606,1.3083710670471191
1785280012.4146364,10607,1.6276317834854126
1785280012.665992,10608,1.337540864944458
1785280012.9127355,10609,1.395971417427063
1785280013.1283095,10610,1.412913203239441
1785280013.3701918,10611,1.444597601890564
1785280013.6003692,10612,1.3770934343338013
1785280014.0482304,10613,1.8837956190109253
1785280014.462234,10614,1.9217339754104614
1785280014.8770106,10615,1.3066861629486084
1785280015.295573,10616,1.4408817291259766
1785280015.6259913,10617,1.288135290145874
1785280015.8448439,10618,1.8050198554992676
1785280016.0700355,10619,1.4214533567428589
1785280016.2849624,10620,1.3247989416122437
1785280016.4983745,10621,1.7920985221862793
1785280016.7350228,10622,1.294708490371704
1785280016.953705,10623,1.387237548828125
1785280017.1691234,10624,1.37468683719635
1785280017.3885872,10625,1.5718985795974731
1785280017.604567,10626,2.0626275539398193
1785280017.81372,10627,1.2934353351593018
1785280018.033584,10628,1.4748873710632324
1785280018.2402992,10629,1.4729350805282593
1785280018.4531786,10630,1.3132647275924683
1785280018.6644852,10631,1.6679096221923828
1785280018.875077,10632,1.7149832248687744
1785280019.1007013,10633,1.3268585205078125
1785280019.3152459,10634,1.9687819480895996
1785280019.5422976,10635,2.6365914344787598
1785280019.7592633,10636,1.589505672454834
1785280019.9828033,10637,1.725460171699524
1785280020.2277913,10638,1.4111260175704956
1785280020.446026,10639,1.3681291341781616
1785280020.6646714,10640,1.6747405529022217
1785280020.8799455,10641,1.2837129831314087
1785280021.2890832,10642,1.3481535911560059
1785280021.7150428,10643,1.3395836353302002
1785280022.1539285,10644,1.3146347999572754
1785280022.566729,10645,1.4084222316741943
1785280022.900902,10646,1.3821922540664673
1785280023.1364374,10647,1.3172565698623657
1785280023.3520977,10648,1.4125088453292847
1785280023.5680997,10649,1.5119922161102295
1785280023.7908442,10650,1.663613200187683
1785280023.999905,10651,1.4599649906158447
1785280024.2200851,10652,1.270366907119751
1785280024.4338768,10653,1.426804780960083
1785280024.6440668,10654,1.2696690559387207
1785280024.8581495,10655,1.5964380502700806
1785280025.071839,10656,1.3512961864471436
1785280025.2850814,10657,1.6066944599151611
1785280025.516002,10658,1.6239538192749023
1785280025.7350838,10659,1.4115145206451416
1785280025.9490144,10660,1.478998064994812
1785280026.1752143,10661,1.2868645191192627
1785280026.3913333,10662,1.589237093925476
1785280026.6201549,10663,1.6607201099395752
1785280027.0352497,10664,1.5303339958190918
1785280027.4752457,10665,1.5393544435501099
1785280027.8851612,10666,1.6022382974624634
1785280028.2889585,10667,1.2987431287765503
1785280028.7047954,10668,1.4851194620132446
1785280028.9155564,10669,1.3655565977096558
1785280029.1319335,10670,1.5341575145721436
1785280029.3526158,10671,1.3423516750335693
1785280029.5759416,10672,1.3411219120025635
1785280029.794496,10673,1.5800061225891113
1785280030.0027661,10674,1.3630619049072266
1785280030.2143786,10675,1.3072330951690674
1785280030.4265983,10676,1.4239325523376465
1785280030.636923,10677,1.2963799238204956
1785280030.8582106,10678,1.5244044065475464
1785280031.0804746,10679,1.6705471277236938
1785280031.2936778,10680,1.4466092586517334
1785280031.5153677,10681,1.26800537109375
1785280031.729824,10682,1.486307978630066
1785280031.9492111,10683,1.5879355669021606
1785280032.2006383,10684,1.7127342224121094
1785280032.5197299,10685,1.5540218353271484
1785280032.9153008,10686,1.7221920490264893
1785280033.3684452,10687,1.6967926025390625
1785280033.8158655,10688,1.4690208435058594
1785280034.2220664,10689,2.6595773696899414
1785280034.596238,10690,1.4318372011184692
1785280034.8201923,10691,1.5978608131408691
1785280035.032101,10692,1.4060955047607422
1785280035.2479556,10693,1.8992905616760254
1785280035.4591546,10694,1.3768837451934814
1785280035.6716127,10695,1.5931212902069092
1785280035.8832004,10696,1.6696064472198486
1785280036.09781,10697,1.328444242477417
1785280036.3124242,10698,1.6293740272521973
1785280036.5252154,10699,2.221907615661621
1785280036.739531,10700,1.4607372283935547
1785280036.9614468,10701,1.3087413311004639
1785280037.1711316,10702,1.5488659143447876
1785280037.3888738,10703,1.2788996696472168
1785280037.6152346,10704,1.7736430168151855
1785280037.847209,10705,1.5045528411865234
1785280038.2705007,10706,1.582686185836792
1785280038.6896036,10707,2.124117136001587
1785280039.1056654,10708,1.5186418294906616
1785280039.5108438,10709,1.5757200717926025
1785280039.7287102,10710,1.5949532985687256
1785280039.971845,10711,1.8884637355804443
1785280040.192669,10712,1.3328932523727417
1785280040.4022465,10713,1.7511367797851562
1785280040.610384,10714,1.3640267848968506
1785280040.8326056,10715,1.5385639667510986
1785280041.039868,10716,1.2704188823699951
1785280041.2773967,10717,1.456800937652588
1785280041.5212812,10718,1.9044933319091797
1785280041.737965,10719,1.4202395677566528
1785280041.9585857,10720,2.1157402992248535
1785280042.1815274,10721,1.3120173215866089
1785280042.4033372,10722,1.3351473808288574
1785280042.614947,10723,1.386378526687622
1785280042.827721,10724,1.5278584957122803
1785280043.0429428,10725,1.9442658424377441
1785280043.2545812,10726,1.428496241569519
1785280043.465242,10727,1.3502949476242065
1785280043.7995036,10728,1.802381992340088
1785280044.1897044,10729,1.539379596710205
1785280044.581402,10730,1.7195279598236084
1785280045.01677,10731,1.8702592849731445
1785280045.3424387,10732,2.0668365955352783
1785280045.556685,10733,1.2712565660476685
1785280045.772292,10734,1.4283021688461304
1785280046.0099306,10735,1.9859715700149536
1785280046.2380497,10736,1.4270167350769043
1785280046.4663851,10737,2.2236430644989014
1785280046.684944,10738,1.408419132232666
1785280046.9046855,10739,1.309834361076355
1785280047.1559894,10740,1.471861720085144
1785280047.3653402,10741,1.3833816051483154
1785280047.5807981,10742,1.4009428024291992
1785280047.7917564,10743,1.7760496139526367
1785280048.003934,10744,1.3272162675857544
1785280048.223259,10745,1.4460340738296509
1785280048.4310815,10746,1.2905808687210083
1785280048.6494176,10747,1.2793755531311035
1785280048.856898,10748,1.2970300912857056
1785280049.0702899,10749,1.3645272254943848
1785280049.27827,10750,1.3503162860870361
1785280049.5830128,10751,1.620902419090271
1785280049.9888575,10752,1.6618056297302246
1785280050.3877769,10753,2.456061363220215
1785280050.8006623,10754,1.4974234104156494
1785280051.201888,10755,1.3818094730377197
1785280051.433804,10756,1.4039266109466553
1785280051.657208,10757,1.3644983768463135
1785280051.8673804,10758,1.4495742321014404
1785280052.0795658,10759,1.9870622158050537
1785280052.3155,10760,1.5335081815719604
1785280052.5293946,10761,1.6185554265975952
1785280052.744033,10762,1.3268179893493652
1785280052.9624689,10763,1.350667119026184
1785280053.1882856,10764,1.6433582305908203
1785280053.4122727,10765,1.3091585636138916
1785280053.6283429,10766,1.6133638620376587
1785280053.8377085,10767,1.3135216236114502
1785280054.0477097,10768,1.950510025024414
1785280054.2548096,10769,1.5013794898986816
1785280054.4854505,10770,1.3034374713897705
1785280054.6920104,10771,1.3210811614990234
1785280054.9007335,10772,1.9328540563583374
1785280055.1550686,10773,1.322698712348938
1785280055.5891669,10774,1.3179943561553955
1785280056.0023818,10775,1.632272720336914
1785280056.419275,10776,1.4228918552398682
1785280056.8287828,10777,2.1476893424987793
1785280057.1138775,10778,1.5987162590026855
1785280057.3215258,10779,1.7288739681243896
1785280057.53512,10780,1.792165994644165
1785280057.7467117,10781,1.9999141693115234
1785280057.955115,10782,1.5978211164474487
1785280058.1790154,10783,1.5194264650344849
1785280058.3963974,10784,1.591662883758545
1785280058.6071033,10785,1.486539602279663
1785280058.8172278,10786,1.563841462135315
1785280059.030053,10787,1.4276100397109985
1785280059.253265,10788,1.8353643417358398
1785280059.4681122,10789,1.8696337938308716
1785280059.701637,10790,1.343983769416809
1785280059.9518847,10791,1.7734105587005615
1785280060.1859837,10792,1.3381098508834839
1785280060.401969,10793,1.481953501701355
1785280060.6267962,10794,1.3707635402679443
1785280060.869285,10795,1.6355845928192139
1785280061.2742233,10796,1.443826675415039
1785280061.7256794,10797,1.8132128715515137
1785280062.1578918,10798,2.4532551765441895
1785280062.5843565,10799,1.613624095916748
1785280062.8849533,10800,1.576653003692627
1785280063.1053243,10801,1.4161626100540161
1785280063.3247538,10802,1.6669551134109497
1785280063.5384007,10803,1.3574937582015991
1785280063.7589152,10804,1.5633940696716309
1785280063.9813497,10805,1.7882964611053467
1785280064.19971,10806,2.300217628479004
1785280064.4124484,10807,1.5924715995788574
1785280064.6489055,10808,1.4866306781768799
1785280064.8754454,10809,1.3759582042694092
1785280065.1006763,10810,1.3823602199554443
1785280065.320866,10811,1.318886399269104
1785280065.5445747,10812,1.348282814025879
1785280065.7859218,10813,1.4576852321624756
1785280066.000702,10814,1.3006181716918945
1785280066.2359965,10815,1.271047830581665
1785280066.5940108,10816,1.5807600021362305
1785280067.0872946,10817,1.4931892156600952
1785280067.5077684,10818,1.7860766649246216
1785280067.9765286,10819,1.3376878499984741
1785280068.3293545,10820,1.4124341011047363
1785280068.5550387,10821,1.9091875553131104
1785280068.783077,10822,1.4808099269866943
1785280069.0027263,10823,1.7205923795700073
1785280069.216907,10824,1.4686226844787598
1785280069.4455283,10825,1.3349493741989136
1785280069.6574667,10826,1.2926616668701172
1785280069.8725555,10827,1.5066311359405518
1785280070.1137643,10828,1.7944722175598145
1785280070.3339305,10829,1.7292375564575195
1785280070.5541248,10830,1.8400872945785522
1785280070.7920895,10831,1.3049951791763306
1785280071.010614,10832,1.3531497716903687
1785280071.2230797,10833,1.3623064756393433
1785280071.4525306,10834,2.2478182315826416
1785280071.6797993,10835,1.2986685037612915
1785280072.0563416,10836,1.2956106662750244
1785280072.4779925,10837,1.3102903366088867
1785280072.9587512,10838,1.3058795928955078
1785280073.3935146,10839,1.7861294746398926
1785280073.7892208,10840,1.4356091022491455
1785280074.0216289,10841,1.9013981819152832
1785280074.2419791,10842,1.778489112854004
1785280074.454994,10843,1.7470438480377197
1785280074.671419,10844,1.3198779821395874
1785280074.8928018,10845,1.3084903955459595
1785280075.1125672,10846,1.3030436038970947
1785280075.3188612,10847,1.583500623703003
1785280075.5352385,10848,1.4464247226715088
1785280075.7508352,10849,1.9509987831115723
1785280075.9784684,10850,1.4527021646499634
1785280076.2001002,10851,1.9121659994125366
1785280076.4094822,10852,1.2780086994171143
1785280076.6203148,10853,2.0184109210968018
1785280076.832059,10854,1.5952025651931763
1785280077.063096,10855,1.4627126455307007
1785280077.2766728,10856,1.488297939300537
1785280077.4927294,10857,1.3964394330978394
1785280077.701942,10858,1.6417183876037598
1785280077.9241776,10859,1.8170104026794434
1785280078.1388743,10860,1.5909371376037598
1785280078.3517492,10861,1.3919777870178223
1785280078.6736088,10862,1.3101273775100708
1785280079.0783927,10863,1.8515021800994873
1785280079.513031,10864,1.8768489360809326
1785280079.9831822,10865,1.3799991607666016
1785280080.3237116,10866,1.7864850759506226
1785280080.5303512,10867,1.6607489585876465
1785280080.7476795,10868,1.4555858373641968
1785280080.991461,10869,1.3923600912094116
1785280081.2041457,10870,1.9136414527893066
1785280081.426062,10871,1.2876825332641602
1785280081.6473646,10872,1.4261895418167114
1785280081.8556046,10873,1.4898736476898193
1785280082.0903375,10874,1.320247769355774
1785280082.2984645,10875,1.3793203830718994
1785280082.541058,10876,1.733654260635376
1785280082.7513702,10877,2.7556676864624023
1785280082.9613087,10878,1.3010203838348389
1785280083.184078,10879,1.4388418197631836
1785280083.3963263,10880,1.3135745525360107
1785280083.6312141,10881,1.334352731704712
1785280083.8428395,10882,1.5806574821472168
1785280084.0504103,10883,1.6226634979248047
1785280084.257705,10884,1.4816715717315674
1785280084.4781682,10885,1.5939488410949707
1785280084.6951156,10886,1.3497929573059082
1785280085.0902374,10887,1.5111703872680664
1785280085.4853976,10888,1.4836235046386719
1785280085.918471,10889,1.3699803352355957
1785280086.4028964,10890,2.233194589614868
1785280086.7935243,10891,1.5940418243408203
1785280087.022252,10892,1.3360793590545654
1785280087.2908185,10893,1.8627398014068604
1785280087.512165,10894,1.3260599374771118
1785280087.7413275,10895,1.9168672561645508
1785280087.949432,10896,1.65099036693573
1785280088.1643882,10897,1.4550180435180664
1785280088.4030285,10898,2.454500436782837
1785280088.614972,10899,1.6969616413116455
1785280088.822151,10900,1.488097906112671
1785280089.033579,10901,1.6316471099853516
1785280089.2427125,10902,1.4589165449142456
1785280089.4536273,10903,2.049121379852295
1785280089.6711748,10904,1.5334141254425049
1785280089.8835032,10905,1.2907264232635498
1785280090.1070611,10906,2.1431045532226562
1785280090.3314788,10907,1.3477307558059692
1785280090.5389605,10908,1.472397804260254
1785280090.9197834,10909,1.5079063177108765
1785280091.3623614,10910,1.713134527206421
1785280091.7661376,10911,1.7210708856582642
1785280092.1569269,10912,1.549567461013794
1785280092.3695045,10913,1.511099100112915
1785280092.5810153,10914,1.3363037109375
1785280092.7916863,10915,1.4956085681915283
1785280093.018538,10916,1.3798246383666992
1785280093.2305105,10917,1.5754170417785645
1785280093.4907854,10918,1.7847075462341309
1785280093.703874,10919,1.3813204765319824
1785280093.9205542,10920,1.749875783920288
1785280094.135679,10921,1.6446795463562012
1785280094.3544414,10922,1.4674384593963623
1785280094.5698862,10923,1.3870340585708618
1785280094.7970247,10924,1.6007882356643677
1785280095.0089412,10925,1.3732800483703613
1785280095.2263627,10926,1.2783039808273315
1785280095.4634337,10927,1.478319764137268
1785280095.672693,10928,1.458619236946106
1785280095.893619,10929,1.6856467723846436
1785280096.1295862,10930,2.1966376304626465
1785280096.3495538,10931,1.386562466621399
1785280096.561332,10932,1.3857063055038452
1785280096.9156086,10933,1.3204926252365112
1785280097.3595023,10934,2.157500743865967
1785280097.7752159,10935,1.3664226531982422
1785280098.1775458,10936,1.7264485359191895
1785280098.5711613,10937,1.4304203987121582
1785280098.904379,10938,1.7404327392578125
1785280099.1166077,10939,1.7256689071655273
1785280099.340417,10940,1.333571434020996
1785280099.5549402,10941,1.726287603378296
1785280099.7791622,10942,1.4458496570587158
1785280100.0329862,10943,1.3138415813446045
1785280100.2539175,10944,1.4601471424102783
1785280100.475672,10945,2.3600001335144043
1785280100.688893,10946,1.531240463256836
1785280100.9073288,10947,1.326688289642334
1785280101.1393242,10948,1.4223403930664062
1785280101.3500156,10949,1.3677679300308228
1785280101.5624917,10950,1.466917872428894
1785280101.7695215,10951,1.5456266403198242
1785280101.9810486,10952,1.306406021118164
1785280102.1991196,10953,2.271665573120117
1785280102.4168158,10954,1.5660959482192993
1785280102.6562924,10955,2.4600906372070312
1785280102.868046,10956,1.8704049587249756
1785280103.091292,10957,2.1251187324523926
1785280103.3064365,10958,1.9097881317138672
1785280103.528174,10959,1.6466951370239258
1785280103.9314663,10960,1.366621494293213
1785280104.34379,10961,1.300443172454834
1785280104.8425763,10962,1.3476324081420898
1785280105.2628071,10963,1.4122223854064941
1785280105.6271415,10964,1.5489916801452637
1785280105.834216,10965,1.2869657278060913
1785280106.0423973,10966,1.3128060102462769
1785280106.2640378,10967,1.7276220321655273
1785280106.4742997,10968,1.4151623249053955
1785280106.683249,10969,1.8384552001953125
1785280106.894852,10970,1.4119962453842163
1785280107.1163507,10971,1.6288524866104126
1785280107.3410194,10972,1.6504614353179932
1785280107.5601342,10973,1.3374940156936646
1785280107.7739918,10974,2.19258975982666
1785280107.9880488,10975,1.347415804862976
1785280108.2044234,10976,1.648393154144287
1785280108.4478836,10977,1.6018935441970825
1785280108.6610928,10978,1.2824662923812866
1785280108.870381,10979,1.2903469800949097
1785280109.0970662,10980,1.5683633089065552
1785280109.3371353,10981,1.3087022304534912
1785280109.5529597,10982,1.7375072240829468
1785280110.0114155,10983,1.5630381107330322
1785280110.405209,10984,1.5263417959213257
1785280110.806558,10985,1.3146777153015137
1785280111.2145221,10986,1.3066965341567993
1785280111.6813524,10987,1.9678539037704468
1785280112.086244,10988,1.3649516105651855
1785280112.2933438,10989,1.3283202648162842
1785280112.5271516,10990,2.2129650115966797
1785280112.7397819,10991,1.3136991262435913
1785280112.9708912,10992,1.2668532133102417
1785280113.1971097,10993,1.489190697669983
1785280113.4080193,10994,1.4564545154571533
1785280113.640694,10995,1.323594570159912
1785280113.8579895,10996,1.4614285230636597
1785280114.0737228,10997,1.3405050039291382
1785280114.28399,10998,1.5508899688720703
1785280114.5274053,10999,1.6918070316314697
1785280114.7455065,11000,1.313741683959961
1785280114.9647744,11001,1.7576699256896973
1785280115.1912453,11002,2.054001569747925
1785280115.39958,11003,1.5614211559295654
1785280115.6342149,11004,1.8424973487854004
1785280115.853817,11005,1.3035274744033813
1785280116.0736887,11006,1.33700430393219
1785280116.288941,11007,1.3972702026367188
1785280116.5108385,11008,1.2834275960922241
1785280116.8146498,11009,1.7629971504211426
1785280117.2025588,11010,1.3096075057983398
1785280117.6051803,11011,1.642866611480713
1785280118.0662408,11012,1.2903681993484497
1785280118.3311353,11013,1.4090462923049927
1785280118.5422795,11014,1.4717798233032227
1785280118.7490463,11015,1.3567194938659668
1785280118.9741297,11016,1.4195754528045654
1785280119.1927116,11017,1.9237258434295654
1785280119.400239,11018,1.3094356060028076
1785280119.612043,11019,1.3706951141357422
1785280119.820236,11020,1.653212070465088
1785280120.0275433,11021,1.5809869766235352
1785280120.2380705,11022,1.3756743669509888
1785280120.4489567,11023,1.4015531539916992
1785280120.66156,11024,1.7537720203399658
1785280120.8721502,11025,1.4801357984542847
1785280121.0822437,11026,1.4884811639785767
1785280121.4373388,11027,1.3083629608154297
1785280121.8208323,11028,1.4990479946136475
1785280122.2286294,11029,1.5296399593353271
1785280122.6442523,11030,1.3572367429733276
1785280122.997428,11031,1.378403902053833
1785280123.2064996,11032,1.352012038230896
1785280123.4182749,11033,1.3881008625030518
1785280123.6304965,11034,1.5098934173583984
1785280123.8446841,11035,1.5036602020263672
1785280124.0566318,11036,1.3979616165161133
1785280124.2791083,11037,1.4161288738250732
1785280124.510876,11038,1.5842456817626953
1785280124.724759,11039,1.6548683643341064
1785280124.976651,11040,1.9209556579589844
1785280125.2876925,11041,1.595110297203064
1785280125.4995892,11042,1.4839065074920654
1785280125.708732,11043,1.5943756103515625
1785280125.9369686,11044,1.4305825233459473
1785280126.147832,11045,1.504777193069458
1785280126.3659556,11046,1.362135648727417
1785280126.5761702,11047,1.3730666637420654
1785280126.7884934,11048,1.3118224143981934
1785280127.2204099,11049,1.395259976387024
1785280127.7105715,11050,1.3681684732437134
1785280128.1260006,11051,2.412494659423828
1785280128.5309694,11052,1.4372845888137817
1785280128.780907,11053,1.3599907159805298
1785280128.9964027,11054,1.2926477193832397
1785280129.2252438,11055,1.2820154428482056
1785280129.4348822,11056,1.4639824628829956
1785280129.655706,11057,1.2996903657913208
1785280129.9019578,11058,1.3858628273010254
1785280130.1271865,11059,1.5138249397277832
1785280130.3447342,11060,1.5084524154663086
1785280130.555918,11061,1.7272186279296875
1785280130.7677054,11062,1.3659148216247559
1785280130.995239,11063,1.2760396003723145
1785280131.2207463,11064,1.5016978979110718
1785280131.4334698,11065,1.3968250751495361
1785280131.6639488,11066,1.5655384063720703
1785280131.876458,11067,1.2980875968933105
1785280132.1074576,11068,1.3185651302337646
1785280132.3200996,11069,1.3096578121185303
1785280132.537532,11070,1.4272997379302979
1785280132.9546673,11071,1.4035288095474243
1785280133.3731174,11072,2.5201759338378906
1785280133.806916,11073,1.4555840492248535
1785280134.2316074,11074,1.3409727811813354
1785280134.589702,11075,2.2115392684936523
1785280134.80587,11076,1.5414533615112305
1785280135.035848,11077,1.7555875778198242
1785280135.2667096,11078,1.5341893434524536
1785280135.494233,11079,1.5871117115020752
1785280135.7123463,11080,1.6613024473190308
1785280135.9259734,11081,1.7606496810913086
1785280136.1434944,11082,1.354856014251709
1785280136.3560438,11083,1.892211675643921
1785280136.5783417,11084,1.49583101272583
1785280136.8101614,11085,1.3669182062149048
1785280137.0195508,11086,1.4658666849136353
1785280137.242335,11087,1.2782005071640015
1785280137.4641984,11088,1.5421688556671143
1785280137.677064,11089,1.4774984121322632
1785280138.0249023,11090,1.9510700702667236
1785280138.482104,11091,1.9427769184112549
1785280138.9278626,11092,1.760432481765747
1785280139.362743,11093,1.3802506923675537
1785280139.6130488,11094,1.3754079341888428
1785280139.827692,11095,1.911524772644043
1785280140.0348797,11096,2.069507122039795
1785280140.2557528,11097,2.3082475662231445
1785280140.4720337,11098,1.9712235927581787
1785280140.6929502,11099,1.3782449960708618
1785280140.9051485,11100,1.3329203128814697
1785280141.1171057,11101,1.5588297843933105
1785280141.334249,11102,1.3697271347045898
1785280141.5486946,11103,1.475956678390503
1785280141.7706685,11104,1.368844985961914
1785280141.978055,11105,1.3858113288879395
1785280142.2169185,11106,1.3219836950302124
1785280142.425384,11107,1.5580413341522217
1785280142.8340077,11108,1.2876261472702026
1785280143.252061,11109,2.1121153831481934
1785280143.6654236,11110,1.3537085056304932
1785280144.0644603,11111,1.4006381034851074
1785280144.2985935,11112,1.2712616920471191
1785280144.5195484,11113,1.2785518169403076
1785280144.730697,11114,1.6139004230499268
1785280144.937959,11115,1.5688297748565674
1785280145.1546226,11116,1.6342393159866333
1785280145.3656614,11117,1.7387487888336182
1785280145.5939941,11118,1.7787305116653442
1785280145.801305,11119,1.4685307741165161
1785280146.0182197,11120,1.2787288427352905
1785280146.228693,11121,1.5982216596603394
1785280146.4482243,11122,1.3742762804031372
1785280146.6562824,11123,1.4934289455413818
1785280146.8660161,11124,1.7142841815948486
1785280147.0742097,11125,1.4076166152954102
1785280147.2901356,11126,1.6340272426605225
1785280147.49704,11127,1.4093695878982544
1785280147.7281573,11128,1.4542421102523804
1785280147.9469728,11129,1.2813842296600342
1785280148.1844049,11130,1.5239061117172241
1785280148.4208665,11131,1.603860855102539
1785280148.6306102,11132,1.536643624305725
1785280148.8525438,11133,1.5664035081863403
1785280149.2424169,11134,1.792113184928894
1785280149.6550903,11135,1.3221142292022705
1785280150.0522757,11136,1.450941801071167
1785280150.446192,11137,1.3378982543945312
1785280150.7672045,11138,1.5502551794052124
1785280150.9803379,11139,1.8262064456939697
1785280151.199616,11140,1.2914166450500488
1785280151.4211006,11141,1.388054370880127
1785280151.6571658,11142,1.6892738342285156
1785280151.8669245,11143,1.359466314315796
1785280152.0778184,11144,1.3061124086380005
1785280152.2971873,11145,1.9927769899368286
1785280152.5212014,11146,1.5423870086669922
1785280152.7405949,11147,1.330101728439331
1785280152.9784274,11148,1.5932925939559937
1785280153.190427,11149,1.5844836235046387
1785280153.4003105,11150,1.389638900756836
1785280153.6120942,11151,1.4610786437988281
1785280153.8254883,11152,1.4191455841064453
1785280154.0754604,11153,1.727491021156311
1785280154.2952626,11154,1.2976957559585571
1785280154.5944035,11155,1.494315266609192
1785280154.994008,11156,1.2860349416732788
1785280155.3809154,11157,1.6486411094665527
1785280155.7781894,11158,1.350609540939331
1785280156.2065973,11159,1.4655046463012695
1785280156.5340216,11160,1.2722558975219727
1785280156.74796,11161,1.358311653137207
1785280156.9813914,11162,1.4032258987426758
1785280157.1997216,11163,1.3601278066635132
1785280157.4125085,11164,1.4368281364440918
1785280157.6276405,11165,1.4661636352539062
1785280157.8598378,11166,1.3817237615585327
1785280158.076462,11167,1.5235117673873901
1785280158.295984,11168,1.3559901714324951
1785280158.5135431,11169,1.3366832733154297
1785280158.7333367,11170,1.3436534404754639
1785280158.9487,11171,1.87978196144104
1785280159.177196,11172,1.9837734699249268
1785280159.4033356,11173,1.9857659339904785
1785280159.6319034,11174,1.4178845882415771
1785280159.8581111,11175,1.2673654556274414
1785280160.0984652,11176,1.3813581466674805
1785280160.3309517,11177,1.349371075630188
1785280160.7776105,11178,1.5038117170333862
1785280161.2356427,11179,1.4405617713928223
1785280161.6905892,11180,1.7335872650146484
1785280162.1283865,11181,1.764381766319275
1785280162.534342,11182,1.4565858840942383
1785280162.7663672,11183,2.0620832443237305
1785280162.9995723,11184,1.342585563659668
1785280163.2120526,11185,1.8935787677764893
1785280163.427079,11186,1.3985719680786133
1785280163.6473453,11187,1.3017033338546753
1785280163.8616564,11188,1.367019534111023
1785280164.082888,11189,1.8123255968093872
1785280164.2895176,11190,1.3928707838058472
1785280164.4966424,11191,1.4585975408554077
1785280164.7197888,11192,1.8553390502929688
1785280165.0705097,11193,1.4022746086120605
1785280165.293971,11194,1.3175095319747925
1785280165.5217075,11195,1.3615003824234009
1785280165.7679973,11196,1.4688199758529663
1785280166.0180306,11197,1.3822476863861084
1785280166.264864,11198,1.2825409173965454
1785280166.613382,11199,1.479156494140625
1785280167.0206163,11200,2.2326953411102295
1785280167.4840765,11201,1.841616153717041
1785280167.9298658,11202,1.4541828632354736
1785280168.2786133,11203,1.504342794418335
1785280168.5096934,11204,1.8617603778839111
1785280168.7333796,11205,1.3607221841812134
1785280168.9838862,11206,1.4878872632980347
1785280169.2067602,11207,1.5030406713485718
1785280169.4172695,11208,1.3847588300704956
1785280169.642893,11209,1.4759812355041504
1785280169.876478,11210,1.3228596448898315
1785280170.1176932,11211,1.257275938987732
1785280170.3634224,11212,1.2970768213272095
1785280170.58722,11213,2.05134916305542
1785280170.8108082,11214,1.270670771598816
1785280171.0348747,11215,2.040631055831909
1785280171.270822,11216,1.350632905960083
1785280171.5004475,11217,1.7244908809661865
1785280171.720045,11218,1.3308701515197754
1785280171.9456303,11219,1.794083595275879
1785280172.191226,11220,1.2742767333984375
1785280172.6753888,11221,1.4233375787734985
1785280173.1313365,11222,1.557051420211792
1785280173.539656,11223,1.738893747329712
1785280174.0360534,11224,1.6095194816589355
1785280174.3107939,11225,1.291809320449829
1785280174.5497336,11226,1.4401299953460693
1785280174.770562,11227,1.5782833099365234
1785280174.9909813,11228,1.3191421031951904
1785280175.2049296,11229,1.6250017881393433
1785280175.4172728,11230,1.3017723560333252
1785280175.6234243,11231,1.3100401163101196
1785280175.8378885,11232,1.99357271194458
1785280176.0495796,11233,1.7121937274932861
1785280176.2721648,11234,1.491749882698059
1785280176.5130463,11235,1.37290620803833
1785280176.7262487,11236,1.3454550504684448
1785280176.9484205,11237,1.5694761276245117
1785280177.164815,11238,1.6664643287658691
1785280177.3806632,11239,1.2878758907318115
1785280177.5997367,11240,2.2483654022216797
1785280177.8832204,11241,1.3104796409606934
1785280178.3326576,11242,2.7321674823760986
1785280178.7600412,11243,1.3654026985168457
1785280179.200947,11244,1.415698766708374
1785280179.6321502,11245,1.507327914237976
1785280179.9414775,11246,1.7246556282043457
1785280180.1632826,11247,2.3027291297912598
1785280180.3793159,11248,1.2929658889770508
1785280180.5857146,11249,2.2135443687438965
1785280180.805825,11250,1.3867340087890625
1785280181.019911,11251,1.352562427520752
1785280181.2319336,11252,1.7391263246536255
1785280181.4417055,11253,2.102053165435791
1785280181.6553066,11254,3.469003677368164
1785280181.873638,11255,1.3829196691513062
1785280182.0931003,11256,1.4273662567138672
1785280182.314202,11257,2.595089912414551
1785280182.526681,11258,1.4283519983291626
1785280182.746809,11259,1.4875504970550537
1785280182.9561524,11260,1.3571019172668457
1785280183.1672301,11261,1.455953598022461
1785280183.3759909,11262,1.2900205850601196
1785280183.593827,11263,1.4654078483581543
1785280183.820861,11264,1.7831790447235107
1785280184.040849,11265,1.3044623136520386
1785280184.2537484,11266,1.3427025079727173
1785280184.6657705,11267,1.3805956840515137
1785280185.113399,11268,1.332313060760498
1785280185.5330563,11269,1.3013145923614502
1785280185.9253485,11270,1.30767822265625
1785280186.2476828,11271,1.4226775169372559
1785280186.4666255,11272,1.3190999031066895
1785280186.672981,11273,1.697059988975525
1785280186.8831277,11274,1.4161231517791748
1785280187.1004612,11275,1.5640621185302734
1785280187.318274,11276,1.6797033548355103
1785280187.5321274,11277,1.533522129058838
1785280187.74323,11278,1.4149314165115356
1785280187.9507916,11279,1.8161582946777344
1785280188.1887515,11280,1.422534465789795
1785280188.4048615,11281,1.5151729583740234
1785280188.6129856,11282,1.301938772201538
1785280188.8207839,11283,1.7192437648773193
1785280189.0284066,11284,1.692955493927002
1785280189.2445543,11285,1.319946050643921
1785280189.4514766,11286,2.01395320892334
1785280189.6859312,11287,1.2806940078735352
1785280189.9077756,11288,1.6220717430114746
1785280190.117131,11289,1.4311869144439697
1785280190.333088,11290,1.8228156566619873
1785280190.5506039,11291,1.4059664011001587
1785280190.770338,11292,1.7373690605163574
1785280190.9948807,11293,1.4491852521896362
1785280191.2057106,11294,1.7525725364685059
1785280191.6020634,11295,1.3276029825210571
1785280191.9906693,11296,1.313520073890686
1785280192.3998291,11297,1.4067226648330688
1785280192.7960432,11298,1.9331021308898926
1785280193.1452065,11299,1.6878485679626465
1785280193.3569782,11300,1.6866693496704102
1785280193.564399,11301,1.364020586013794
1785280193.7833843,11302,2.0913403034210205
1785280194.0020227,11303,1.6160192489624023
1785280194.2259521,11304,1.6485230922698975
1785280194.4419289,11305,1.308845043182373
1785280194.6549928,11306,1.6071076393127441
1785280194.8685079,11307,1.3152289390563965
1785280195.0802145,11308,1.4185314178466797
1785280195.2977424,11309,1.7683720588684082
1785280195.507139,11310,1.4193882942199707
1785280195.7535856,11311,1.3095389604568481
1785280195.9773867,11312,1.374783992767334
1785280196.1960485,11313,1.8649765253067017
1785280196.4074664,11314,1.3886278867721558
1785280196.615866,11315,2.0786118507385254
1785280196.8457654,11316,1.3472301959991455
1785280197.069624,11317,1.2832543849945068
1785280197.2841995,11318,1.9657617807388306
1785280197.4991748,11319,1.3860218524932861
1785280197.9623034,11320,1.3726626634597778
1785280198.3924687,11321,1.418701171875
1785280198.7957044,11322,1.701182246208191
1785280199.1983533,11323,1.5968735218048096
1785280199.4635222,11324,1.444488286972046
1785280199.670402,11325,1.356610655784607
1785280199.9080667,11326,1.3469586372375488
1785280200.1195946,11327,1.7025905847549438
1785280200.3314042,11328,1.8682565689086914
1785280200.5579522,11329,1.302774429321289
1785280200.7765172,11330,1.3529714345932007
1785280200.9969115,11331,1.4108986854553223
1785280201.2089078,11332,1.4049005508422852
1785280201.4328287,11333,1.8106002807617188
1785280201.6503048,11334,1.4364433288574219
1785280201.8613145,11335,1.6820614337921143
1785280202.08416,11336,1.3648014068603516
1785280202.3099902,11337,1.3880304098129272
1785280202.5416927,11338,1.5455093383789062
1785280202.7548063,11339,1.3937499523162842
1785280202.9655244,11340,1.4494075775146484
1785280203.1751447,11341,1.5726394653320312
1785280203.4795687,11342,1.3099828958511353
1785280203.872208,11343,1.2730050086975098
1785280204.3878062,11344,1.4682503938674927
1785280204.913822,11345,1.882955551147461
1785280205.2372,11346,1.6297788619995117
1785280205.469042,11347,1.6739981174468994
1785280205.6777525,11348,1.5710148811340332
1785280205.8947468,11349,1.498908281326294
1785280206.1219065,11350,1.5372203588485718
1785280206.3385017,11351,1.3957364559173584
1785280206.5507293,11352,1.455291509628296
1785280206.7603092,11353,1.3286858797073364
1785280206.9731586,11354,1.3949509859085083
1785280207.1852593,11355,1.3285818099975586
1785280207.4023235,11356,1.4708764553070068
1785280207.6268888,11357,1.4623624086380005
1785280207.8443286,11358,1.8007292747497559
1785280208.0618336,11359,1.3927046060562134
1785280208.271729,11360,1.4331490993499756
1785280208.4970148,11361,1.3734724521636963
1785280208.7194772,11362,1.6031635999679565
1785280208.9282858,11363,1.4536489248275757
1785280209.1481922,11364,1.591307282447815
1785280209.3947241,11365,1.4848113059997559
1785280209.849865,11366,1.2636860609054565
1785280210.2474215,11367,1.2964917421340942
1785280210.6495106,11368,1.3246796131134033
1785280211.0795243,11369,1.3212085962295532
1785280211.335542,11370,1.3308639526367188
1785280211.5523336,11371,1.4150081872940063
1785280211.762775,11372,1.379832148551941
1785280211.9730146,11373,1.372818946838379
1785280212.1859684,11374,1.4909915924072266
1785280212.3992653,11375,1.304884672164917
1785280212.6085296,11376,1.3942101001739502
1785280212.82141,11377,1.3250877857208252
1785280213.0335388,11378,1.3447604179382324
1785280213.2516708,11379,2.4771909713745117
1785280213.4714744,11380,1.817627191543579
1785280213.6952841,11381,1.3035941123962402
1785280213.9098005,11382,1.6944448947906494
1785280214.1470764,11383,1.4738447666168213
1785280214.366,11384,1.639761209487915
1785280214.572951,11385,1.664842128753662
1785280214.7914023,11386,1.3854115009307861
1785280215.0019085,11387,1.3039216995239258
1785280215.2938561,11388,1.3952308893203735
1785280215.6988654,11389,1.2960177659988403
1785280216.1595268,11390,1.33353590965271
1785280216.6041493,11391,1.8120067119598389
1785280216.9768782,11392,1.3456357717514038
1785280217.2166743,11393,1.296952724456787
1785280217.4418824,11394,1.438996434211731
1785280217.6622221,11395,1.6632606983184814
1785280217.890402,11396,1.307722568511963
1785280218.1091886,11397,1.6352214813232422
1785280218.3582413,11398,1.3088458776474
1785280218.5722954,11399,1.3051369190216064
1785280218.796748,11400,1.4193823337554932
1785280219.0229285,11401,1.80897855758667
1785280219.245581,11402,1.2848411798477173
1785280219.4566326,11403,2.218958854675293
1785280219.6716774,11404,1.3793808221817017
1785280219.8852122,11405,1.6954872608184814
1785280220.107207,11406,1.6795308589935303
1785280220.3359327,11407,1.5399032831192017
1785280220.787322,11408,1.3672688007354736
1785280221.202969,11409,1.426413893699646
1785280221.6502507,11410,1.2731354236602783
1785280221.9970803,11411,1.3994638919830322
1785280222.2076893,11412,1.6044137477874756
1785280222.4193113,11413,1.3679882287979126
1785280222.6445954,11414,1.4295692443847656
1785280222.8709977,11415,1.5953067541122437
1785280223.0934787,11416,1.3808223009109497
1785280223.3267949,11417,1.6699752807617188
1785280223.544447,11418,1.545121669769287
1785280223.7589066,11419,1.307998538017273
1785280223.9743736,11420,1.3594170808792114
1785280224.2026086,11421,1.503938913345337
1785280224.4307115,11422,1.3021910190582275
1785280224.6824725,11423,1.6049314737319946
1785280224.9067914,11424,1.3290412425994873
1785280225.126712,11425,1.3551403284072876
1785280225.3397243,11426,1.5390266180038452
1785280225.554496,11427,1.6039143800735474
1785280225.9926696,11428,1.5498722791671753
1785280226.4227903,11429,1.5770214796066284
1785280226.8171668,11430,3.3417768478393555
1785280227.2156148,11431,1.530037760734558
1785280227.4545858,11432,1.3874149322509766
1785280227.6639483,11433,1.429518699645996
1785280227.8766437,11434,1.3386831283569336
1785280228.1056783,11435,1.7281134128570557
1785280228.3161037,11436,1.5498855113983154
1785280228.5284796,11437,1.371097207069397
1785280228.7509255,11438,1.6376595497131348
1785280228.9657378,11439,2.0522313117980957
1785280229.178786,11440,1.4857945442199707
1785280229.3896506,11441,1.3229891061782837
1785280229.6164293,11442,1.6209467649459839
1785280229.8423042,11443,1.5977592468261719
1785280230.0860424,11444,1.3811583518981934
1785280230.2975526,11445,1.3678122758865356
1785280230.5226772,11446,1.5219773054122925
1785280230.7842424,11447,1.4429779052734375
1785280231.006653,11448,1.360347032546997
1785280231.2219117,11449,1.4061102867126465
1785280231.624759,11450,1.2919214963912964
1785280232.0536735,11451,1.4401371479034424
1785280232.4611554,11452,1.5206334590911865
1785280232.8837366,11453,1.34047269821167
1785280233.2911377,11454,1.287192940711975
1785280233.5050828,11455,1.338219165802002
1785280233.7380872,11456,1.7471427917480469
1785280233.955041,11457,1.3355695009231567
1785280234.1708796,11458,1.3490281105041504
1785280234.4013903,11459,1.6924805641174316
1785280234.6199505,11460,1.9228219985961914
1785280234.8538597,11461,1.3354464769363403
1785280235.0718553,11462,2.0419204235076904
1785280235.2924125,11463,1.3005998134613037
1785280235.5015745,11464,1.311263918876648
1785280235.722262,11465,1.4030265808105469
1785280235.9354327,11466,1.4263684749603271
1785280236.154223,11467,2.034595012664795
1785280236.367042,11468,1.3118253946304321
1785280236.5854156,11469,1.7265599966049194
1785280236.8056877,11470,1.5669331550598145
1785280237.023239,11471,1.572945237159729
1785280237.2394497,11472,1.7446513175964355
1785280237.4556668,11473,1.688283085823059
1785280237.6873226,11474,1.5009022951126099
1785280237.912446,11475,1.3552738428115845
1785280238.134026,11476,1.651036262512207
1785280238.3424823,11477,1.6736787557601929
1785280238.5546265,11478,1.2795305252075195
1785280238.7784088,11479,1.4029061794281006
1785280239.1252706,11480,2.8725123405456543
1785280239.5448153,11481,1.2990487813949585
1785280239.9458182,11482,1.3993552923202515
1785280240.3485625,11483,1.8962209224700928
1785280240.6407018,11484,1.378997564315796
1785280240.852314,11485,1.752621054649353
1785280241.1008818,11486,1.3162686824798584
1785280241.3326223,11487,1.9120440483093262
1785280241.5709367,11488,1.4079506397247314
1785280241.7855685,11489,1.4116308689117432
1785280242.0093343,11490,1.3639183044433594
1785280242.2373242,11491,1.601564645767212
1785280242.4603567,11492,1.6155084371566772
1785280242.6709359,11493,1.5546636581420898
1785280242.8857203,11494,2.1980557441711426
1785280243.094177,11495,1.5753878355026245
1785280243.303909,11496,1.3146369457244873
1785280243.5274823,11497,1.4742740392684937
1785280243.8262513,11498,1.5171722173690796
1785280244.08308,11499,1.3892955780029297
1785280244.3045213,11500,1.5454096794128418
1785280244.5211468,11501,1.8298317193984985
1785280244.7548773,11502,1.538378357887268
1785280244.9696164,11503,1.3931595087051392
1785280245.207274,11504,1.4156208038330078
1785280245.637136,11505,1.3639471530914307
1785280246.0662122,11506,1.3964152336120605
1785280246.4827409,11507,2.061506986618042
1785280246.9227903,11508,1.3512625694274902
1785280247.197251,11509,1.4747658967971802
1785280247.4174984,11510,1.4496204853057861
1785280247.6353848,11511,1.640990972518921
1785280247.8614972,11512,1.3296960592269897
1785280248.1241553,11513,1.6678266525268555
1785280248.3479693,11514,1.380387544631958
1785280248.5744777,11515,1.4927812814712524
1785280248.7882757,11516,2.1162984371185303
1785280248.999221,11517,1.520218849182129
1785280249.2107606,11518,1.534590482711792
1785280249.432802,11519,1.3162062168121338
1785280249.6504,11520,1.5432689189910889
1785280249.8716395,11521,1.3158987760543823
1785280250.1056688,11522,1.9286830425262451
1785280250.3518062,11523,1.4706224203109741
1785280250.5836763,11524,2.0748581886291504
1785280251.023379,11525,1.3352588415145874
1785280251.470798,11526,1.6172122955322266
1785280251.878921,11527,1.7004988193511963
1785280252.3130069,11528,1.7218198776245117
1785280252.706309,11529,1.302422046661377
1785280252.9185417,11530,1.356904149055481
1785280253.1278133,11531,1.4756572246551514
1785280253.3540277,11532,1.7786235809326172
1785280253.572648,11533,1.6432887315750122
1785280253.805786,11534,1.8057711124420166
1785280254.0235384,11535,1.4918211698532104
1785280254.2372344,11536,1.6561458110809326
1785280254.4681597,11537,1.3131108283996582
1785280254.6902425,11538,1.333539366722107
1785280254.9109566,11539,1.4033957719802856
1785280255.1179688,11540,1.4368969202041626
1785280255.3283803,11541,1.4100195169448853
1785280255.5546396,11542,1.2810472249984741
1785280255.8186777,11543,1.4488635063171387
1785280256.0378602,11544,1.4928531646728516
1785280256.2529054,11545,1.31768798828125
1785280256.4659019,11546,1.438498854637146
1785280256.6923273,11547,1.533149242401123
1785280256.9079216,11548,1.8633687496185303
1785280257.204036,11549,1.6146023273468018
1785280257.6330092,11550,1.3406280279159546
1785280258.038982,11551,1.3870567083358765
1785280258.461093,11552,1.2648186683654785
1785280258.9147882,11553,1.5095293521881104
1785280259.1469586,11554,1.7121517658233643
1785280259.368085,11555,1.513729453086853
1785280259.5850155,11556,1.4273371696472168
1785280259.8041818,11557,1.289563775062561
1785280260.0356576,11558,1.3462949991226196
1785280260.2501266,11559,1.4900249242782593
1785280260.4771833,11560,1.3956007957458496
1785280260.6903727,11561,1.29923677444458
1785280260.9097345,11562,1.4773393869400024
1785280261.1523395,11563,1.804302453994751
1785280261.3710074,11564,1.3079776763916016
1785280261.5919309,11565,1.318962812423706
1785280261.8286994,11566,1.368740439414978
1785280262.0491207,11567,1.346861481666565
1785280262.2735863,11568,1.3293620347976685
1785280262.5092657,11569,2.4836008548736572
1785280262.925571,11570,2.1217777729034424
1785280263.3625858,11571,1.5733994245529175
1785280263.7848167,11572,1.4049571752548218
1785280264.2091227,11573,1.3648544549942017
1785280264.4458277,11574,1.6135568618774414
1785280264.6563003,11575,1.3550889492034912
1785280264.8738503,11576,1.355557918548584
1785280265.10995,11577,1.4019923210144043
1785280265.3204741,11578,3.432091236114502
1785280265.5357773,11579,1.3874417543411255
1785280265.7743204,11580,1.3195149898529053
1785280265.986917,11581,1.889220952987671
1785280266.2210836,11582,1.3277668952941895
1785280266.434943,11583,1.2934249639511108
1785280266.648812,11584,1.3260014057159424
1785280266.8705485,11585,1.6318409442901611
1785280267.0955296,11586,1.539271354675293
1785280267.331031,11587,1.678229570388794
1785280267.5778208,11588,1.5367183685302734
1785280267.8827784,11589,2.1765031814575195
1785280268.3044765,11590,1.3338550329208374
1785280268.7171545,11591,1.3475592136383057
1785280269.1215472,11592,1.5567764043807983
1785280269.5344157,11593,1.3461601734161377
1785280269.850001,11594,2.1709518432617188
1785280270.064928,11595,1.615856647491455
1785280270.2846155,11596,1.775647759437561
1785280270.4923458,11597,1.6476811170578003
1785280270.7020595,11598,1.899152159690857
1785280270.9200008,11599,1.3172869682312012
1785280271.132439,11600,1.3047771453857422
1785280271.343416,11601,1.3871064186096191
1785280271.5627143,11602,1.3397560119628906
1785280271.7842753,11603,2.198093891143799
1785280272.01206,11604,1.6875874996185303
1785280272.2439876,11605,1.4857197999954224
1785280272.453274,11606,1.3576345443725586
1785280272.6765609,11607,1.3267829418182373
1785280272.9055514,11608,1.2840321063995361
1785280273.1175168,11609,1.5823615789413452
1785280273.3445854,11610,1.5754075050354004
1785280273.5697637,11611,1.272881269454956
1785280273.790095,11612,1.4175671339035034
1785280274.0040667,11613,1.4635746479034424
1785280274.2180662,11614,1.8680882453918457
1785280274.4326873,11615,1.3279657363891602
1785280274.858067,11616,1.7602331638336182
1785280275.3021703,11617,1.935462236404419
1785280275.715906,11618,2.18302059173584
1785280276.1303365,11619,1.439366340637207
1785280276.5277953,11620,1.4802658557891846
1785280276.7433002,11621,1.5906411409378052
1785280276.9603662,11622,1.8777520656585693
1785280277.185323,11623,1.418105959892273
1785280277.4012847,11624,1.3505587577819824
1785280277.6322541,11625,1.5993502140045166
1785280277.8688447,11626,1.3715740442276
1785280278.0949426,11627,1.5211892127990723
1785280278.3364933,11628,1.5831822156906128
1785280278.5857387,11629,1.336264729499817
1785280278.8057737,11630,1.6394840478897095
1785280279.0129955,11631,1.346647024154663
1785280279.241268,11632,1.3905937671661377
1785280279.4668038,11633,1.4588901996612549
1785280279.694839,11634,1.376418948173523
1785280280.0017164,11635,1.5909610986709595
1785280280.4483643,11636,1.5357404947280884
1785280280.889015,11637,1.2702372074127197
1785280281.362112,11638,2.212491512298584
1785280281.7225592,11639,1.3343576192855835
1785280281.9676983,11640,1.4733338356018066
1785280282.1864874,11641,1.4020885229110718
1785280282.3975947,11642,1.4676339626312256
1785280282.7278373,11643,1.3444818258285522
1785280282.9581766,11644,1.3918113708496094
1785280283.1726968,11645,1.5504244565963745
1785280283.3820417,11646,1.6659901142120361
1785280283.5973816,11647,1.6428405046463013
1785280283.8248465,11648,1.586466908454895
1785280284.035989,11649,2.2127370834350586
1785280284.251964,11650,1.4142693281173706
1785280284.465697,11651,1.3534103631973267
1785280284.6833518,11652,1.3609493970870972
1785280284.9118319,11653,1.3644648790359497
1785280285.1541576,11654,1.356302261352539
1785280285.5971644,11655,1.3418413400650024
1785280286.1075933,11656,1.404327630996704
1785280286.5520995,11657,1.4419949054718018
1785280286.8553991,11658,1.4814482927322388
1785280287.100758,11659,1.4794747829437256
1785280287.3279321,11660,1.329759955406189
1785280287.572603,11661,1.5812615156173706
1785280287.8193355,11662,2.1394386291503906
1785280288.0510213,11663,1.5293054580688477
1785280288.283906,11664,1.356764793395996
1785280288.5017328,11665,1.6515768766403198
1785280288.7518268,11666,1.3904905319213867
1785280288.994873,11667,1.6592316627502441
1785280289.2165186,11668,1.307556390762329
1785280289.4385867,11669,1.3320516347885132
1785280289.6512632,11670,1.3068021535873413
1785280289.8837543,11671,2.0717451572418213
1785280290.1293535,11672,1.4907093048095703
1785280290.3701916,11673,1.3018854856491089
1785280290.6024182,11674,1.321470022201538
1785280290.8306153,11675,1.307806134223938
1785280291.119973,11676,1.5221914052963257
1785280291.5678704,11677,1.6056983470916748
1785280291.9947608,11678,1.3261455297470093
1785280292.4227192,11679,1.5006322860717773
1785280292.8401423,11680,1.7144144773483276
1785280293.1983306,11681,1.4885268211364746
1785280293.4120417,11682,1.3041882514953613
1785280293.625748,11683,1.7900655269622803
1785280293.8419464,11684,1.2872563600540161
1785280294.0808415,11685,1.3388447761535645
1785280294.2931323,11686,1.290952444076538
1785280294.5197988,11687,1.3122313022613525
1785280294.7395267,11688,1.2901012897491455
1785280294.9522667,11689,1.2908942699432373
1785280295.1735113,11690,1.4093520641326904
1785280295.4079583,11691,1.3096601963043213
1785280295.6167443,11692,1.4941906929016113
1785280295.8382885,11693,1.8520770072937012
1785280296.0638208,11694,2.070622444152832
1785280296.279511,11695,1.3655099868774414
1785280296.4922388,11696,1.4376497268676758
1785280296.7015061,11697,2.0030007362365723
1785280296.913055,11698,1.6348459720611572
1785280297.1254737,11699,1.6716210842132568
1785280297.3658762,11700,1.4046289920806885
1785280297.578833,11701,1.5238770246505737
1785280297.7963614,11702,1.3254153728485107
1785280298.0121415,11703,1.3078100681304932
1785280298.2459676,11704,1.5773086547851562
1785280298.47452,11705,1.325663447380066
1785280298.9028294,11706,1.328486442565918
1785280299.295638,11707,1.398576021194458
1785280299.706026,11708,1.3218088150024414
1785280300.1163516,11709,1.3039469718933105
1785280300.5122278,11710,1.4861952066421509
1785280300.8152916,11711,1.3907527923583984
1785280301.028161,11712,1.3905256986618042
1785280301.2417173,11713,1.3006800413131714
1785280301.453579,11714,1.2898575067520142
1785280301.6836607,11715,1.3681514263153076
1785280301.9244936,11716,1.3577549457550049
1785280302.1485841,11717,1.3999927043914795
1785280302.3585663,11718,1.5682544708251953
1785280302.570286,11719,1.5876340866088867
1785280302.7894816,11720,1.2904292345046997
1785280303.0069146,11721,1.8916386365890503
1785280303.217818,11722,1.3061494827270508
1785280303.440489,11723,1.3951005935668945
1785280303.6744606,11724,1.45932936668396
1785280303.8995147,11725,1.317716121673584
1785280304.1193776,11726,2.166255474090576
1785280304.417062,11727,1.4107394218444824
1785280304.817207,11728,1.2696605920791626
1785280305.221197,11729,1.4389936923980713
1785280305.6113741,11730,1.6305500268936157
1785280306.0016823,11731,1.2857680320739746
1785280306.4327967,11732,1.2928539514541626
1785280306.8255525,11733,1.757267951965332
1785280307.233356,11734,1.3185425996780396
1785280307.5762181,11735,1.3863414525985718
1785280307.8382158,11736,1.370822548866272
1785280308.0598383,11737,1.3897366523742676
1785280308.3109245,11738,1.7271367311477661
1785280308.5351267,11739,1.4535313844680786
1785280308.752815,11740,1.9429972171783447
1785280308.974266,11741,1.3939082622528076
1785280309.2148027,11742,1.5094640254974365
1785280309.4513328,11743,1.8118665218353271
1785280309.6740987,11744,1.444469928741455
1785280309.8919096,11745,1.5318496227264404
1785280310.2935321,11746,1.528920292854309
1785280310.6872344,11747,1.2723406553268433
1785280311.108385,11748,1.2985695600509644
1785280311.5221658,11749,1.6369508504867554
1785280311.9145706,11750,1.4414420127868652
1785280312.3059082,11751,1.3362449407577515
1785280312.6957338,11752,1.7813360691070557
1785280313.0871327,11753,1.3968449831008911
1785280313.5003123,11754,1.3330105543136597
1785280313.8973467,11755,1.9776736497879028
1785280314.3292937,11756,1.371938705444336
1785280314.7506497,11757,1.4309378862380981
1785280315.1393707,11758,1.4338665008544922
1785280315.5657885,11759,2.3753702640533447
1785280315.9547768,11760,1.3208931684494019
1785280316.3721764,11761,1.4160890579223633
1785280316.7734394,11762,1.53110671043396
1785280317.1701427,11763,1.3294378519058228
1785280317.5750198,11764,1.9756780862808228
1785280317.9882684,11765,1.297342300415039
1785280318.4033084,11766,1.297611951828003
1785280318.7919638,11767,1.2981083393096924
1785280319.1979964,11768,1.3917890787124634
1785280319.615215,11769,1.3702632188796997
1785280320.005963,11770,1.439725637435913
1785280320.399649,11771,1.3312188386917114
1785280320.7874763,11772,1.3775663375854492
1785280321.2035794,11773,2.460991859436035
1785280321.6406746,11774,1.6335632801055908
1785280322.0786555,11775,1.5294029712677002
1785280322.518952,11776,1.4563120603561401
1785280322.9170072,11777,1.3460073471069336
1785280323.3128815,11778,1.4831373691558838
1785280323.8088284,11779,1.4066965579986572
1785280324.254421,11780,1.2846240997314453
1785280324.6760435,11781,1.351383090019226
1785280325.1152983,11782,1.4374465942382812
1785280325.5612235,11783,1.3862730264663696
1785280326.018402,11784,1.3389534950256348
1785280326.483626,11785,1.3953118324279785
1785280326.8839834,11786,1.7672587633132935
1785280327.0986,11787,1.499922513961792
1785280327.3112204,11788,1.3411710262298584
1785280327.5206199,11789,1.4586553573608398
1785280327.729144,11790,1.5079898834228516
1785280327.9534888,11791,1.4281933307647705
1785280328.1719975,11792,1.324224829673767
1785280328.389033,11793,1.5815314054489136
1785280328.7861707,11794,1.4151095151901245
1785280329.1830204,11795,1.314974308013916
1785280329.6137173,11796,1.7244071960449219
1785280330.020851,11797,1.3653817176818848
1785280330.4380062,11798,1.7414460182189941
1785280330.870369,11799,1.433514952659607
1785280331.2632968,11800,1.48521888256073
1785280331.6739366,11801,1.3616487979888916
1785280332.0690398,11802,1.5193369388580322
1785280332.4869683,11803,1.3194749355316162
1785280332.904974,11804,1.3256722688674927
1785280333.3013623,11805,1.2999593019485474
1785280333.6171582,11806,1.3316015005111694
1785280333.8278568,11807,1.4447520971298218
1785280334.045558,11808,1.6004624366760254
1785280334.2750669,11809,1.5510754585266113
1785280334.4915779,11810,1.8087832927703857
1785280334.7088332,11811,1.3010444641113281
1785280334.951368,11812,1.2873202562332153
1785280335.1670449,11813,1.5989032983779907
1785280335.3761606,11814,1.434363842010498
1785280335.616236,11815,1.4315130710601807
1785280335.9127011,11816,1.5366986989974976
1785280336.302349,11817,1.3504374027252197
1785280336.724944,11818,1.5793746709823608
1785280337.1264799,11819,1.6964775323867798
1785280337.5181632,11820,1.4043936729431152
1785280337.925719,11821,1.2965935468673706
1785280338.338231,11822,1.294965147972107
1785280338.7317808,11823,2.1645054817199707
1785280339.1292913,11824,1.345863699913025
1785280339.3932343,11825,1.3502099514007568
1785280339.6013722,11826,1.3259981870651245
1785280339.8109262,11827,1.4036060571670532
1785280340.0343637,11828,1.3087728023529053
1785280340.2494605,11829,1.3576351404190063
1785280340.4623625,11830,1.3886827230453491
1785280340.695759,11831,1.8680744171142578
1785280340.9042492,11832,1.512904405593872
1785280341.1217437,11833,1.54136061668396
1785280341.3504934,11834,1.7147104740142822
1785280341.570127,11835,1.5016123056411743
1785280341.7878757,11836,1.9671356678009033
1785280342.1140625,11837,1.4573853015899658
1785280342.5070221,11838,1.4427324533462524
1785280342.9455442,11839,1.2741237878799438
1785280343.379032,11840,1.5925467014312744
1785280343.853868,11841,1.398172378540039
1785280344.2489846,11842,1.3319287300109863
1785280344.64435,11843,1.4561030864715576
1785280344.8647962,11844,1.3518983125686646
1785280345.0818396,11845,2.421298027038574
1785280345.2908266,11846,1.5573241710662842
1785280345.5048265,11847,1.412697672843933
1785280345.7206795,11848,1.4242281913757324
1785280345.948871,11849,1.376513123512268
1785280346.179921,11850,1.4155268669128418
1785280346.3932068,11851,1.8553853034973145
1785280346.6115036,11852,1.358769178390503
1785280346.8294244,11853,1.3533324003219604
1785280347.0601227,11854,1.4724351167678833
1785280347.270107,11855,1.5325360298156738
1785280347.6122894,11856,1.3253766298294067
1785280348.0353491,11857,1.4257291555404663
1785280348.4630392,11858,1.8314504623413086
1785280348.9037538,11859,1.3398048877716064
1785280349.3287337,11860,1.3181045055389404
1785280349.716707,11861,2.018909215927124
1785280349.925803,11862,1.5384832620620728
1785280350.1478677,11863,1.4493818283081055
1785280350.3658738,11864,1.3882293701171875
1785280350.5760136,11865,1.624990463256836
1785280350.8018975,11866,1.4824743270874023
1785280351.0574114,11867,1.4047331809997559
1785280351.2842646,11868,1.3480209112167358
1785280351.4962513,11869,1.7016425132751465
1785280351.709641,11870,1.4110217094421387
1785280351.9220448,11871,1.4982521533966064
1785280352.135965,11872,1.6169646978378296
1785280352.3610356,11873,1.5386916399002075
1785280352.8139677,11874,1.533503770828247
1785280353.2446847,11875,1.4539027214050293
1785280353.682842,11876,1.428921103477478
1785280354.0791607,11877,1.388310432434082
1785280354.477114,11878,1.3331791162490845
1785280354.8523517,11879,1.6210951805114746
1785280355.0647268,11880,1.5467759370803833
1785280355.2740653,11881,1.3901100158691406
1785280355.500706,11882,1.3152143955230713
1785280355.7094908,11883,1.5992406606674194
1785280355.916012,11884,1.42003333568573
1785280356.1327884,11885,1.3705601692199707
1785280356.345248,11886,1.9366424083709717
1785280356.5580213,11887,1.5368925333023071
1785280356.7680333,11888,1.769582986831665
1785280356.992456,11889,1.4095737934112549
1785280357.2075756,11890,1.4413405656814575
1785280357.4328935,11891,1.5229136943817139
1785280357.685565,11892,1.4013723134994507
1785280357.9033177,11893,1.3156622648239136
1785280358.1283712,11894,1.2875769138336182
1785280358.5066564,11895,1.8016643524169922
1785280358.902403,11896,1.5663158893585205
1785280359.3012943,11897,1.6765661239624023
1785280359.6986725,11898,1.6415151357650757
1785280360.1033857,11899,1.4715086221694946
1785280360.4965665,11900,1.4955294132232666
1785280360.7412827,11901,1.4373760223388672
1785280360.9652672,11902,1.3278666734695435
1785280361.1902661,11903,1.291486382484436
1785280361.3979232,11904,1.7134209871292114
1785280361.6042411,11905,1.7084524631500244
1785280361.8260486,11906,1.5293077230453491
1785280362.0491118,11907,1.3678957223892212
1785280362.2589188,11908,1.8604451417922974
1785280362.4678314,11909,2.2317097187042236
1785280362.6860833,11910,1.3185093402862549
1785280363.001979,11911,1.4609954357147217
1785280363.2294931,11912,1.513845443725586
1785280363.4588366,11913,1.3497545719146729
1785280363.696699,11914,1.539360523223877
1785280363.9831371,11915,1.3809479475021362
1785280364.377698,11916,1.7835736274719238
1785280364.777761,11917,1.4014973640441895
1785280365.2173343,11918,1.2809067964553833
1785280365.6336162,11919,1.8485711812973022
1785280366.049806,11920,1.3616639375686646
1785280366.3515468,11921,1.533960223197937
1785280366.5727558,11922,1.374402642250061
1785280366.7987244,11923,1.8871277570724487
1785280367.0197804,11924,1.3716955184936523
1785280367.2447507,11925,1.5044560432434082
1785280367.4547215,11926,1.4150779247283936
1785280367.6804705,11927,1.3580154180526733
1785280367.905893,11928,1.5054011344909668
1785280368.1208036,11929,1.3234261274337769
1785280368.3496194,11930,1.5155084133148193
1785280368.5814202,11931,1.4811177253723145
1785280368.820619,11932,1.3192991018295288
1785280369.0309236,11933,1.449070692062378
1785280369.2459922,11934,1.5280194282531738
1785280369.4519362,11935,1.3142619132995605
1785280369.6824007,11936,1.303120493888855
1785280370.0430925,11937,1.404895305633545
1785280370.4634206,11938,1.4410111904144287
1785280370.8960373,11939,1.5274648666381836
1785280371.3321311,11940,1.5767533779144287
1785280371.7414863,11941,1.4844160079956055
1785280372.0261078,11942,1.7529735565185547
1785280372.2407746,11943,1.5441231727600098
1785280372.4533422,11944,1.4574506282806396
1785280372.666452,11945,1.358289361000061
1785280372.8830664,11946,1.459333896636963
1785280373.1390374,11947,1.4631441831588745
1785280373.3498223,11948,1.5584807395935059
1785280373.5740683,11949,1.3078651428222656
1785280373.7847736,11950,1.966207504272461
1785280373.999427,11951,1.5132355690002441
1785280374.211606,11952,1.3179210424423218
1785280374.448651,11953,1.6670559644699097
1785280374.673825,11954,1.323380470275879
1785280374.8847015,11955,1.6047999858856201
1785280375.1006145,11956,1.9481902122497559
1785280375.3078785,11957,1.4706926345825195
1785280375.534497,11958,1.4239089488983154
1785280375.744948,11959,2.331389904022217
1785280375.9654605,11960,1.7749544382095337
1785280376.1748207,11961,1.539438247680664
1785280376.4044144,11962,1.534523844718933
1785280376.6216018,11963,2.8115074634552
1785280376.832284,11964,1.8676934242248535
1785280377.1317215,11965,1.3237417936325073
1785280377.545152,11966,1.473484754562378
1785280377.96656,11967,1.5058958530426025
1785280378.360371,11968,1.2973054647445679
1785280378.7692719,11969,1.2886617183685303
1785280379.020752,11970,1.5997459888458252
1785280379.236456,11971,1.2836188077926636
1785280379.4512324,11972,1.6610972881317139
1785280379.7007792,11973,1.407910704612732
1785280379.9415867,11974,1.6014671325683594
1785280380.1607895,11975,1.5012847185134888
1785280380.3786607,11976,1.40755033493042
1785280380.5955555,11977,1.4067503213882446
1785280380.817137,11978,1.640997052192688
1785280381.0512147,11979,1.3288968801498413
1785280381.2648623,11980,1.43083918094635
1785280381.4771605,11981,1.5802357196807861
1785280381.692942,11982,2.6882522106170654
1785280381.9140098,11983,1.2824654579162598
1785280382.135848,11984,1.4811067581176758
1785280382.3493488,11985,1.5932620763778687
1785280382.5645885,11986,1.3516401052474976
1785280382.9359033,11987,2.336998462677002
1785280383.41137,11988,1.3351668119430542
1785280383.9010873,11989,1.4123783111572266
1785280384.3293862,11990,1.4643964767456055
1785280384.7740493,11991,1.3355085849761963
1785280384.997882,11992,1.59669828414917
1785280385.2173042,11993,1.3198015689849854
1785280385.4434128,11994,1.3335585594177246
1785280385.6612966,11995,1.4273653030395508
1785280385.8843522,11996,1.7353166341781616
1785280386.108531,11997,1.3077553510665894
1785280386.3261173,11998,1.5978111028671265
1785280386.5399425,11999,1.2920167446136475
1785280386.7666097,12000,1.305952787399292
1785280386.9872198,12001,1.4067479372024536
1785280387.2074196,12002,1.383132815361023
1785280387.4360142,12003,1.641040563583374
1785280387.6590724,12004,1.3137489557266235
1785280387.8672369,12005,1.3684704303741455
1785280388.1038704,12006,1.2896206378936768
1785280388.3382123,12007,1.3699946403503418
1785280388.553743,12008,1.4215431213378906
1785280388.7828288,12009,1.3665636777877808
1785280389.1017919,12010,1.7154946327209473
1785280389.5279803,12011,1.5831501483917236
1785280389.9566538,12012,1.7907354831695557
1785280390.3863819,12013,1.586372971534729
1785280390.8340335,12014,1.4330644607543945
1785280391.1971023,12015,1.7265183925628662
1785280391.4141269,12016,1.6681838035583496
1785280391.6426642,12017,1.6308127641677856
1785280391.872969,12018,1.3382668495178223
1785280392.1188877,12019,1.3831983804702759
1785280392.3451195,12020,1.5013140439987183
1785280392.5583904,12021,1.4270143508911133
1785280392.7724257,12022,1.6572352647781372
1785280392.9910133,12023,1.3958524465560913
1785280393.208015,12024,1.849435806274414
1785280393.4206698,12025,1.6595919132232666
1785280393.638812,12026,1.5656946897506714
1785280393.862582,12027,2.660229206085205
1785280394.0901241,12028,1.3141200542449951
1785280394.3122022,12029,1.4235957860946655
1785280394.5224462,12030,1.4298802614212036
1785280394.7425556,12031,1.3580472469329834
1785280395.02099,12032,1.65518057346344
1785280395.4580743,12033,1.8056137561798096
1785280395.8586693,12034,1.3641009330749512
1785280396.251775,12035,1.8227198123931885
1785280396.6544018,12036,1.451414704322815
1785280396.9728577,12037,1.3286831378936768
1785280397.1862202,12038,1.8423237800598145
1785280397.3936234,12039,1.2610034942626953
1785280397.616022,12040,1.307752013206482
1785280397.8309283,12041,1.3641858100891113
1785280398.052864,12042,1.8064658641815186
1785280398.268754,12043,1.3470916748046875
1785280398.4897602,12044,2.0091583728790283
1785280398.703568,12045,1.8760101795196533
1785280398.9249687,12046,1.8553686141967773
1785280399.1403308,12047,1.3623887300491333
1785280399.3588514,12048,1.316801905632019
1785280399.5736756,12049,1.4048025608062744
1785280399.7866266,12050,1.638416051864624
1785280399.9922528,12051,1.3727761507034302
1785280400.2065797,12052,1.5572047233581543
1785280400.600579,12053,1.4592556953430176
1785280401.008017,12054,1.349244236946106
1785280401.4255722,12055,1.3584662675857544
1785280401.873099,12056,1.2793012857437134
1785280402.1483057,12057,1.3354849815368652
1785280402.3552759,12058,1.330868124961853
1785280402.5618258,12059,1.2922351360321045
1785280402.7723148,12060,1.455172061920166
1785280402.9818463,12061,1.7342488765716553
1785280403.1904757,12062,1.6654911041259766
1785280403.42853,12063,1.358188271522522
1785280403.6419075,12064,1.4637268781661987
1785280403.858081,12065,1.6078171730041504
1785280404.0690417,12066,2.21921968460083
1785280404.2820508,12067,1.6976068019866943
1785280404.4912179,12068,1.3233907222747803
1785280404.7006745,12069,1.342915415763855
1785280404.9415627,12070,1.7800618410110474
1785280405.1556985,12071,1.9795045852661133
1785280405.3746827,12072,1.3579020500183105
1785280405.5870047,12073,1.5488849878311157
1785280405.804083,12074,1.3743594884872437
1785280406.0211673,12075,1.3182809352874756
1785280406.2534952,12076,1.3135366439819336
1785280406.6625764,12077,1.468126654624939
1785280407.0878885,12078,1.360269546508789
1785280407.5011303,12079,1.2692428827285767
1785280407.9216802,12080,1.3186694383621216
1785280408.1424496,12081,1.474192500114441
1785280408.3578064,12082,1.383954644203186
1785280408.5738375,12083,1.455291748046875
1785280408.7935839,12084,1.6684136390686035
1785280409.0043623,12085,1.5786025524139404
1785280409.223985,12086,1.7322235107421875
1785280409.4379435,12087,1.5812633037567139
1785280409.6496007,12088,1.4044517278671265
1785280409.8789406,12089,1.9306445121765137
1785280410.0948114,12090,1.823472499847412
1785280410.3198702,12091,1.3410468101501465
1785280410.52665,12092,1.5352985858917236
1785280410.7368872,12093,1.523102045059204
1785280410.9716854,12094,1.3004685640335083
1785280411.384319,12095,2.0923476219177246
1785280411.7740448,12096,1.586756706237793
1785280412.2007134,12097,1.5984262228012085
1785280412.6321666,12098,1.3736445903778076
1785280412.915629,12099,1.6046675443649292
1785280413.1369348,12100,1.284967303276062
1785280413.350706,12101,1.2837203741073608
1785280413.5642266,12102,1.4095662832260132
1785280413.7846694,12103,2.093921661376953
1785280413.995585,12104,1.4819210767745972
1785280414.22229,12105,1.4138387441635132
1785280414.4426563,12106,1.5461814403533936
1785280414.6636302,12107,1.4028366804122925
1785280414.8768284,12108,1.3162245750427246
1785280415.0962033,12109,1.489811658859253
1785280415.3207767,12110,1.3102198839187622
1785280415.5423567,12111,1.4867782592773438
1785280415.7681124,12112,1.4895344972610474
1785280415.9854178,12113,1.4843147993087769
1785280416.2039797,12114,1.7034587860107422
1785280416.5877132,12115,1.3493597507476807
1785280416.9980793,12116,1.5571355819702148
1785280417.4051845,12117,1.3449281454086304
1785280417.8094199,12118,1.3926682472229004
1785280418.2463095,12119,1.3876134157180786
1785280418.4780636,12120,1.4704523086547852
1785280418.688903,12121,1.7228107452392578
1785280418.9052396,12122,1.674560546875
1785280419.1395054,12123,1.3582550287246704
1785280419.350666,12124,1.3097219467163086
1785280419.5671134,12125,1.5065605640411377
1785280419.7858853,12126,1.6056807041168213
1785280420.0092638,12127,1.419917345046997
1785280420.2323773,12128,1.3973833322525024
1785280420.4699378,12129,1.7815439701080322
1785280420.704929,12130,1.3291876316070557
1785280420.9282105,12131,1.3616694211959839
1785280421.141057,12132,1.3434369564056396
1785280421.353125,12133,1.4657113552093506
1785280421.5712492,12134,1.4833780527114868
1785280421.7898872,12135,1.6805720329284668
1785280422.0407016,12136,1.4596683979034424
1785280422.484003,12137,1.9993500709533691
1785280422.9216073,12138,1.2958999872207642
1785280423.3263123,12139,1.3978875875473022
1785280423.7241917,12140,1.380962610244751
1785280424.1212842,12141,1.5908913612365723
1785280424.3318486,12142,1.8688867092132568
1785280424.5517752,12143,2.558680534362793
1785280424.7648613,12144,1.7291507720947266
1785280424.9748652,12145,1.3454310894012451
1785280425.1905756,12146,1.7370069026947021
1785280425.435305,12147,1.7512688636779785
1785280425.6525903,12148,1.9358042478561401
1785280425.875008,12149,1.6296721696853638
1785280426.0912182,12150,1.3445707559585571
1785280426.331779,12151,1.3204617500305176
1785280426.553578,12152,1.4207208156585693
1785280426.7910295,12153,1.2923747301101685
1785280427.0156443,12154,1.63099205493927
1785280427.2343097,12155,1.2817420959472656
1785280427.4457746,12156,1.4431312084197998
1785280427.666551,12157,1.3017648458480835
1785280427.8773763,12158,1.6977096796035767
1785280428.0843008,12159,1.317098617553711
1785280428.3197203,12160,1.3559620380401611
1785280428.5325282,12161,1.3513253927230835
1785280428.9370983,12162,1.4270586967468262
1785280429.3335097,12163,1.4469807147979736
1785280429.761357,12164,1.3144464492797852
1785280430.1654892,12165,1.4095438718795776
1785280430.4970746,12166,1.8437561988830566
1785280430.7225618,12167,1.48161780834198
1785280430.9787147,12168,1.416355848312378
1785280431.1935434,12169,1.4935626983642578
1785280431.4088614,12170,1.6898330450057983
1785280431.6171482,12171,1.4339320659637451
1785280431.8265698,12172,1.379830241203308
1785280432.0487525,12173,1.4469783306121826
1785280432.270763,12174,1.3759856224060059
1785280432.4869826,12175,1.3679077625274658
1785280432.708682,12176,1.3631136417388916
1785280432.9246078,12177,1.2903499603271484
1785280433.1676242,12178,1.2981436252593994
1785280433.3877983,12179,1.4153361320495605
1785280433.5961843,12180,1.2884138822555542
1785280433.8126607,12181,2.0121588706970215
1785280434.037925,12182,1.3091849088668823
1785280434.2607412,12183,1.7157750129699707
1785280434.5233264,12184,1.4819650650024414
1785280434.847209,12185,1.6540745496749878
1785280435.2689748,12186,1.5967974662780762
1785280435.7026167,12187,1.3649548292160034
1785280436.123236,12188,1.7612690925598145
1785280436.5682685,12189,1.8664988279342651
1785280436.8505945,12190,1.4743964672088623
1785280437.061455,12191,1.3576911687850952
1785280437.2776818,12192,1.2988532781600952
1785280437.493013,12193,1.2889125347137451
1785280437.7180278,12194,1.8755037784576416
1785280437.9437149,12195,1.3175082206726074
1785280438.1729562,12196,1.4621703624725342
1785280438.388251,12197,1.3261042833328247
1785280438.612896,12198,1.3769608736038208
1785280438.8373246,12199,1.8885583877563477
1785280439.0726092,12200,1.4169204235076904
1785280439.3227775,12201,1.3308669328689575
1785280439.540884,12202,1.395801067352295
1785280439.8559291,12203,1.3314546346664429
1785280440.1100526,12204,1.4253778457641602
1785280440.331514,12205,1.3127894401550293
1785280440.5486667,12206,1.3565797805786133
1785280441.0021667,12207,1.7811599969863892
1785280441.4195697,12208,1.3425970077514648
1785280441.8527489,12209,1.421090006828308
1785280442.2868779,12210,1.7905991077423096
1785280442.7311778,12211,1.3681905269622803
1785280442.9746554,12212,1.5728074312210083
1785280443.186813,12213,1.2961307764053345
1785280443.4031792,12214,1.696880578994751
1785280443.6624045,12215,1.947404384613037
1785280443.8880599,12216,1.5004159212112427
1785280444.118185,12217,1.442776083946228
1785280444.3243637,12218,1.3571016788482666
1785280444.5684693,12219,1.3458216190338135
1785280444.7794998,12220,1.5296142101287842
1785280445.0010002,12221,1.6390725374221802
1785280445.2105749,12222,1.3358482122421265
1785280445.4311843,12223,1.5808041095733643
1785280445.6454852,12224,1.6334346532821655
1785280445.870418,12225,1.5878300666809082
1785280446.0766656,12226,1.6899852752685547
1785280446.2979925,12227,1.9217939376831055
1785280446.5116737,12228,1.6981562376022339
1785280446.7404733,12229,1.8084454536437988
1785280447.0583375,12230,1.497747540473938
1785280447.4926498,12231,1.5544341802597046
1785280447.9271588,12232,1.4283174276351929
1785280448.3332045,12233,1.2938545942306519
1785280448.780894,12234,1.3092454671859741
1785280449.0029883,12235,1.327516794204712
1785280449.2359855,12236,1.8751718997955322
1785280449.446286,12237,1.3794887065887451
1785280449.6559966,12238,1.3707984685897827
1785280449.8729236,12239,1.3333760499954224
1785280450.087766,12240,1.6840178966522217
1785280450.3180287,12241,1.524348258972168
1785280450.5396771,12242,1.6530503034591675
1785280450.7580647,12243,1.3351761102676392
1785280450.96913,12244,1.3425573110580444
1785280451.2001743,12245,1.320822834968567
1785280451.4179435,12246,1.3417071104049683
1785280451.6316173,12247,1.4974256753921509
1785280451.8439171,12248,1.286975383758545
1785280452.05599,12249,1.4828757047653198
1785280452.2915325,12250,1.639915943145752
1785280452.5048366,12251,1.5675493478775024
1785280452.7146504,12252,2.0418124198913574
1785280453.066603,12253,1.3310930728912354
1785280453.4999433,12254,1.5051878690719604
1785280453.9232745,12255,1.333789348602295
1785280454.3620365,12256,1.551206350326538
1785280454.780612,12257,1.6310629844665527
1785280455.0880098,12258,1.8055648803710938
1785280455.2962148,12259,1.3343333005905151
1785280455.508608,12260,1.3103108406066895
1785280455.7214856,12261,1.363968014717102
1785280455.928835,12262,1.4414448738098145
1785280456.1519806,12263,1.6998449563980103
1785280456.3602083,12264,1.3075134754180908
1785280456.5682065,12265,1.329919457435608
1785280456.7939568,12266,1.5982940196990967
1785280457.0101552,12267,1.4976451396942139
1785280457.2228804,12268,1.3534531593322754
1785280457.4515154,12269,1.335323691368103
1785280457.6764936,12270,1.3056509494781494
1785280457.9020457,12271,1.4654526710510254
1785280458.1136234,12272,1.5877023935317993
1785280458.3325968,12273,1.7417203187942505
1785280458.5432959,12274,1.3524616956710815
1785280458.7764468,12275,1.3544068336486816
1785280458.9927258,12276,1.2912338972091675
1785280459.2124915,12277,1.3124966621398926
1785280459.4799354,12278,1.3137121200561523
1785280459.9101558,12279,1.6483190059661865
1785280460.3436532,12280,1.3745228052139282
1785280460.799429,12281,1.268540382385254
1785280461.2208173,12282,1.3649696111679077
1785280461.4381504,12283,1.3224769830703735
1785280461.6615252,12284,1.3242031335830688
1785280461.8817687,12285,1.423168659210205
1785280462.1040056,12286,1.3137640953063965
1785280462.3467946,12287,1.3714120388031006
1785280462.6128247,12288,1.6256788969039917
1785280462.8269975,12289,1.3720626831054688
1785280463.0500405,12290,1.2911572456359863
1785280463.2580142,12291,1.309512972831726
1785280463.4687572,12292,1.2694700956344604
1785280463.6930943,12293,1.5311717987060547
1785280463.910181,12294,1.4329789876937866
1785280464.151711,12295,1.8251938819885254
1785280464.3643901,12296,1.5378170013427734
1785280464.580041,12297,1.3883180618286133
1785280464.9553173,12298,1.2902753353118896
1785280465.4200733,12299,1.3577070236206055
1785280465.8445778,12300,1.4762203693389893
1785280466.2789156,12301,1.4962632656097412
1785280466.57399,12302,1.5813575983047485
1785280466.7954357,12303,1.2982282638549805
1785280467.0202656,12304,1.757077693939209
1785280467.2297683,12305,1.410478949546814
1785280467.447186,12306,1.6131417751312256
1785280467.6641045,12307,1.39616060256958
1785280467.8805158,12308,1.7623307704925537
1785280468.1099784,12309,1.4872372150421143
1785280468.3359303,12310,1.3022081851959229
1785280468.576391,12311,1.2888314723968506
1785280468.7934878,12312,1.4594769477844238
1785280469.0099893,12313,1.8330559730529785
1785280469.2348082,12314,1.3991079330444336
1785280469.4422846,12315,1.3605221509933472
1785280469.8515837,12316,1.5531768798828125
1785280470.2538512,12317,1.6273682117462158
1785280470.726155,12318,1.3669875860214233
1785280471.144553,12319,1.8174467086791992
1785280471.5679388,12320,1.3170464038848877
1785280471.7962914,12321,1.3131494522094727
1785280472.0249019,12322,1.476296305656433
1785280472.2353942,12323,1.5506591796875
1785280472.4596076,12324,1.292611837387085
1785280472.6893713,12325,1.2711106538772583
1785280472.9003105,12326,1.4054057598114014
1785280473.1079311,12327,1.2796947956085205
1785280473.3284404,12328,1.4885122776031494
1785280473.5549297,12329,1.6385953426361084
1785280473.780202,12330,1.5018336772918701
1785280473.991549,12331,1.341034173965454
1785280474.2009375,12332,1.7689857482910156
1785280474.4188907,12333,1.316949486732483
1785280474.6326528,12334,1.3113605976104736
1785280474.843714,12335,1.7230379581451416
1785280475.0543487,12336,1.2877395153045654
1785280475.2793787,12337,1.378560185432434
1785280475.4934542,12338,1.4053261280059814
1785280475.7292414,12339,1.4578193426132202
1785280476.0640812,12340,1.278193712234497
1785280476.4892125,12341,1.4426348209381104
1785280476.8874485,12342,1.905090093612671
1785280477.2907765,12343,1.4768013954162598
1785280477.6901178,12344,1.3338161706924438
1785280477.9123497,12345,1.2818725109100342
1785280478.1253502,12346,1.445615530014038
1785280478.3391123,12347,1.5309110879898071
1785280478.555661,12348,1.5635664463043213
1785280478.7639968,12349,1.3216303586959839
1785280478.981436,12350,1.3026642799377441
1785280479.1960895,12351,1.5149562358856201
1785280479.4134135,12352,1.4740225076675415
1785280479.6216505,12353,1.2859505414962769
1785280479.8487365,12354,1.2924275398254395
1785280480.0652888,12355,1.3225780725479126
1785280480.285177,12356,1.32101309299469
1785280480.4930542,12357,1.383757472038269
1785280480.7047694,12358,1.5954134464263916
1785280480.9239175,12359,1.3503735065460205
1785280481.1381004,12360,1.2758336067199707
1785280481.3458376,12361,1.454235553741455
1785280481.5574625,12362,1.3599414825439453
1785280481.7747953,12363,2.4936981201171875
1785280481.996973,12364,1.3668129444122314
1785280482.2257,12365,1.2906312942504883
1785280482.4345093,12366,1.4038572311401367
1785280482.8338935,12367,1.5320963859558105
1785280483.2586815,12368,1.3190672397613525
1785280483.6480272,12369,1.4747591018676758
1785280484.0724826,12370,1.5492888689041138
1785280484.5039432,12371,1.6930487155914307
1785280484.759135,12372,1.3384157419204712
1785280484.980235,12373,1.7786481380462646
1785280485.186121,12374,1.6636923551559448
1785280485.3958504,12375,1.5342648029327393
1785280485.6256714,12376,1.45952570438385
1785280485.8604658,12377,1.6167117357254028
1785280486.0739458,12378,1.4224798679351807
1785280486.3258321,12379,1.3753763437271118
1785280486.5479689,12380,1.3089815378189087
1785280486.7882013,12381,1.4508569240570068
1785280487.0042076,12382,1.30690336227417
1785280487.222071,12383,1.9589002132415771
1785280487.46506,12384,1.3752409219741821
1785280487.6971054,12385,1.3418514728546143
1785280487.9189813,12386,1.3645092248916626
1785280488.1304607,12387,1.387406587600708
1785280488.3470438,12388,1.422979474067688
1785280488.6568847,12389,1.3437458276748657
1785280489.0805154,12390,1.557903528213501
1785280489.527315,12391,1.3034932613372803
1785280489.940341,12392,1.5598820447921753
1785280490.3881826,12393,2.1626672744750977
1785280490.6364734,12394,1.3957840204238892
1785280490.8643875,12395,1.4297865629196167
1785280491.073809,12396,1.421574592590332
1785280491.2911308,12397,1.2790634632110596
1785280491.5033903,12398,1.451385259628296
1785280491.711721,12399,1.6929402351379395
1785280491.933086,12400,1.817017912864685
1785280492.1572459,12401,1.424887776374817
1785280492.385067,12402,1.3440687656402588
1785280492.6111324,12403,1.6765484809875488
1785280492.8211143,12404,1.6807931661605835
1785280493.034148,12405,1.4928644895553589
1785280493.2570467,12406,1.5904464721679688
1785280493.4827106,12407,1.6142950057983398
1785280493.71312,12408,1.4784953594207764
1785280493.9237251,12409,1.3484805822372437
1785280494.1361122,12410,1.6260358095169067
1785280494.3481958,12411,1.329909086227417
1785280494.6673687,12412,1.4523553848266602
1785280495.0794394,12413,1.3323643207550049
1785280495.521138,12414,1.5738818645477295
1785280496.0122125,12415,1.3974101543426514
1785280496.3938508,12416,1.3394904136657715
1785280496.6063883,12417,1.4106940031051636
1785280496.8240905,12418,1.3522226810455322
1785280497.0383308,12419,2.027468204498291
1785280497.2468793,12420,1.3615424633026123
1785280497.4624064,12421,1.3732244968414307
1785280497.6807506,12422,1.3246614933013916
1785280497.89337,12423,1.3862093687057495
1785280498.206649,12424,1.3398537635803223
1785280498.442401,12425,1.4216755628585815
1785280498.668964,12426,1.381243348121643
1785280498.8807933,12427,1.3904054164886475
1785280499.0997963,12428,1.300356149673462
1785280499.3066356,12429,1.4329771995544434
1785280499.517689,12430,1.2918930053710938
1785280499.7485828,12431,1.6859796047210693
1785280499.9595463,12432,1.835733413696289
1785280500.2699256,12433,1.5294554233551025
1785280500.7021742,12434,1.5452077388763428
1785280501.1413035,12435,1.8059837818145752
1785280501.5704033,12436,1.4013495445251465
1785280502.0439897,12437,1.3055859804153442
1785280502.3140328,12438,2.8455095291137695
1785280502.5224783,12439,1.4094312191009521
1785280502.7404501,12440,1.3616212606430054
1785280502.9762366,12441,1.3741223812103271
1785280503.1938186,12442,1.797158122062683
1785280503.419022,12443,2.0835037231445312
1785280503.6375499,12444,1.5285924673080444
1785280503.8484004,12445,1.6239993572235107
1785280504.062647,12446,1.3869181871414185
1785280504.3159795,12447,1.3287826776504517
1785280504.529687,12448,1.3375115394592285
1785280504.7397065,12449,1.498911738395691
1785280504.9621701,12450,1.291346788406372
1785280505.212043,12451,1.2840139865875244
1785280505.4556832,12452,1.378065586090088
1785280505.6985643,12453,1.2739728689193726
1785280505.9996817,12454,1.582584023475647
1785280506.4503765,12455,1.3687922954559326
1785280506.8944356,12456,1.3413162231445312
1785280507.3721142,12457,1.488471508026123
1785280507.775311,12458,1.3085426092147827
1785280508.01713,12459,1.4489696025848389
1785280508.2337587,12460,1.325180172920227
1785280508.4568179,12461,1.4124133586883545
1785280508.684986,12462,1.6493191719055176
1785280508.917987,12463,1.3133866786956787
1785280509.1500359,12464,1.28427255153656
1785280509.3922253,12465,1.4981977939605713
1785280509.6214423,12466,1.3236037492752075
1785280509.8554904,12467,1.3257547616958618
1785280510.0990026,12468,1.3714972734451294
1785280510.3338094,12469,1.2746998071670532
1785280510.5620291,12470,1.9324803352355957
1785280510.7952125,12471,1.5965594053268433
1785280511.0218632,12472,1.3660787343978882
1785280511.2490392,12473,1.9328241348266602
1785280511.492887,12474,1.2953566312789917
1785280511.9154487,12475,1.2920318841934204
1785280512.3486738,12476,1.379940390586853
1785280512.7958744,12477,1.426577091217041
1785280513.2367084,12478,1.4010430574417114
1785280513.5034046,12479,1.274845838546753
1785280513.717709,12480,1.5976048707962036
1785280513.9654117,12481,1.4483506679534912
1785280514.179135,12482,1.4792066812515259
1785280514.4088776,12483,1.3502506017684937
1785280514.6423864,12484,1.5404375791549683
1785280514.874822,12485,2.0728399753570557
1785280515.113029,12486,1.3753308057785034
1785280515.3622963,12487,1.592818021774292
1785280515.5965197,12488,1.6909222602844238
1785280515.821804,12489,1.527026653289795
1785280516.0313818,12490,1.4331051111221313
1785280516.2819078,12491,1.399308204650879
1785280516.5142467,12492,1.3635309934616089
1785280516.7291827,12493,1.8177595138549805
1785280516.9597688,12494,1.2863457202911377
1785280517.4125295,12495,2.025146961212158
1785280517.876185,12496,1.577429175376892
1785280518.3423774,12497,1.2714046239852905
1785280518.6772544,12498,1.2855812311172485
1785280518.8997226,12499,1.4533257484436035
1785280519.1478376,12500,1.5226573944091797
1785280519.3851855,12501,1.5652331113815308
1785280519.6024876,12502,1.286529541015625
1785280519.833096,12503,2.1923537254333496
1785280520.083031,12504,1.3270403146743774
1785280520.2922215,12505,1.4993852376937866
1785280520.5150843,12506,1.4240998029708862
1785280520.7270432,12507,1.4738969802856445
1785280520.9347367,12508,1.3670865297317505
1785280521.1588688,12509,1.359557867050171
1785280521.371949,12510,1.3084989786148071
1785280521.6000881,12511,1.3331685066223145
1785280521.8242567,12512,1.5511720180511475
1785280522.0318737,12513,1.3409148454666138
1785280522.2506087,12514,1.2934389114379883
1785280522.5658996,12515,1.4688018560409546
1785280522.9945214,12516,1.756528377532959
1785280523.402742,12517,1.8858355283737183
1785280523.8953128,12518,1.4637830257415771
1785280524.2152567,12519,1.943724513053894
1785280524.4423225,12520,1.4480271339416504
1785280524.6548264,12521,1.2649633884429932
1785280524.872994,12522,1.2774831056594849
1785280525.1004903,12523,1.3172578811645508
1785280525.3112564,12524,1.3792121410369873
1785280525.5226228,12525,1.5138576030731201
1785280525.7713356,12526,1.3291172981262207
1785280525.9869485,12527,1.4295910596847534
1785280526.2080314,12528,1.4904427528381348
1785280526.4229038,12529,1.45334792137146
1785280526.631828,12530,1.3338828086853027
1785280526.8561006,12531,1.3962873220443726
1785280527.067585,12532,1.4554363489151
1785280527.278943,12533,1.9729180335998535
1785280527.5087345,12534,1.6466952562332153
1785280527.7176156,12535,1.3643639087677002
1785280527.9502032,12536,1.5556122064590454
1785280528.16272,12537,1.305335521697998
1785280528.390902,12538,1.7930858135223389
1785280528.6057184,12539,1.671168327331543
1785280528.8180218,12540,1.5324862003326416
1785280529.0313246,12541,1.5332467555999756
1785280529.2559094,12542,1.338112711906433
1785280529.483211,12543,1.3199177980422974
1785280529.696236,12544,1.5217652320861816
1785280529.9195178,12545,1.4829398393630981
1785280530.1355534,12546,1.6592668294906616
1785280530.3491576,12547,1.5906319618225098
1785280530.5802493,12548,1.3137586116790771
1785280530.851821,12549,1.7372817993164062
1785280531.2877421,12550,1.587882399559021
1785280531.6828713,12551,1.3987348079681396
1785280532.0836937,12552,1.3090828657150269
1785280532.4751823,12553,1.4400267601013184
1785280532.7236845,12554,1.321347713470459
1785280532.9479654,12555,2.131998300552368
1785280533.1730099,12556,1.3320485353469849
1785280533.388245,12557,1.3151919841766357
1785280533.6228669,12558,1.4363718032836914
1785280533.8356547,12559,1.301634669303894
1785280534.0541453,12560,1.349821925163269
1785280534.2672763,12561,1.2909177541732788
1785280534.4776392,12562,1.3738439083099365
1785280534.6914055,12563,1.2906912565231323
1785280534.9038064,12564,1.7499586343765259
1785280535.113942,12565,1.5481343269348145
1785280535.3241873,12566,1.4350404739379883
1785280535.5560048,12567,1.3730612993240356
1785280535.7822602,12568,1.2775036096572876
1785280536.0284204,12569,1.2907689809799194
1785280536.2405508,12570,1.392285704612732
1785280536.478902,12571,1.753378987312317
1785280536.6930816,12572,1.501720905303955
1785280536.9091966,12573,1.295771598815918
1785280537.1260433,12574,1.6484543085098267
1785280537.3359673,12575,1.315140724182129
1785280537.5535886,12576,1.3915903568267822
1785280537.802305,12577,1.4189701080322266
1785280538.022327,12578,1.4349983930587769
1785280538.2431424,12579,1.366733431816101
1785280538.648193,12580,1.318691372871399
1785280539.1173556,12581,1.3646011352539062
1785280539.5407038,12582,1.351165771484375
1785280539.95004,12583,1.726194143295288
1785280540.300828,12584,1.3315210342407227
1785280540.5122535,12585,1.483299732208252
1785280540.727073,12586,1.3960866928100586
1785280540.9468813,12587,1.369492530822754
1785280541.173311,12588,1.2861697673797607
1785280541.389049,12589,1.8867273330688477
1785280541.5997639,12590,1.9120657444000244
1785280541.8233876,12591,1.3139550685882568
1785280542.044583,12592,1.5597409009933472
1785280542.2560716,12593,1.3159502744674683
1785280542.4820209,12594,1.5377392768859863
1785280542.6947656,12595,1.3292410373687744
1785280542.9164784,12596,1.683351755142212
1785280543.1361458,12597,1.329567551612854
1785280543.3468447,12598,1.253372073173523
1785280543.5597317,12599,1.6080764532089233
1785280543.7872121,12600,1.503724217414856
1785280544.0004528,12601,1.5521756410598755
1785280544.2165277,12602,1.3007595539093018
1785280544.4355295,12603,1.8949153423309326
1785280544.6501944,12604,1.2632993459701538
1785280544.8921132,12605,1.656690001487732
1785280545.1248531,12606,1.3773508071899414
1785280545.347287,12607,1.2688630819320679
1785280545.5804412,12608,1.4730210304260254
1785280545.7959232,12609,1.3143396377563477
1785280546.0136185,12610,1.3412249088287354
1785280546.2471523,12611,1.5517611503601074
1785280546.4933798,12612,1.7145066261291504
1785280546.8835485,12613,1.458086609840393
1785280547.286958,12614,1.3724370002746582
1785280547.684372,12615,1.5024453401565552
1785280548.0818155,12616,1.6789186000823975
1785280548.3323262,12617,1.7230403423309326
1785280548.5416021,12618,1.5892517566680908
1785280548.7546194,12619,1.4124747514724731
1785280548.9691827,12620,1.294656753540039
1785280549.1811247,12621,1.2783198356628418
1785280549.3969576,12622,1.379704475402832
1785280549.623326,12623,2.1801323890686035
1785280549.8320558,12624,1.6265696287155151
1785280550.0462186,12625,1.3340849876403809
1785280550.2615929,12626,1.287843942642212
1785280550.4815612,12627,1.3979558944702148
1785280550.6931434,12628,1.2969504594802856
1785280550.9036913,12629,1.363065242767334
1785280551.1257343,12630,1.7975517511367798
1785280551.3421154,12631,1.3295483589172363
1785280551.5534468,12632,1.4333164691925049
1785280551.8622203,12633,1.4071987867355347
1785280552.104166,12634,1.5031388998031616
1785280552.329863,12635,1.2907377481460571
1785280552.547049,12636,1.5097647905349731
1785280552.7574751,12637,2.100036144256592
1785280553.147287,12638,1.309301495552063
1785280553.5657065,12639,1.3292057514190674
1785280553.9658887,12640,1.349436640739441
1785280554.3758245,12641,1.3570101261138916
1785280554.6594553,12642,1.3532928228378296
1785280554.9054732,12643,1.4018824100494385
1785280555.1375844,12644,1.3344963788986206
1785280555.3875678,12645,2.285327672958374
1785280555.6184201,12646,1.9458719491958618
1785280555.8273783,12647,1.7623891830444336
1785280556.051956,12648,1.8736244440078735
1785280556.2657065,12649,1.6169062852859497
1785280556.4809875,12650,1.3761812448501587
1785280556.6948278,12651,1.4493240118026733
1785280556.9107811,12652,1.6096408367156982
1785280557.1300616,12653,1.7466344833374023
1785280557.343731,12654,1.374558448791504
1785280557.5623634,12655,1.3104071617126465
1785280557.7734222,12656,1.6491482257843018
1785280557.9888308,12657,1.4650707244873047
1785280558.203738,12658,1.2958930730819702
1785280558.4254277,12659,1.3787792921066284
1785280558.6400163,12660,1.4576199054718018
1785280558.8603897,12661,1.4415959119796753
1785280559.068822,12662,1.3404362201690674
1785280559.2931328,12663,1.6733503341674805
1785280559.5134702,12664,1.337796926498413
1785280559.7280436,12665,1.3382205963134766
1785280560.1285312,12666,1.5434561967849731
1785280560.5250971,12667,1.6242094039916992
1785280560.913951,12668,1.3180606365203857
1785280561.3119357,12669,1.3410208225250244
1785280561.7266977,12670,1.4683990478515625
1785280561.9400363,12671,1.4784109592437744
1785280562.158089,12672,1.629617691040039
1785280562.3722134,12673,1.35325288772583
1785280562.585163,12674,1.4109996557235718
1785280562.8015258,12675,1.3679258823394775
1785280563.0130718,12676,2.1924643516540527
1785280563.2304997,12677,1.3309407234191895
1785280563.446626,12678,1.3565744161605835
1785280563.6613317,12679,1.3292156457901
1785280563.8728378,12680,1.3548781871795654
1785280564.0976098,12681,1.3657692670822144
1785280564.3270993,12682,1.3893465995788574
1785280564.5369637,12683,1.7097432613372803
1785280564.751667,12684,1.4563498497009277
1785280564.966433,12685,1.4632000923156738
1785280565.1771173,12686,1.3931941986083984
1785280565.3944097,12687,1.392653226852417
1785280565.6178799,12688,1.4738539457321167
1785280565.836894,12689,1.45496666431427
1785280566.0585992,12690,1.319676160812378
1785280566.2755558,12691,1.3046226501464844
1785280566.497257,12692,1.2801927328109741
1785280566.7201576,12693,1.7720375061035156
1785280566.935638,12694,2.0764613151550293
1785280567.1481743,12695,1.6865923404693604
1785280567.386508,12696,1.5063676834106445
1785280567.597944,12697,1.3410276174545288
1785280567.8373187,12698,2.185006618499756
1785280568.1167076,12699,2.285684585571289
1785280568.5126238,12700,2.1449437141418457
1785280568.9160361,12701,1.387882947921753
1785280569.364859,12702,2.4079556465148926
1785280569.7591813,12703,1.4348578453063965
1785280569.9829288,12704,1.7017927169799805
1785280570.2066286,12705,1.4122406244277954
1785280570.4259734,12706,1.3213404417037964
1785280570.6435077,12707,1.5966615676879883
1785280570.8533437,12708,1.435380458831787
1785280571.069451,12709,1.5895092487335205
1785280571.283891,12710,1.468224287033081
1785280571.493704,12711,1.4481258392333984
1785280571.7020874,12712,1.4871726036071777
1785280571.9167342,12713,1.6057237386703491
1785280572.1456146,12714,1.5196202993392944
1785280572.369762,12715,1.3543387651443481
1785280572.5779624,12716,1.4645068645477295
1785280572.786261,12717,1.3767956495285034
1785280572.9944732,12718,1.516735315322876
1785280573.2100086,12719,1.3077409267425537
1785280573.4431603,12720,1.4530073404312134
1785280573.6596928,12721,1.3433375358581543
1785280573.8924978,12722,1.936398983001709
1785280574.1028059,12723,1.2793865203857422
1785280574.3193357,12724,1.592664122581482
1785280574.528862,12725,1.3248311281204224
1785280574.74047,12726,1.5471341609954834
1785280574.9669917,12727,1.3834795951843262
1785280575.1980443,12728,2.9450345039367676
1785280575.4115906,12729,1.9583263397216797
1785280575.6202233,12730,1.5029494762420654
1785280575.8370743,12731,1.299983263015747
1785280576.04781,12732,1.2903010845184326
1785280576.2578998,12733,1.8028225898742676
1785280576.4790661,12734,1.5604076385498047
1785280576.7913573,12735,1.4382667541503906
1785280577.302604,12736,1.2877845764160156
1785280577.8066392,12737,1.4848353862762451
1785280578.2009146,12738,1.6439129114151
1785280578.538955,12739,1.2720986604690552
1785280578.7747068,12740,1.655876874923706
1785280579.019292,12741,1.4019830226898193
1785280579.2348418,12742,1.365485429763794
1785280579.45356,12743,1.6345593929290771
1785280579.6776395,12744,1.3651776313781738
1785280579.8888998,12745,1.4845919609069824
1785280580.1164012,12746,1.6951487064361572
1785280580.33687,12747,1.3039723634719849
1785280580.558555,12748,1.2667759656906128
1785280580.7725422,12749,1.36182701587677
1785280580.9852679,12750,1.3812285661697388
1785280581.2098157,12751,1.5429213047027588
1785280581.432059,12752,1.2666664123535156
1785280581.6557257,12753,1.351851224899292
1785280581.883731,12754,1.644631266593933
1785280582.3214695,12755,1.4392027854919434
1785280582.725516,12756,1.4245587587356567
1785280583.1341207,12757,2.052645206451416
1785280583.5360527,12758,1.613692045211792
1785280583.7462237,12759,1.3519009351730347
1785280583.96242,12760,1.6327037811279297
1785280584.186766,12761,1.3217486143112183
1785280584.4010425,12762,1.4325675964355469
1785280584.6115625,12763,1.3216456174850464
1785280584.8266206,12764,1.5974370241165161
1785280585.0500739,12765,1.3995774984359741
1785280585.3058257,12766,1.3363417387008667
1785280585.5249307,12767,1.4509775638580322
1785280585.7390966,12768,2.0326809883117676
1785280585.9584532,12769,1.2663346529006958
1785280586.1721692,12770,1.3489482402801514
1785280586.3842762,12771,1.5138486623764038
1785280586.5994985,12772,1.302830696105957
1785280586.813589,12773,1.4373550415039062
1785280587.0258243,12774,1.4343277215957642
1785280587.2365062,12775,1.45316481590271
1785280587.4452305,12776,1.7429373264312744
1785280587.6536224,12777,1.9437603950500488
1785280587.8630936,12778,1.2883740663528442
1785280588.0770547,12779,1.3649330139160156
1785280588.3057058,12780,1.6441764831542969
1785280588.5233443,12781,1.324148178100586
1785280588.7340922,12782,1.4259480237960815
1785280588.9531152,12783,1.6768828630447388
1785280589.1778286,12784,1.4523327350616455
1785280589.3866491,12785,1.3285784721374512
1785280589.597955,12786,1.4789776802062988
1785280590.0186458,12787,1.3431587219238281
1785280590.4645946,12788,1.4678244590759277
1785280590.9136949,12789,1.3279401063919067
1785280591.4202616,12790,1.44923996925354
1785280591.686868,12791,1.8037867546081543
1785280591.9010193,12792,2.0054128170013428
1785280592.121036,12793,1.39887535572052
1785280592.3376005,12794,1.2696682214736938
1785280592.5542526,12795,1.5362842082977295
1785280592.7665057,12796,1.2894563674926758
1785280592.9769275,12797,1.439657211303711
1785280593.194989,12798,1.3871314525604248
1785280593.403348,12799,1.3925453424453735
1785280593.6154428,12800,2.7712342739105225
1785280593.8430057,12801,1.372395634651184
1785280594.062713,12802,1.4140911102294922
1785280594.279107,12803,1.9603407382965088
1785280594.492519,12804,1.3452355861663818
1785280594.7051475,12805,1.3436394929885864
1785280594.9261482,12806,1.3890273571014404
1785280595.1625907,12807,1.658768653869629
1785280595.3927498,12808,2.0141220092773438
1785280595.6070778,12809,1.7256746292114258
1785280596.0213957,12810,2.4031269550323486
1785280596.4819176,12811,1.3317818641662598
1785280596.9371307,12812,1.3040987253189087
1785280597.3880308,12813,1.6398811340332031
1785280597.6082935,12814,1.3442190885543823
1785280597.8276048,12815,1.4794639348983765
1785280598.0510957,12816,1.3437987565994263
1785280598.2866204,12817,1.3472243547439575
1785280598.5120473,12818,1.3107722997665405
1785280598.7301724,12819,1.3293408155441284
1785280598.9403822,12820,1.314755916595459
1785280599.1559224,12821,1.6826984882354736
1785280599.3657482,12822,1.3836817741394043
1785280599.6087902,12823,1.4253557920455933
1785280599.825848,12824,1.5464482307434082
1785280600.0433748,12825,1.3370572328567505
1785280600.2652285,12826,1.5006972551345825
1785280600.501654,12827,1.6867870092391968
1785280600.7137895,12828,1.5722038745880127
1785280600.9265146,12829,1.9242461919784546
1785280601.1534574,12830,1.6368217468261719
1785280601.373967,12831,1.4616708755493164
1785280601.7703493,12832,1.3538436889648438
1785280602.17599,12833,1.7547550201416016
1785280602.68162,12834,1.3887170553207397
1785280603.08687,12835,1.3945016860961914
1785280603.4735057,12836,1.5988335609436035
1785280603.693288,12837,1.3223017454147339
1785280603.9365094,12838,1.3502709865570068
1785280604.1520953,12839,1.4921921491622925
1785280604.3634398,12840,1.3654162883758545
1785280604.5740285,12841,1.5290307998657227
1785280604.798084,12842,1.439082145690918
1785280605.0183592,12843,1.3411927223205566
1785280605.2417712,12844,1.4389925003051758
1785280605.4768403,12845,1.5752711296081543
1785280605.6908185,12846,1.3952281475067139
1785280605.9403296,12847,1.4819846153259277
1785280606.1815898,12848,1.3559901714324951
1785280606.5001724,12849,1.3446927070617676
1785280606.7292738,12850,1.5583491325378418
1785280606.9713087,12851,1.3103880882263184
1785280607.2895265,12852,1.3948343992233276
1785280607.7334948,12853,1.5367131233215332
1785280608.2020617,12854,1.5076773166656494
1785280608.668631,12855,1.615064024925232
1785280608.8888636,12856,1.3315064907073975
1785280609.1107802,12857,1.2834019660949707
1785280609.322051,12858,1.4206962585449219
1785280609.5347474,12859,1.296675205230713
1785280609.7444751,12860,1.5346224308013916
1785280609.959686,12861,1.3394256830215454
1785280610.1746085,12862,1.3443801403045654
1785280610.397922,12863,1.7094359397888184
1785280610.6058056,12864,1.4541423320770264
1785280610.8358116,12865,1.9159353971481323
1785280611.0548007,12866,1.5109976530075073
1785280611.2751303,12867,1.7815210819244385
1785280611.4922564,12868,1.5494264364242554
1785280611.7358098,12869,1.7243866920471191
1785280611.9528353,12870,1.3444842100143433
1785280612.1616066,12871,1.5607950687408447
1785280612.3804977,12872,1.570995569229126
1785280612.6071336,12873,1.759948968887329
1785280612.8307567,12874,1.4426157474517822
1785280613.2381816,12875,1.7114092111587524
1785280613.669738,12876,1.4373393058776855
1785280614.0918193,12877,1.6602534055709839
1785280614.5651555,12878,1.5040433406829834
1785280614.840402,12879,1.6013833284378052
1785280615.0626404,12880,1.5177714824676514
1785280615.2948587,12881,1.3062708377838135
1785280615.515316,12882,1.3639676570892334
1785280615.7324758,12883,1.3147982358932495
1785280615.9449387,12884,1.4607192277908325
1785280616.163146,12885,1.3063766956329346
1785280616.376712,12886,1.7276852130889893
1785280616.597831,12887,1.7581448554992676
1785280616.8125055,12888,1.4769387245178223
1785280617.0474322,12889,1.3642537593841553
1785280617.2632916,12890,1.3224741220474243
1785280617.4971979,12891,1.3205746412277222
1785280617.71761,12892,1.2851616144180298
1785280617.9345758,12893,1.4298049211502075
1785280618.3819284,12894,1.722989559173584
1785280618.8164735,12895,1.4787460565567017
1785280619.3131495,12896,1.337416410446167
1785280619.705947,12897,1.399169921875
1785280619.943557,12898,1.3667727708816528
1785280620.1782696,12899,1.510854721069336
1785280620.406992,12900,1.3310446739196777
1785280620.6450627,12901,1.8881815671920776
1785280620.8862033,12902,1.3056480884552002
1785280621.1275058,12903,1.4185256958007812
1785280621.335547,12904,1.314718246459961
1785280621.5624454,12905,1.4104602336883545
1785280621.7772527,12906,1.3142520189285278
1785280621.9974754,12907,1.377202033996582
1785280622.205419,12908,1.5791335105895996
1785280622.416782,12909,1.3980679512023926
1785280622.6307504,12910,1.3256453275680542
1785280622.8478265,12911,1.3327442407608032
1785280623.0640285,12912,1.3043363094329834
1785280623.2889135,12913,1.3981770277023315
1785280623.5011747,12914,1.3326021432876587
1785280623.7296178,12915,1.5414315462112427
1785280623.93908,12916,2.4696927070617676
1785280624.2489638,12917,1.467713475227356
1785280624.662066,12918,1.7683706283569336
1785280625.1117013,12919,1.512948751449585
1785280625.5495825,12920,1.3462471961975098
